run_id,config_id,repeat,step,tag,ppo_epoch,mini_batch,micro_batch,gpu_allocated_gb,gpu_reserved_gb,gpu_peak_allocated_gb,gpu_peak_reserved_gb,gpu_device_used_gb,gpu_active_gb,gpu_inactive_split_gb,gpu_allocation_retries,gpu_oom_count,cpu_rss_gb,parameter_placement,gradient_placement,optimizer_placement
FP32-FINAL-CPU-BEST-r1,FP32-FINAL-CPU-BEST,1,3,actor_update_policy_start,,,,5.768864154815674,5.876953125,5.768864154815674,5.876953125,6.2100830078125,5.768864154815674,0.10808897018432617,0,0,34.92704772949219,"{""cuda:torch.float32"": 5.750783920288086}",{},"{""exp_avg:cpu:torch.float32"": 5.750783920288086, ""exp_avg_sq:cpu:torch.float32"": 5.750783920288086, ""step:cpu:torch.float32"": 1.259148120880127e-06}"
FP32-FINAL-CPU-BEST-r1,FP32-FINAL-CPU-BEST,1,3,actor_forward_start,0,0,0,5.768864154815674,5.876953125,5.768864154815674,5.876953125,6.2100830078125,5.768864154815674,0.10808897018432617,0,0,34.92704772949219,"{""cuda:torch.float32"": 5.750783920288086}",{},"{""exp_avg:cpu:torch.float32"": 5.750783920288086, ""exp_avg_sq:cpu:torch.float32"": 5.750783920288086, ""step:cpu:torch.float32"": 1.259148120880127e-06}"
FP32-FINAL-CPU-BEST-r1,FP32-FINAL-CPU-BEST,1,3,actor_forward_end,0,0,0,6.344898700714111,6.5859375,6.381992816925049,6.5859375,6.9190673828125,6.344898700714111,0.11799192428588867,0,0,34.92716979980469,"{""cuda:torch.float32"": 5.750783920288086}",{},"{""exp_avg:cpu:torch.float32"": 5.750783920288086, ""exp_avg_sq:cpu:torch.float32"": 5.750783920288086, ""step:cpu:torch.float32"": 1.259148120880127e-06}"
FP32-FINAL-CPU-BEST-r1,FP32-FINAL-CPU-BEST,1,3,actor_backward_end,0,0,0,5.76889181137085,10.11328125,8.377046585083008,10.11328125,10.4464111328125,5.76889181137085,0.10806131362915039,0,0,40.19169616699219,"{""cuda:torch.float32"": 5.750783920288086}",{},"{""exp_avg:cpu:torch.float32"": 5.750783920288086, ""exp_avg_sq:cpu:torch.float32"": 5.750783920288086, ""step:cpu:torch.float32"": 1.259148120880127e-06}"
FP32-FINAL-CPU-BEST-r1,FP32-FINAL-CPU-BEST,1,3,actor_optimizer_start,0,0,,5.768880367279053,10.11328125,8.377046585083008,10.11328125,10.4464111328125,5.768880367279053,0.10807275772094727,0,0,40.19169616699219,"{""cuda:torch.float32"": 5.750783920288086}",{},"{""exp_avg:cpu:torch.float32"": 5.750783920288086, ""exp_avg_sq:cpu:torch.float32"": 5.750783920288086, ""step:cpu:torch.float32"": 1.259148120880127e-06}"
FP32-FINAL-CPU-BEST-r1,FP32-FINAL-CPU-BEST,1,3,actor_optimizer_end,0,0,,5.768880367279053,10.11328125,8.377046585083008,10.11328125,10.4464111328125,5.768880367279053,0.10807275772094727,0,0,34.927574157714844,"{""cuda:torch.float32"": 5.750783920288086}",{},"{""exp_avg:cpu:torch.float32"": 5.750783920288086, ""exp_avg_sq:cpu:torch.float32"": 5.750783920288086, ""step:cpu:torch.float32"": 1.259148120880127e-06}"
FP32-FINAL-CPU-BEST-r1,FP32-FINAL-CPU-BEST,1,3,actor_update_cleanup,,,,5.768880367279053,10.11328125,8.377046585083008,10.11328125,10.4464111328125,5.768880367279053,0.10807275772094727,0,0,34.927574157714844,"{""cuda:torch.float32"": 5.750783920288086}",{},"{""exp_avg:cpu:torch.float32"": 5.750783920288086, ""exp_avg_sq:cpu:torch.float32"": 5.750783920288086, ""step:cpu:torch.float32"": 1.259148120880127e-06}"
FP32-FINAL-CPU-BEST-r1,FP32-FINAL-CPU-BEST,1,4,actor_update_policy_start,,,,5.768864154815674,5.876953125,5.768864154815674,5.876953125,6.2100830078125,5.768864154815674,0.10808897018432617,0,0,34.927696228027344,"{""cuda:torch.float32"": 5.750783920288086}",{},"{""exp_avg:cpu:torch.float32"": 5.750783920288086, ""exp_avg_sq:cpu:torch.float32"": 5.750783920288086, ""step:cpu:torch.float32"": 1.259148120880127e-06}"
FP32-FINAL-CPU-BEST-r1,FP32-FINAL-CPU-BEST,1,4,actor_forward_start,0,0,0,5.768864154815674,5.876953125,5.768864154815674,5.876953125,6.2100830078125,5.768864154815674,0.10808897018432617,0,0,34.927696228027344,"{""cuda:torch.float32"": 5.750783920288086}",{},"{""exp_avg:cpu:torch.float32"": 5.750783920288086, ""exp_avg_sq:cpu:torch.float32"": 5.750783920288086, ""step:cpu:torch.float32"": 1.259148120880127e-06}"
FP32-FINAL-CPU-BEST-r1,FP32-FINAL-CPU-BEST,1,4,actor_forward_end,0,0,0,6.344898700714111,6.5859375,6.381992816925049,6.5859375,6.9190673828125,6.344898700714111,0.11799192428588867,0,0,34.927696228027344,"{""cuda:torch.float32"": 5.750783920288086}",{},"{""exp_avg:cpu:torch.float32"": 5.750783920288086, ""exp_avg_sq:cpu:torch.float32"": 5.750783920288086, ""step:cpu:torch.float32"": 1.259148120880127e-06}"
FP32-FINAL-CPU-BEST-r1,FP32-FINAL-CPU-BEST,1,4,actor_backward_end,0,0,0,5.76889181137085,10.11328125,8.377046585083008,10.11328125,10.4464111328125,5.76889181137085,0.10806131362915039,0,0,40.183433532714844,"{""cuda:torch.float32"": 5.750783920288086}",{},"{""exp_avg:cpu:torch.float32"": 5.750783920288086, ""exp_avg_sq:cpu:torch.float32"": 5.750783920288086, ""step:cpu:torch.float32"": 1.259148120880127e-06}"
FP32-FINAL-CPU-BEST-r1,FP32-FINAL-CPU-BEST,1,4,actor_optimizer_start,0,0,,5.768880367279053,10.11328125,8.377046585083008,10.11328125,10.4464111328125,5.768880367279053,0.10807275772094727,0,0,40.183433532714844,"{""cuda:torch.float32"": 5.750783920288086}",{},"{""exp_avg:cpu:torch.float32"": 5.750783920288086, ""exp_avg_sq:cpu:torch.float32"": 5.750783920288086, ""step:cpu:torch.float32"": 1.259148120880127e-06}"
FP32-FINAL-CPU-BEST-r1,FP32-FINAL-CPU-BEST,1,4,actor_optimizer_end,0,0,,5.768880367279053,10.11328125,8.377046585083008,10.11328125,10.4464111328125,5.768880367279053,0.10807275772094727,0,0,34.98971939086914,"{""cuda:torch.float32"": 5.750783920288086}",{},"{""exp_avg:cpu:torch.float32"": 5.750783920288086, ""exp_avg_sq:cpu:torch.float32"": 5.750783920288086, ""step:cpu:torch.float32"": 1.259148120880127e-06}"
FP32-FINAL-CPU-BEST-r1,FP32-FINAL-CPU-BEST,1,4,actor_update_cleanup,,,,5.768880367279053,10.11328125,8.377046585083008,10.11328125,10.4464111328125,5.768880367279053,0.10807275772094727,0,0,34.98971939086914,"{""cuda:torch.float32"": 5.750783920288086}",{},"{""exp_avg:cpu:torch.float32"": 5.750783920288086, ""exp_avg_sq:cpu:torch.float32"": 5.750783920288086, ""step:cpu:torch.float32"": 1.259148120880127e-06}"
FP32-FINAL-CPU-BEST-r1,FP32-FINAL-CPU-BEST,1,5,actor_update_policy_start,,,,5.768864154815674,5.876953125,5.768864154815674,5.876953125,6.2100830078125,5.768864154815674,0.10808897018432617,0,0,34.98984146118164,"{""cuda:torch.float32"": 5.750783920288086}",{},"{""exp_avg:cpu:torch.float32"": 5.750783920288086, ""exp_avg_sq:cpu:torch.float32"": 5.750783920288086, ""step:cpu:torch.float32"": 1.259148120880127e-06}"
FP32-FINAL-CPU-BEST-r1,FP32-FINAL-CPU-BEST,1,5,actor_forward_start,0,0,0,5.768864154815674,5.876953125,5.768864154815674,5.876953125,6.2100830078125,5.768864154815674,0.10808897018432617,0,0,34.98984146118164,"{""cuda:torch.float32"": 5.750783920288086}",{},"{""exp_avg:cpu:torch.float32"": 5.750783920288086, ""exp_avg_sq:cpu:torch.float32"": 5.750783920288086, ""step:cpu:torch.float32"": 1.259148120880127e-06}"
FP32-FINAL-CPU-BEST-r1,FP32-FINAL-CPU-BEST,1,5,actor_forward_end,0,0,0,6.344898700714111,6.5859375,6.381992816925049,6.5859375,6.9190673828125,6.344898700714111,0.11799192428588867,0,0,34.98984146118164,"{""cuda:torch.float32"": 5.750783920288086}",{},"{""exp_avg:cpu:torch.float32"": 5.750783920288086, ""exp_avg_sq:cpu:torch.float32"": 5.750783920288086, ""step:cpu:torch.float32"": 1.259148120880127e-06}"
FP32-FINAL-CPU-BEST-r1,FP32-FINAL-CPU-BEST,1,5,actor_backward_end,0,0,0,5.76889181137085,10.11328125,8.377046585083008,10.11328125,10.4464111328125,5.76889181137085,0.10806131362915039,0,0,40.15903091430664,"{""cuda:torch.float32"": 5.750783920288086}",{},"{""exp_avg:cpu:torch.float32"": 5.750783920288086, ""exp_avg_sq:cpu:torch.float32"": 5.750783920288086, ""step:cpu:torch.float32"": 1.259148120880127e-06}"
FP32-FINAL-CPU-BEST-r1,FP32-FINAL-CPU-BEST,1,5,actor_optimizer_start,0,0,,5.768880367279053,10.11328125,8.377046585083008,10.11328125,10.4464111328125,5.768880367279053,0.10807275772094727,0,0,40.15903091430664,"{""cuda:torch.float32"": 5.750783920288086}",{},"{""exp_avg:cpu:torch.float32"": 5.750783920288086, ""exp_avg_sq:cpu:torch.float32"": 5.750783920288086, ""step:cpu:torch.float32"": 1.259148120880127e-06}"
FP32-FINAL-CPU-BEST-r1,FP32-FINAL-CPU-BEST,1,5,actor_optimizer_end,0,0,,5.768880367279053,10.11328125,8.377046585083008,10.11328125,10.4464111328125,5.768880367279053,0.10807275772094727,0,0,34.91991424560547,"{""cuda:torch.float32"": 5.750783920288086}",{},"{""exp_avg:cpu:torch.float32"": 5.750783920288086, ""exp_avg_sq:cpu:torch.float32"": 5.750783920288086, ""step:cpu:torch.float32"": 1.259148120880127e-06}"
FP32-FINAL-CPU-BEST-r1,FP32-FINAL-CPU-BEST,1,5,actor_update_cleanup,,,,5.768880367279053,10.11328125,8.377046585083008,10.11328125,10.4464111328125,5.768880367279053,0.10807275772094727,0,0,34.91991424560547,"{""cuda:torch.float32"": 5.750783920288086}",{},"{""exp_avg:cpu:torch.float32"": 5.750783920288086, ""exp_avg_sq:cpu:torch.float32"": 5.750783920288086, ""step:cpu:torch.float32"": 1.259148120880127e-06}"
FP32-FINAL-CPU-BEST-r1,FP32-FINAL-CPU-BEST,1,6,actor_update_policy_start,,,,5.768864154815674,5.876953125,5.768864154815674,5.876953125,6.2100830078125,5.768864154815674,0.10808897018432617,0,0,34.92003631591797,"{""cuda:torch.float32"": 5.750783920288086}",{},"{""exp_avg:cpu:torch.float32"": 5.750783920288086, ""exp_avg_sq:cpu:torch.float32"": 5.750783920288086, ""step:cpu:torch.float32"": 1.259148120880127e-06}"
FP32-FINAL-CPU-BEST-r1,FP32-FINAL-CPU-BEST,1,6,actor_forward_start,0,0,0,5.768864154815674,5.876953125,5.768864154815674,5.876953125,6.2100830078125,5.768864154815674,0.10808897018432617,0,0,34.92003631591797,"{""cuda:torch.float32"": 5.750783920288086}",{},"{""exp_avg:cpu:torch.float32"": 5.750783920288086, ""exp_avg_sq:cpu:torch.float32"": 5.750783920288086, ""step:cpu:torch.float32"": 1.259148120880127e-06}"
FP32-FINAL-CPU-BEST-r1,FP32-FINAL-CPU-BEST,1,6,actor_forward_end,0,0,0,6.344898700714111,6.5859375,6.381992816925049,6.5859375,6.9190673828125,6.344898700714111,0.11799192428588867,0,0,34.92003631591797,"{""cuda:torch.float32"": 5.750783920288086}",{},"{""exp_avg:cpu:torch.float32"": 5.750783920288086, ""exp_avg_sq:cpu:torch.float32"": 5.750783920288086, ""step:cpu:torch.float32"": 1.259148120880127e-06}"
FP32-FINAL-CPU-BEST-r1,FP32-FINAL-CPU-BEST,1,6,actor_backward_end,0,0,0,5.76889181137085,10.11328125,8.377046585083008,10.11328125,10.4464111328125,5.76889181137085,0.10806131362915039,0,0,40.19310760498047,"{""cuda:torch.float32"": 5.750783920288086}",{},"{""exp_avg:cpu:torch.float32"": 5.750783920288086, ""exp_avg_sq:cpu:torch.float32"": 5.750783920288086, ""step:cpu:torch.float32"": 1.259148120880127e-06}"
FP32-FINAL-CPU-BEST-r1,FP32-FINAL-CPU-BEST,1,6,actor_optimizer_start,0,0,,5.768880367279053,10.11328125,8.377046585083008,10.11328125,10.4464111328125,5.768880367279053,0.10807275772094727,0,0,40.19310760498047,"{""cuda:torch.float32"": 5.750783920288086}",{},"{""exp_avg:cpu:torch.float32"": 5.750783920288086, ""exp_avg_sq:cpu:torch.float32"": 5.750783920288086, ""step:cpu:torch.float32"": 1.259148120880127e-06}"
FP32-FINAL-CPU-BEST-r1,FP32-FINAL-CPU-BEST,1,6,actor_optimizer_end,0,0,,5.768880367279053,10.11328125,8.377046585083008,10.11328125,10.4464111328125,5.768880367279053,0.10807275772094727,0,0,34.99056625366211,"{""cuda:torch.float32"": 5.750783920288086}",{},"{""exp_avg:cpu:torch.float32"": 5.750783920288086, ""exp_avg_sq:cpu:torch.float32"": 5.750783920288086, ""step:cpu:torch.float32"": 1.259148120880127e-06}"
FP32-FINAL-CPU-BEST-r1,FP32-FINAL-CPU-BEST,1,6,actor_update_cleanup,,,,5.768880367279053,10.11328125,8.377046585083008,10.11328125,10.4464111328125,5.768880367279053,0.10807275772094727,0,0,34.99056625366211,"{""cuda:torch.float32"": 5.750783920288086}",{},"{""exp_avg:cpu:torch.float32"": 5.750783920288086, ""exp_avg_sq:cpu:torch.float32"": 5.750783920288086, ""step:cpu:torch.float32"": 1.259148120880127e-06}"
FP32-FINAL-CPU-BEST-r1,FP32-FINAL-CPU-BEST,1,7,actor_update_policy_start,,,,5.768864154815674,5.876953125,5.768864154815674,5.876953125,6.2100830078125,5.768864154815674,0.10808897018432617,0,0,34.99056625366211,"{""cuda:torch.float32"": 5.750783920288086}",{},"{""exp_avg:cpu:torch.float32"": 5.750783920288086, ""exp_avg_sq:cpu:torch.float32"": 5.750783920288086, ""step:cpu:torch.float32"": 1.259148120880127e-06}"
FP32-FINAL-CPU-BEST-r1,FP32-FINAL-CPU-BEST,1,7,actor_forward_start,0,0,0,5.768864154815674,5.876953125,5.768864154815674,5.876953125,6.2100830078125,5.768864154815674,0.10808897018432617,0,0,34.99056625366211,"{""cuda:torch.float32"": 5.750783920288086}",{},"{""exp_avg:cpu:torch.float32"": 5.750783920288086, ""exp_avg_sq:cpu:torch.float32"": 5.750783920288086, ""step:cpu:torch.float32"": 1.259148120880127e-06}"
FP32-FINAL-CPU-BEST-r1,FP32-FINAL-CPU-BEST,1,7,actor_forward_end,0,0,0,6.344898700714111,6.5859375,6.381992816925049,6.5859375,6.9190673828125,6.344898700714111,0.11799192428588867,0,0,34.929100036621094,"{""cuda:torch.float32"": 5.750783920288086}",{},"{""exp_avg:cpu:torch.float32"": 5.750783920288086, ""exp_avg_sq:cpu:torch.float32"": 5.750783920288086, ""step:cpu:torch.float32"": 1.259148120880127e-06}"
FP32-FINAL-CPU-BEST-r1,FP32-FINAL-CPU-BEST,1,7,actor_backward_end,0,0,0,5.76889181137085,10.11328125,8.377046585083008,10.11328125,10.4464111328125,5.76889181137085,0.10806131362915039,0,0,40.202415466308594,"{""cuda:torch.float32"": 5.750783920288086}",{},"{""exp_avg:cpu:torch.float32"": 5.750783920288086, ""exp_avg_sq:cpu:torch.float32"": 5.750783920288086, ""step:cpu:torch.float32"": 1.259148120880127e-06}"
FP32-FINAL-CPU-BEST-r1,FP32-FINAL-CPU-BEST,1,7,actor_optimizer_start,0,0,,5.768880367279053,10.11328125,8.377046585083008,10.11328125,10.4464111328125,5.768880367279053,0.10807275772094727,0,0,40.202415466308594,"{""cuda:torch.float32"": 5.750783920288086}",{},"{""exp_avg:cpu:torch.float32"": 5.750783920288086, ""exp_avg_sq:cpu:torch.float32"": 5.750783920288086, ""step:cpu:torch.float32"": 1.259148120880127e-06}"
FP32-FINAL-CPU-BEST-r1,FP32-FINAL-CPU-BEST,1,7,actor_optimizer_end,0,0,,5.768880367279053,10.11328125,8.377046585083008,10.11328125,10.4464111328125,5.768880367279053,0.10807275772094727,0,0,34.99115753173828,"{""cuda:torch.float32"": 5.750783920288086}",{},"{""exp_avg:cpu:torch.float32"": 5.750783920288086, ""exp_avg_sq:cpu:torch.float32"": 5.750783920288086, ""step:cpu:torch.float32"": 1.259148120880127e-06}"
FP32-FINAL-CPU-BEST-r1,FP32-FINAL-CPU-BEST,1,7,actor_update_cleanup,,,,5.768880367279053,10.11328125,8.377046585083008,10.11328125,10.4464111328125,5.768880367279053,0.10807275772094727,0,0,34.99115753173828,"{""cuda:torch.float32"": 5.750783920288086}",{},"{""exp_avg:cpu:torch.float32"": 5.750783920288086, ""exp_avg_sq:cpu:torch.float32"": 5.750783920288086, ""step:cpu:torch.float32"": 1.259148120880127e-06}"
FP32-FINAL-CPU-BEST-r1,FP32-FINAL-CPU-BEST,1,8,actor_update_policy_start,,,,5.768864154815674,5.876953125,5.768864154815674,5.876953125,6.2100830078125,5.768864154815674,0.10808897018432617,0,0,34.929630279541016,"{""cuda:torch.float32"": 5.750783920288086}",{},"{""exp_avg:cpu:torch.float32"": 5.750783920288086, ""exp_avg_sq:cpu:torch.float32"": 5.750783920288086, ""step:cpu:torch.float32"": 1.259148120880127e-06}"
FP32-FINAL-CPU-BEST-r1,FP32-FINAL-CPU-BEST,1,8,actor_forward_start,0,0,0,5.768864154815674,5.876953125,5.768864154815674,5.876953125,6.2100830078125,5.768864154815674,0.10808897018432617,0,0,34.929630279541016,"{""cuda:torch.float32"": 5.750783920288086}",{},"{""exp_avg:cpu:torch.float32"": 5.750783920288086, ""exp_avg_sq:cpu:torch.float32"": 5.750783920288086, ""step:cpu:torch.float32"": 1.259148120880127e-06}"
FP32-FINAL-CPU-BEST-r1,FP32-FINAL-CPU-BEST,1,8,actor_forward_end,0,0,0,6.344898700714111,6.5859375,6.381992816925049,6.5859375,6.9190673828125,6.344898700714111,0.11799192428588867,0,0,34.929630279541016,"{""cuda:torch.float32"": 5.750783920288086}",{},"{""exp_avg:cpu:torch.float32"": 5.750783920288086, ""exp_avg_sq:cpu:torch.float32"": 5.750783920288086, ""step:cpu:torch.float32"": 1.259148120880127e-06}"
FP32-FINAL-CPU-BEST-r1,FP32-FINAL-CPU-BEST,1,8,actor_backward_end,0,0,0,5.76889181137085,10.11328125,8.377046585083008,10.11328125,10.4464111328125,5.76889181137085,0.10806131362915039,0,0,40.185245513916016,"{""cuda:torch.float32"": 5.750783920288086}",{},"{""exp_avg:cpu:torch.float32"": 5.750783920288086, ""exp_avg_sq:cpu:torch.float32"": 5.750783920288086, ""step:cpu:torch.float32"": 1.259148120880127e-06}"
FP32-FINAL-CPU-BEST-r1,FP32-FINAL-CPU-BEST,1,8,actor_optimizer_start,0,0,,5.768880367279053,10.11328125,8.377046585083008,10.11328125,10.4464111328125,5.768880367279053,0.10807275772094727,0,0,40.185245513916016,"{""cuda:torch.float32"": 5.750783920288086}",{},"{""exp_avg:cpu:torch.float32"": 5.750783920288086, ""exp_avg_sq:cpu:torch.float32"": 5.750783920288086, ""step:cpu:torch.float32"": 1.259148120880127e-06}"
FP32-FINAL-CPU-BEST-r1,FP32-FINAL-CPU-BEST,1,8,actor_optimizer_end,0,0,,5.768880367279053,10.11328125,8.377046585083008,10.11328125,10.4464111328125,5.768880367279053,0.10807275772094727,0,0,34.991493225097656,"{""cuda:torch.float32"": 5.750783920288086}",{},"{""exp_avg:cpu:torch.float32"": 5.750783920288086, ""exp_avg_sq:cpu:torch.float32"": 5.750783920288086, ""step:cpu:torch.float32"": 1.259148120880127e-06}"
FP32-FINAL-CPU-BEST-r1,FP32-FINAL-CPU-BEST,1,8,actor_update_cleanup,,,,5.768880367279053,10.11328125,8.377046585083008,10.11328125,10.4464111328125,5.768880367279053,0.10807275772094727,0,0,34.991493225097656,"{""cuda:torch.float32"": 5.750783920288086}",{},"{""exp_avg:cpu:torch.float32"": 5.750783920288086, ""exp_avg_sq:cpu:torch.float32"": 5.750783920288086, ""step:cpu:torch.float32"": 1.259148120880127e-06}"
FP32-FINAL-CPU-BEST-r1,FP32-FINAL-CPU-BEST,1,9,actor_update_policy_start,,,,5.768864154815674,5.876953125,5.768864154815674,5.876953125,6.2100830078125,5.768864154815674,0.10808897018432617,0,0,34.991493225097656,"{""cuda:torch.float32"": 5.750783920288086}",{},"{""exp_avg:cpu:torch.float32"": 5.750783920288086, ""exp_avg_sq:cpu:torch.float32"": 5.750783920288086, ""step:cpu:torch.float32"": 1.259148120880127e-06}"
FP32-FINAL-CPU-BEST-r1,FP32-FINAL-CPU-BEST,1,9,actor_forward_start,0,0,0,5.768864154815674,5.876953125,5.768864154815674,5.876953125,6.2100830078125,5.768864154815674,0.10808897018432617,0,0,34.991493225097656,"{""cuda:torch.float32"": 5.750783920288086}",{},"{""exp_avg:cpu:torch.float32"": 5.750783920288086, ""exp_avg_sq:cpu:torch.float32"": 5.750783920288086, ""step:cpu:torch.float32"": 1.259148120880127e-06}"
FP32-FINAL-CPU-BEST-r1,FP32-FINAL-CPU-BEST,1,9,actor_forward_end,0,0,0,6.344898700714111,6.5859375,6.381992816925049,6.5859375,6.9190673828125,6.344898700714111,0.11799192428588867,0,0,34.991493225097656,"{""cuda:torch.float32"": 5.750783920288086}",{},"{""exp_avg:cpu:torch.float32"": 5.750783920288086, ""exp_avg_sq:cpu:torch.float32"": 5.750783920288086, ""step:cpu:torch.float32"": 1.259148120880127e-06}"
FP32-FINAL-CPU-BEST-r1,FP32-FINAL-CPU-BEST,1,9,actor_backward_end,0,0,0,5.76889181137085,10.11328125,8.377046585083008,10.11328125,10.4464111328125,5.76889181137085,0.10806131362915039,0,0,40.160560607910156,"{""cuda:torch.float32"": 5.750783920288086}",{},"{""exp_avg:cpu:torch.float32"": 5.750783920288086, ""exp_avg_sq:cpu:torch.float32"": 5.750783920288086, ""step:cpu:torch.float32"": 1.259148120880127e-06}"
FP32-FINAL-CPU-BEST-r1,FP32-FINAL-CPU-BEST,1,9,actor_optimizer_start,0,0,,5.768880367279053,10.11328125,8.377046585083008,10.11328125,10.4464111328125,5.768880367279053,0.10807275772094727,0,0,40.160560607910156,"{""cuda:torch.float32"": 5.750783920288086}",{},"{""exp_avg:cpu:torch.float32"": 5.750783920288086, ""exp_avg_sq:cpu:torch.float32"": 5.750783920288086, ""step:cpu:torch.float32"": 1.259148120880127e-06}"
FP32-FINAL-CPU-BEST-r1,FP32-FINAL-CPU-BEST,1,9,actor_optimizer_end,0,0,,5.768880367279053,10.11328125,8.377046585083008,10.11328125,10.4464111328125,5.768880367279053,0.10807275772094727,0,0,34.98323440551758,"{""cuda:torch.float32"": 5.750783920288086}",{},"{""exp_avg:cpu:torch.float32"": 5.750783920288086, ""exp_avg_sq:cpu:torch.float32"": 5.750783920288086, ""step:cpu:torch.float32"": 1.259148120880127e-06}"
FP32-FINAL-CPU-BEST-r1,FP32-FINAL-CPU-BEST,1,9,actor_update_cleanup,,,,5.768880367279053,10.11328125,8.377046585083008,10.11328125,10.4464111328125,5.768880367279053,0.10807275772094727,0,0,34.98323440551758,"{""cuda:torch.float32"": 5.750783920288086}",{},"{""exp_avg:cpu:torch.float32"": 5.750783920288086, ""exp_avg_sq:cpu:torch.float32"": 5.750783920288086, ""step:cpu:torch.float32"": 1.259148120880127e-06}"
FP32-FINAL-CPU-BEST-r1,FP32-FINAL-CPU-BEST,1,10,actor_update_policy_start,,,,5.768864154815674,5.876953125,5.768864154815674,5.876953125,6.2100830078125,5.768864154815674,0.10808897018432617,0,0,34.98335647583008,"{""cuda:torch.float32"": 5.750783920288086}",{},"{""exp_avg:cpu:torch.float32"": 5.750783920288086, ""exp_avg_sq:cpu:torch.float32"": 5.750783920288086, ""step:cpu:torch.float32"": 1.259148120880127e-06}"
FP32-FINAL-CPU-BEST-r1,FP32-FINAL-CPU-BEST,1,10,actor_forward_start,0,0,0,5.768864154815674,5.876953125,5.768864154815674,5.876953125,6.2100830078125,5.768864154815674,0.10808897018432617,0,0,34.98335647583008,"{""cuda:torch.float32"": 5.750783920288086}",{},"{""exp_avg:cpu:torch.float32"": 5.750783920288086, ""exp_avg_sq:cpu:torch.float32"": 5.750783920288086, ""step:cpu:torch.float32"": 1.259148120880127e-06}"
FP32-FINAL-CPU-BEST-r1,FP32-FINAL-CPU-BEST,1,10,actor_forward_end,0,0,0,6.344898700714111,6.5859375,6.381992816925049,6.5859375,6.9190673828125,6.344898700714111,0.11799192428588867,0,0,34.98335647583008,"{""cuda:torch.float32"": 5.750783920288086}",{},"{""exp_avg:cpu:torch.float32"": 5.750783920288086, ""exp_avg_sq:cpu:torch.float32"": 5.750783920288086, ""step:cpu:torch.float32"": 1.259148120880127e-06}"
FP32-FINAL-CPU-BEST-r1,FP32-FINAL-CPU-BEST,1,10,actor_backward_end,0,0,0,5.76889181137085,10.11328125,8.377046585083008,10.11328125,10.4464111328125,5.76889181137085,0.10806131362915039,0,0,40.17024612426758,"{""cuda:torch.float32"": 5.750783920288086}",{},"{""exp_avg:cpu:torch.float32"": 5.750783920288086, ""exp_avg_sq:cpu:torch.float32"": 5.750783920288086, ""step:cpu:torch.float32"": 1.259148120880127e-06}"
FP32-FINAL-CPU-BEST-r1,FP32-FINAL-CPU-BEST,1,10,actor_optimizer_start,0,0,,5.768880367279053,10.11328125,8.377046585083008,10.11328125,10.4464111328125,5.768880367279053,0.10807275772094727,0,0,40.17024612426758,"{""cuda:torch.float32"": 5.750783920288086}",{},"{""exp_avg:cpu:torch.float32"": 5.750783920288086, ""exp_avg_sq:cpu:torch.float32"": 5.750783920288086, ""step:cpu:torch.float32"": 1.259148120880127e-06}"
FP32-FINAL-CPU-BEST-r1,FP32-FINAL-CPU-BEST,1,10,actor_optimizer_end,0,0,,5.768880367279053,10.11328125,8.377046585083008,10.11328125,10.4464111328125,5.768880367279053,0.10807275772094727,0,0,34.99273681640625,"{""cuda:torch.float32"": 5.750783920288086}",{},"{""exp_avg:cpu:torch.float32"": 5.750783920288086, ""exp_avg_sq:cpu:torch.float32"": 5.750783920288086, ""step:cpu:torch.float32"": 1.259148120880127e-06}"
FP32-FINAL-CPU-BEST-r1,FP32-FINAL-CPU-BEST,1,10,actor_update_cleanup,,,,5.768880367279053,10.11328125,8.377046585083008,10.11328125,10.4464111328125,5.768880367279053,0.10807275772094727,0,0,34.99273681640625,"{""cuda:torch.float32"": 5.750783920288086}",{},"{""exp_avg:cpu:torch.float32"": 5.750783920288086, ""exp_avg_sq:cpu:torch.float32"": 5.750783920288086, ""step:cpu:torch.float32"": 1.259148120880127e-06}"
FP32-FINAL-CPU-BEST-r1,FP32-FINAL-CPU-BEST,1,11,actor_update_policy_start,,,,5.768864154815674,5.876953125,5.768864154815674,5.876953125,6.2100830078125,5.768864154815674,0.10808897018432617,0,0,34.93113327026367,"{""cuda:torch.float32"": 5.750783920288086}",{},"{""exp_avg:cpu:torch.float32"": 5.750783920288086, ""exp_avg_sq:cpu:torch.float32"": 5.750783920288086, ""step:cpu:torch.float32"": 1.259148120880127e-06}"
FP32-FINAL-CPU-BEST-r1,FP32-FINAL-CPU-BEST,1,11,actor_forward_start,0,0,0,5.768864154815674,5.876953125,5.768864154815674,5.876953125,6.2100830078125,5.768864154815674,0.10808897018432617,0,0,34.93113327026367,"{""cuda:torch.float32"": 5.750783920288086}",{},"{""exp_avg:cpu:torch.float32"": 5.750783920288086, ""exp_avg_sq:cpu:torch.float32"": 5.750783920288086, ""step:cpu:torch.float32"": 1.259148120880127e-06}"
FP32-FINAL-CPU-BEST-r1,FP32-FINAL-CPU-BEST,1,11,actor_forward_end,0,0,0,6.344898700714111,6.5859375,6.381992816925049,6.5859375,6.9190673828125,6.344898700714111,0.11799192428588867,0,0,34.93113327026367,"{""cuda:torch.float32"": 5.750783920288086}",{},"{""exp_avg:cpu:torch.float32"": 5.750783920288086, ""exp_avg_sq:cpu:torch.float32"": 5.750783920288086, ""step:cpu:torch.float32"": 1.259148120880127e-06}"
FP32-FINAL-CPU-BEST-r1,FP32-FINAL-CPU-BEST,1,11,actor_backward_end,0,0,0,5.76889181137085,10.11328125,8.377046585083008,10.11328125,10.4464111328125,5.76889181137085,0.10806131362915039,0,0,40.17795944213867,"{""cuda:torch.float32"": 5.750783920288086}",{},"{""exp_avg:cpu:torch.float32"": 5.750783920288086, ""exp_avg_sq:cpu:torch.float32"": 5.750783920288086, ""step:cpu:torch.float32"": 1.259148120880127e-06}"
FP32-FINAL-CPU-BEST-r1,FP32-FINAL-CPU-BEST,1,11,actor_optimizer_start,0,0,,5.768880367279053,10.11328125,8.377046585083008,10.11328125,10.4464111328125,5.768880367279053,0.10807275772094727,0,0,40.17795944213867,"{""cuda:torch.float32"": 5.750783920288086}",{},"{""exp_avg:cpu:torch.float32"": 5.750783920288086, ""exp_avg_sq:cpu:torch.float32"": 5.750783920288086, ""step:cpu:torch.float32"": 1.259148120880127e-06}"
FP32-FINAL-CPU-BEST-r1,FP32-FINAL-CPU-BEST,1,11,actor_optimizer_end,0,0,,5.768880367279053,10.11328125,8.377046585083008,10.11328125,10.4464111328125,5.768880367279053,0.10807275772094727,0,0,34.93114471435547,"{""cuda:torch.float32"": 5.750783920288086}",{},"{""exp_avg:cpu:torch.float32"": 5.750783920288086, ""exp_avg_sq:cpu:torch.float32"": 5.750783920288086, ""step:cpu:torch.float32"": 1.259148120880127e-06}"
FP32-FINAL-CPU-BEST-r1,FP32-FINAL-CPU-BEST,1,11,actor_update_cleanup,,,,5.768880367279053,10.11328125,8.377046585083008,10.11328125,10.4464111328125,5.768880367279053,0.10807275772094727,0,0,34.93114471435547,"{""cuda:torch.float32"": 5.750783920288086}",{},"{""exp_avg:cpu:torch.float32"": 5.750783920288086, ""exp_avg_sq:cpu:torch.float32"": 5.750783920288086, ""step:cpu:torch.float32"": 1.259148120880127e-06}"
FP32-FINAL-CPU-BEST-r1,FP32-FINAL-CPU-BEST,1,12,actor_update_policy_start,,,,5.768864154815674,5.876953125,5.768864154815674,5.876953125,6.2100830078125,5.768864154815674,0.10808897018432617,0,0,34.93126678466797,"{""cuda:torch.float32"": 5.750783920288086}",{},"{""exp_avg:cpu:torch.float32"": 5.750783920288086, ""exp_avg_sq:cpu:torch.float32"": 5.750783920288086, ""step:cpu:torch.float32"": 1.259148120880127e-06}"
FP32-FINAL-CPU-BEST-r1,FP32-FINAL-CPU-BEST,1,12,actor_forward_start,0,0,0,5.768864154815674,5.876953125,5.768864154815674,5.876953125,6.2100830078125,5.768864154815674,0.10808897018432617,0,0,34.93126678466797,"{""cuda:torch.float32"": 5.750783920288086}",{},"{""exp_avg:cpu:torch.float32"": 5.750783920288086, ""exp_avg_sq:cpu:torch.float32"": 5.750783920288086, ""step:cpu:torch.float32"": 1.259148120880127e-06}"
FP32-FINAL-CPU-BEST-r1,FP32-FINAL-CPU-BEST,1,12,actor_forward_end,0,0,0,6.344898700714111,6.5859375,6.381992816925049,6.5859375,6.9190673828125,6.344898700714111,0.11799192428588867,0,0,34.93126678466797,"{""cuda:torch.float32"": 5.750783920288086}",{},"{""exp_avg:cpu:torch.float32"": 5.750783920288086, ""exp_avg_sq:cpu:torch.float32"": 5.750783920288086, ""step:cpu:torch.float32"": 1.259148120880127e-06}"
FP32-FINAL-CPU-BEST-r1,FP32-FINAL-CPU-BEST,1,12,actor_backward_end,0,0,0,5.76889181137085,10.11328125,8.377046585083008,10.11328125,10.4464111328125,5.76889181137085,0.10806131362915039,0,0,40.16905975341797,"{""cuda:torch.float32"": 5.750783920288086}",{},"{""exp_avg:cpu:torch.float32"": 5.750783920288086, ""exp_avg_sq:cpu:torch.float32"": 5.750783920288086, ""step:cpu:torch.float32"": 1.259148120880127e-06}"
FP32-FINAL-CPU-BEST-r1,FP32-FINAL-CPU-BEST,1,12,actor_optimizer_start,0,0,,5.768880367279053,10.11328125,8.377046585083008,10.11328125,10.4464111328125,5.768880367279053,0.10807275772094727,0,0,40.16905975341797,"{""cuda:torch.float32"": 5.750783920288086}",{},"{""exp_avg:cpu:torch.float32"": 5.750783920288086, ""exp_avg_sq:cpu:torch.float32"": 5.750783920288086, ""step:cpu:torch.float32"": 1.259148120880127e-06}"
FP32-FINAL-CPU-BEST-r1,FP32-FINAL-CPU-BEST,1,12,actor_optimizer_end,0,0,,5.768880367279053,10.11328125,8.377046585083008,10.11328125,10.4464111328125,5.768880367279053,0.10807275772094727,0,0,34.931278228759766,"{""cuda:torch.float32"": 5.750783920288086}",{},"{""exp_avg:cpu:torch.float32"": 5.750783920288086, ""exp_avg_sq:cpu:torch.float32"": 5.750783920288086, ""step:cpu:torch.float32"": 1.259148120880127e-06}"
FP32-FINAL-CPU-BEST-r1,FP32-FINAL-CPU-BEST,1,12,actor_update_cleanup,,,,5.768880367279053,10.11328125,8.377046585083008,10.11328125,10.4464111328125,5.768880367279053,0.10807275772094727,0,0,34.931278228759766,"{""cuda:torch.float32"": 5.750783920288086}",{},"{""exp_avg:cpu:torch.float32"": 5.750783920288086, ""exp_avg_sq:cpu:torch.float32"": 5.750783920288086, ""step:cpu:torch.float32"": 1.259148120880127e-06}"
FP32-FINAL-CPU-BEST-r1,FP32-FINAL-CPU-BEST,1,13,actor_update_policy_start,,,,5.768864154815674,5.876953125,5.768864154815674,5.876953125,6.2100830078125,5.768864154815674,0.10808897018432617,0,0,34.931400299072266,"{""cuda:torch.float32"": 5.750783920288086}",{},"{""exp_avg:cpu:torch.float32"": 5.750783920288086, ""exp_avg_sq:cpu:torch.float32"": 5.750783920288086, ""step:cpu:torch.float32"": 1.259148120880127e-06}"
FP32-FINAL-CPU-BEST-r1,FP32-FINAL-CPU-BEST,1,13,actor_forward_start,0,0,0,5.768864154815674,5.876953125,5.768864154815674,5.876953125,6.2100830078125,5.768864154815674,0.10808897018432617,0,0,34.931400299072266,"{""cuda:torch.float32"": 5.750783920288086}",{},"{""exp_avg:cpu:torch.float32"": 5.750783920288086, ""exp_avg_sq:cpu:torch.float32"": 5.750783920288086, ""step:cpu:torch.float32"": 1.259148120880127e-06}"
FP32-FINAL-CPU-BEST-r1,FP32-FINAL-CPU-BEST,1,13,actor_forward_end,0,0,0,6.344898700714111,6.5859375,6.381992816925049,6.5859375,6.9190673828125,6.344898700714111,0.11799192428588867,0,0,34.931400299072266,"{""cuda:torch.float32"": 5.750783920288086}",{},"{""exp_avg:cpu:torch.float32"": 5.750783920288086, ""exp_avg_sq:cpu:torch.float32"": 5.750783920288086, ""step:cpu:torch.float32"": 1.259148120880127e-06}"
FP32-FINAL-CPU-BEST-r1,FP32-FINAL-CPU-BEST,1,13,actor_backward_end,0,0,0,5.76889181137085,10.11328125,8.377046585083008,10.11328125,10.4464111328125,5.76889181137085,0.10806131362915039,0,0,40.169071197509766,"{""cuda:torch.float32"": 5.750783920288086}",{},"{""exp_avg:cpu:torch.float32"": 5.750783920288086, ""exp_avg_sq:cpu:torch.float32"": 5.750783920288086, ""step:cpu:torch.float32"": 1.259148120880127e-06}"
FP32-FINAL-CPU-BEST-r1,FP32-FINAL-CPU-BEST,1,13,actor_optimizer_start,0,0,,5.768880367279053,10.11328125,8.377046585083008,10.11328125,10.4464111328125,5.768880367279053,0.10807275772094727,0,0,40.169071197509766,"{""cuda:torch.float32"": 5.750783920288086}",{},"{""exp_avg:cpu:torch.float32"": 5.750783920288086, ""exp_avg_sq:cpu:torch.float32"": 5.750783920288086, ""step:cpu:torch.float32"": 1.259148120880127e-06}"
FP32-FINAL-CPU-BEST-r1,FP32-FINAL-CPU-BEST,1,13,actor_optimizer_end,0,0,,5.768880367279053,10.11328125,8.377046585083008,10.11328125,10.4464111328125,5.768880367279053,0.10807275772094727,0,0,34.93159103393555,"{""cuda:torch.float32"": 5.750783920288086}",{},"{""exp_avg:cpu:torch.float32"": 5.750783920288086, ""exp_avg_sq:cpu:torch.float32"": 5.750783920288086, ""step:cpu:torch.float32"": 1.259148120880127e-06}"
FP32-FINAL-CPU-BEST-r1,FP32-FINAL-CPU-BEST,1,13,actor_update_cleanup,,,,5.768880367279053,10.11328125,8.377046585083008,10.11328125,10.4464111328125,5.768880367279053,0.10807275772094727,0,0,34.93159103393555,"{""cuda:torch.float32"": 5.750783920288086}",{},"{""exp_avg:cpu:torch.float32"": 5.750783920288086, ""exp_avg_sq:cpu:torch.float32"": 5.750783920288086, ""step:cpu:torch.float32"": 1.259148120880127e-06}"
FP32-FINAL-CPU-BEST-r1,FP32-FINAL-CPU-BEST,1,14,actor_update_policy_start,,,,5.768864154815674,5.876953125,5.768864154815674,5.876953125,6.2100830078125,5.768864154815674,0.10808897018432617,0,0,34.93159103393555,"{""cuda:torch.float32"": 5.750783920288086}",{},"{""exp_avg:cpu:torch.float32"": 5.750783920288086, ""exp_avg_sq:cpu:torch.float32"": 5.750783920288086, ""step:cpu:torch.float32"": 1.259148120880127e-06}"
FP32-FINAL-CPU-BEST-r1,FP32-FINAL-CPU-BEST,1,14,actor_forward_start,0,0,0,5.768864154815674,5.876953125,5.768864154815674,5.876953125,6.2100830078125,5.768864154815674,0.10808897018432617,0,0,34.93159103393555,"{""cuda:torch.float32"": 5.750783920288086}",{},"{""exp_avg:cpu:torch.float32"": 5.750783920288086, ""exp_avg_sq:cpu:torch.float32"": 5.750783920288086, ""step:cpu:torch.float32"": 1.259148120880127e-06}"
FP32-FINAL-CPU-BEST-r1,FP32-FINAL-CPU-BEST,1,14,actor_forward_end,0,0,0,6.344898700714111,6.5859375,6.381992816925049,6.5859375,6.9190673828125,6.344898700714111,0.11799192428588867,0,0,34.93159103393555,"{""cuda:torch.float32"": 5.750783920288086}",{},"{""exp_avg:cpu:torch.float32"": 5.750783920288086, ""exp_avg_sq:cpu:torch.float32"": 5.750783920288086, ""step:cpu:torch.float32"": 1.259148120880127e-06}"
FP32-FINAL-CPU-BEST-r1,FP32-FINAL-CPU-BEST,1,14,actor_backward_end,0,0,0,5.76889181137085,10.11328125,8.377046585083008,10.11328125,10.4464111328125,5.76889181137085,0.10806131362915039,0,0,40.16950607299805,"{""cuda:torch.float32"": 5.750783920288086}",{},"{""exp_avg:cpu:torch.float32"": 5.750783920288086, ""exp_avg_sq:cpu:torch.float32"": 5.750783920288086, ""step:cpu:torch.float32"": 1.259148120880127e-06}"
FP32-FINAL-CPU-BEST-r1,FP32-FINAL-CPU-BEST,1,14,actor_optimizer_start,0,0,,5.768880367279053,10.11328125,8.377046585083008,10.11328125,10.4464111328125,5.768880367279053,0.10807275772094727,0,0,40.16950607299805,"{""cuda:torch.float32"": 5.750783920288086}",{},"{""exp_avg:cpu:torch.float32"": 5.750783920288086, ""exp_avg_sq:cpu:torch.float32"": 5.750783920288086, ""step:cpu:torch.float32"": 1.259148120880127e-06}"
FP32-FINAL-CPU-BEST-r1,FP32-FINAL-CPU-BEST,1,14,actor_optimizer_end,0,0,,5.768880367279053,10.11328125,8.377046585083008,10.11328125,10.4464111328125,5.768880367279053,0.10807275772094727,0,0,34.931644439697266,"{""cuda:torch.float32"": 5.750783920288086}",{},"{""exp_avg:cpu:torch.float32"": 5.750783920288086, ""exp_avg_sq:cpu:torch.float32"": 5.750783920288086, ""step:cpu:torch.float32"": 1.259148120880127e-06}"
FP32-FINAL-CPU-BEST-r1,FP32-FINAL-CPU-BEST,1,14,actor_update_cleanup,,,,5.768880367279053,10.11328125,8.377046585083008,10.11328125,10.4464111328125,5.768880367279053,0.10807275772094727,0,0,34.931644439697266,"{""cuda:torch.float32"": 5.750783920288086}",{},"{""exp_avg:cpu:torch.float32"": 5.750783920288086, ""exp_avg_sq:cpu:torch.float32"": 5.750783920288086, ""step:cpu:torch.float32"": 1.259148120880127e-06}"
FP32-FINAL-CPU-BEST-r1,FP32-FINAL-CPU-BEST,1,15,actor_update_policy_start,,,,5.768864154815674,5.876953125,5.768864154815674,5.876953125,6.2100830078125,5.768864154815674,0.10808897018432617,0,0,34.931644439697266,"{""cuda:torch.float32"": 5.750783920288086}",{},"{""exp_avg:cpu:torch.float32"": 5.750783920288086, ""exp_avg_sq:cpu:torch.float32"": 5.750783920288086, ""step:cpu:torch.float32"": 1.259148120880127e-06}"
FP32-FINAL-CPU-BEST-r1,FP32-FINAL-CPU-BEST,1,15,actor_forward_start,0,0,0,5.768864154815674,5.876953125,5.768864154815674,5.876953125,6.2100830078125,5.768864154815674,0.10808897018432617,0,0,34.931644439697266,"{""cuda:torch.float32"": 5.750783920288086}",{},"{""exp_avg:cpu:torch.float32"": 5.750783920288086, ""exp_avg_sq:cpu:torch.float32"": 5.750783920288086, ""step:cpu:torch.float32"": 1.259148120880127e-06}"
FP32-FINAL-CPU-BEST-r1,FP32-FINAL-CPU-BEST,1,15,actor_forward_end,0,0,0,6.344898700714111,6.5859375,6.381992816925049,6.5859375,6.9190673828125,6.344898700714111,0.11799192428588867,0,0,34.931644439697266,"{""cuda:torch.float32"": 5.750783920288086}",{},"{""exp_avg:cpu:torch.float32"": 5.750783920288086, ""exp_avg_sq:cpu:torch.float32"": 5.750783920288086, ""step:cpu:torch.float32"": 1.259148120880127e-06}"
FP32-FINAL-CPU-BEST-r1,FP32-FINAL-CPU-BEST,1,15,actor_backward_end,0,0,0,5.76889181137085,10.11328125,8.377046585083008,10.11328125,10.4464111328125,5.76889181137085,0.10806131362915039,0,0,40.169071197509766,"{""cuda:torch.float32"": 5.750783920288086}",{},"{""exp_avg:cpu:torch.float32"": 5.750783920288086, ""exp_avg_sq:cpu:torch.float32"": 5.750783920288086, ""step:cpu:torch.float32"": 1.259148120880127e-06}"
FP32-FINAL-CPU-BEST-r1,FP32-FINAL-CPU-BEST,1,15,actor_optimizer_start,0,0,,5.768880367279053,10.11328125,8.377046585083008,10.11328125,10.4464111328125,5.768880367279053,0.10807275772094727,0,0,40.169071197509766,"{""cuda:torch.float32"": 5.750783920288086}",{},"{""exp_avg:cpu:torch.float32"": 5.750783920288086, ""exp_avg_sq:cpu:torch.float32"": 5.750783920288086, ""step:cpu:torch.float32"": 1.259148120880127e-06}"
FP32-FINAL-CPU-BEST-r1,FP32-FINAL-CPU-BEST,1,15,actor_optimizer_end,0,0,,5.768880367279053,10.11328125,8.377046585083008,10.11328125,10.4464111328125,5.768880367279053,0.10807275772094727,0,0,34.931373596191406,"{""cuda:torch.float32"": 5.750783920288086}",{},"{""exp_avg:cpu:torch.float32"": 5.750783920288086, ""exp_avg_sq:cpu:torch.float32"": 5.750783920288086, ""step:cpu:torch.float32"": 1.259148120880127e-06}"
FP32-FINAL-CPU-BEST-r1,FP32-FINAL-CPU-BEST,1,15,actor_update_cleanup,,,,5.768880367279053,10.11328125,8.377046585083008,10.11328125,10.4464111328125,5.768880367279053,0.10807275772094727,0,0,34.931373596191406,"{""cuda:torch.float32"": 5.750783920288086}",{},"{""exp_avg:cpu:torch.float32"": 5.750783920288086, ""exp_avg_sq:cpu:torch.float32"": 5.750783920288086, ""step:cpu:torch.float32"": 1.259148120880127e-06}"
FP32-FINAL-CPU-BEST-r1,FP32-FINAL-CPU-BEST,1,16,actor_update_policy_start,,,,5.768864154815674,5.876953125,5.768864154815674,5.876953125,6.2100830078125,5.768864154815674,0.10808897018432617,0,0,34.931373596191406,"{""cuda:torch.float32"": 5.750783920288086}",{},"{""exp_avg:cpu:torch.float32"": 5.750783920288086, ""exp_avg_sq:cpu:torch.float32"": 5.750783920288086, ""step:cpu:torch.float32"": 1.259148120880127e-06}"
FP32-FINAL-CPU-BEST-r1,FP32-FINAL-CPU-BEST,1,16,actor_forward_start,0,0,0,5.768864154815674,5.876953125,5.768864154815674,5.876953125,6.2100830078125,5.768864154815674,0.10808897018432617,0,0,34.931373596191406,"{""cuda:torch.float32"": 5.750783920288086}",{},"{""exp_avg:cpu:torch.float32"": 5.750783920288086, ""exp_avg_sq:cpu:torch.float32"": 5.750783920288086, ""step:cpu:torch.float32"": 1.259148120880127e-06}"
FP32-FINAL-CPU-BEST-r1,FP32-FINAL-CPU-BEST,1,16,actor_forward_end,0,0,0,6.344898700714111,6.5859375,6.381992816925049,6.5859375,6.9190673828125,6.344898700714111,0.11799192428588867,0,0,34.931373596191406,"{""cuda:torch.float32"": 5.750783920288086}",{},"{""exp_avg:cpu:torch.float32"": 5.750783920288086, ""exp_avg_sq:cpu:torch.float32"": 5.750783920288086, ""step:cpu:torch.float32"": 1.259148120880127e-06}"
FP32-FINAL-CPU-BEST-r1,FP32-FINAL-CPU-BEST,1,16,actor_backward_end,0,0,0,5.76889181137085,10.11328125,8.377046585083008,10.11328125,10.4464111328125,5.76889181137085,0.10806131362915039,0,0,40.169166564941406,"{""cuda:torch.float32"": 5.750783920288086}",{},"{""exp_avg:cpu:torch.float32"": 5.750783920288086, ""exp_avg_sq:cpu:torch.float32"": 5.750783920288086, ""step:cpu:torch.float32"": 1.259148120880127e-06}"
FP32-FINAL-CPU-BEST-r1,FP32-FINAL-CPU-BEST,1,16,actor_optimizer_start,0,0,,5.768880367279053,10.11328125,8.377046585083008,10.11328125,10.4464111328125,5.768880367279053,0.10807275772094727,0,0,40.169166564941406,"{""cuda:torch.float32"": 5.750783920288086}",{},"{""exp_avg:cpu:torch.float32"": 5.750783920288086, ""exp_avg_sq:cpu:torch.float32"": 5.750783920288086, ""step:cpu:torch.float32"": 1.259148120880127e-06}"
FP32-FINAL-CPU-BEST-r1,FP32-FINAL-CPU-BEST,1,16,actor_optimizer_end,0,0,,5.768880367279053,10.11328125,8.377046585083008,10.11328125,10.4464111328125,5.768880367279053,0.10807275772094727,0,0,34.931697845458984,"{""cuda:torch.float32"": 5.750783920288086}",{},"{""exp_avg:cpu:torch.float32"": 5.750783920288086, ""exp_avg_sq:cpu:torch.float32"": 5.750783920288086, ""step:cpu:torch.float32"": 1.259148120880127e-06}"
FP32-FINAL-CPU-BEST-r1,FP32-FINAL-CPU-BEST,1,16,actor_update_cleanup,,,,5.768880367279053,10.11328125,8.377046585083008,10.11328125,10.4464111328125,5.768880367279053,0.10807275772094727,0,0,34.931697845458984,"{""cuda:torch.float32"": 5.750783920288086}",{},"{""exp_avg:cpu:torch.float32"": 5.750783920288086, ""exp_avg_sq:cpu:torch.float32"": 5.750783920288086, ""step:cpu:torch.float32"": 1.259148120880127e-06}"
FP32-FINAL-CPU-BEST-r1,FP32-FINAL-CPU-BEST,1,17,actor_update_policy_start,,,,5.768864154815674,5.876953125,5.768864154815674,5.876953125,6.2100830078125,5.768864154815674,0.10808897018432617,0,0,34.931697845458984,"{""cuda:torch.float32"": 5.750783920288086}",{},"{""exp_avg:cpu:torch.float32"": 5.750783920288086, ""exp_avg_sq:cpu:torch.float32"": 5.750783920288086, ""step:cpu:torch.float32"": 1.259148120880127e-06}"
FP32-FINAL-CPU-BEST-r1,FP32-FINAL-CPU-BEST,1,17,actor_forward_start,0,0,0,5.768864154815674,5.876953125,5.768864154815674,5.876953125,6.2100830078125,5.768864154815674,0.10808897018432617,0,0,34.931697845458984,"{""cuda:torch.float32"": 5.750783920288086}",{},"{""exp_avg:cpu:torch.float32"": 5.750783920288086, ""exp_avg_sq:cpu:torch.float32"": 5.750783920288086, ""step:cpu:torch.float32"": 1.259148120880127e-06}"
FP32-FINAL-CPU-BEST-r1,FP32-FINAL-CPU-BEST,1,17,actor_forward_end,0,0,0,6.344898700714111,6.5859375,6.381992816925049,6.5859375,6.9190673828125,6.344898700714111,0.11799192428588867,0,0,34.931697845458984,"{""cuda:torch.float32"": 5.750783920288086}",{},"{""exp_avg:cpu:torch.float32"": 5.750783920288086, ""exp_avg_sq:cpu:torch.float32"": 5.750783920288086, ""step:cpu:torch.float32"": 1.259148120880127e-06}"
FP32-FINAL-CPU-BEST-r1,FP32-FINAL-CPU-BEST,1,17,actor_backward_end,0,0,0,5.76889181137085,10.11328125,8.377046585083008,10.11328125,10.4464111328125,5.76889181137085,0.10806131362915039,0,0,40.169368743896484,"{""cuda:torch.float32"": 5.750783920288086}",{},"{""exp_avg:cpu:torch.float32"": 5.750783920288086, ""exp_avg_sq:cpu:torch.float32"": 5.750783920288086, ""step:cpu:torch.float32"": 1.259148120880127e-06}"
FP32-FINAL-CPU-BEST-r1,FP32-FINAL-CPU-BEST,1,17,actor_optimizer_start,0,0,,5.768880367279053,10.11328125,8.377046585083008,10.11328125,10.4464111328125,5.768880367279053,0.10807275772094727,0,0,40.169368743896484,"{""cuda:torch.float32"": 5.750783920288086}",{},"{""exp_avg:cpu:torch.float32"": 5.750783920288086, ""exp_avg_sq:cpu:torch.float32"": 5.750783920288086, ""step:cpu:torch.float32"": 1.259148120880127e-06}"
FP32-FINAL-CPU-BEST-r1,FP32-FINAL-CPU-BEST,1,17,actor_optimizer_end,0,0,,5.768880367279053,10.11328125,8.377046585083008,10.11328125,10.4464111328125,5.768880367279053,0.10807275772094727,0,0,34.931907653808594,"{""cuda:torch.float32"": 5.750783920288086}",{},"{""exp_avg:cpu:torch.float32"": 5.750783920288086, ""exp_avg_sq:cpu:torch.float32"": 5.750783920288086, ""step:cpu:torch.float32"": 1.259148120880127e-06}"
FP32-FINAL-CPU-BEST-r1,FP32-FINAL-CPU-BEST,1,17,actor_update_cleanup,,,,5.768880367279053,10.11328125,8.377046585083008,10.11328125,10.4464111328125,5.768880367279053,0.10807275772094727,0,0,34.931907653808594,"{""cuda:torch.float32"": 5.750783920288086}",{},"{""exp_avg:cpu:torch.float32"": 5.750783920288086, ""exp_avg_sq:cpu:torch.float32"": 5.750783920288086, ""step:cpu:torch.float32"": 1.259148120880127e-06}"
FP32-FINAL-CPU-BEST-r1,FP32-FINAL-CPU-BEST,1,18,actor_update_policy_start,,,,5.768864154815674,5.876953125,5.768864154815674,5.876953125,6.2100830078125,5.768864154815674,0.10808897018432617,0,0,34.931907653808594,"{""cuda:torch.float32"": 5.750783920288086}",{},"{""exp_avg:cpu:torch.float32"": 5.750783920288086, ""exp_avg_sq:cpu:torch.float32"": 5.750783920288086, ""step:cpu:torch.float32"": 1.259148120880127e-06}"
FP32-FINAL-CPU-BEST-r1,FP32-FINAL-CPU-BEST,1,18,actor_forward_start,0,0,0,5.768864154815674,5.876953125,5.768864154815674,5.876953125,6.2100830078125,5.768864154815674,0.10808897018432617,0,0,34.931907653808594,"{""cuda:torch.float32"": 5.750783920288086}",{},"{""exp_avg:cpu:torch.float32"": 5.750783920288086, ""exp_avg_sq:cpu:torch.float32"": 5.750783920288086, ""step:cpu:torch.float32"": 1.259148120880127e-06}"
FP32-FINAL-CPU-BEST-r1,FP32-FINAL-CPU-BEST,1,18,actor_forward_end,0,0,0,6.344898700714111,6.5859375,6.381992816925049,6.5859375,6.9190673828125,6.344898700714111,0.11799192428588867,0,0,34.931907653808594,"{""cuda:torch.float32"": 5.750783920288086}",{},"{""exp_avg:cpu:torch.float32"": 5.750783920288086, ""exp_avg_sq:cpu:torch.float32"": 5.750783920288086, ""step:cpu:torch.float32"": 1.259148120880127e-06}"
FP32-FINAL-CPU-BEST-r1,FP32-FINAL-CPU-BEST,1,18,actor_backward_end,0,0,0,5.76889181137085,10.11328125,8.377046585083008,10.11328125,10.4464111328125,5.76889181137085,0.10806131362915039,0,0,40.178245544433594,"{""cuda:torch.float32"": 5.750783920288086}",{},"{""exp_avg:cpu:torch.float32"": 5.750783920288086, ""exp_avg_sq:cpu:torch.float32"": 5.750783920288086, ""step:cpu:torch.float32"": 1.259148120880127e-06}"
FP32-FINAL-CPU-BEST-r1,FP32-FINAL-CPU-BEST,1,18,actor_optimizer_start,0,0,,5.768880367279053,10.11328125,8.377046585083008,10.11328125,10.4464111328125,5.768880367279053,0.10807275772094727,0,0,40.178245544433594,"{""cuda:torch.float32"": 5.750783920288086}",{},"{""exp_avg:cpu:torch.float32"": 5.750783920288086, ""exp_avg_sq:cpu:torch.float32"": 5.750783920288086, ""step:cpu:torch.float32"": 1.259148120880127e-06}"
FP32-FINAL-CPU-BEST-r1,FP32-FINAL-CPU-BEST,1,18,actor_optimizer_end,0,0,,5.768880367279053,10.11328125,8.377046585083008,10.11328125,10.4464111328125,5.768880367279053,0.10807275772094727,0,0,34.9316520690918,"{""cuda:torch.float32"": 5.750783920288086}",{},"{""exp_avg:cpu:torch.float32"": 5.750783920288086, ""exp_avg_sq:cpu:torch.float32"": 5.750783920288086, ""step:cpu:torch.float32"": 1.259148120880127e-06}"
FP32-FINAL-CPU-BEST-r1,FP32-FINAL-CPU-BEST,1,18,actor_update_cleanup,,,,5.768880367279053,10.11328125,8.377046585083008,10.11328125,10.4464111328125,5.768880367279053,0.10807275772094727,0,0,34.9316520690918,"{""cuda:torch.float32"": 5.750783920288086}",{},"{""exp_avg:cpu:torch.float32"": 5.750783920288086, ""exp_avg_sq:cpu:torch.float32"": 5.750783920288086, ""step:cpu:torch.float32"": 1.259148120880127e-06}"
FP32-FINAL-CPU-BEST-r1,FP32-FINAL-CPU-BEST,1,19,actor_update_policy_start,,,,5.768864154815674,5.876953125,5.768864154815674,5.876953125,6.2100830078125,5.768864154815674,0.10808897018432617,0,0,34.9316520690918,"{""cuda:torch.float32"": 5.750783920288086}",{},"{""exp_avg:cpu:torch.float32"": 5.750783920288086, ""exp_avg_sq:cpu:torch.float32"": 5.750783920288086, ""step:cpu:torch.float32"": 1.259148120880127e-06}"
FP32-FINAL-CPU-BEST-r1,FP32-FINAL-CPU-BEST,1,19,actor_forward_start,0,0,0,5.768864154815674,5.876953125,5.768864154815674,5.876953125,6.2100830078125,5.768864154815674,0.10808897018432617,0,0,34.9316520690918,"{""cuda:torch.float32"": 5.750783920288086}",{},"{""exp_avg:cpu:torch.float32"": 5.750783920288086, ""exp_avg_sq:cpu:torch.float32"": 5.750783920288086, ""step:cpu:torch.float32"": 1.259148120880127e-06}"
FP32-FINAL-CPU-BEST-r1,FP32-FINAL-CPU-BEST,1,19,actor_forward_end,0,0,0,6.344898700714111,6.5859375,6.381992816925049,6.5859375,6.9190673828125,6.344898700714111,0.11799192428588867,0,0,34.9316520690918,"{""cuda:torch.float32"": 5.750783920288086}",{},"{""exp_avg:cpu:torch.float32"": 5.750783920288086, ""exp_avg_sq:cpu:torch.float32"": 5.750783920288086, ""step:cpu:torch.float32"": 1.259148120880127e-06}"
FP32-FINAL-CPU-BEST-r1,FP32-FINAL-CPU-BEST,1,19,actor_backward_end,0,0,0,5.76889181137085,10.11328125,8.377046585083008,10.11328125,10.4464111328125,5.76889181137085,0.10806131362915039,0,0,40.1695671081543,"{""cuda:torch.float32"": 5.750783920288086}",{},"{""exp_avg:cpu:torch.float32"": 5.750783920288086, ""exp_avg_sq:cpu:torch.float32"": 5.750783920288086, ""step:cpu:torch.float32"": 1.259148120880127e-06}"
FP32-FINAL-CPU-BEST-r1,FP32-FINAL-CPU-BEST,1,19,actor_optimizer_start,0,0,,5.768880367279053,10.11328125,8.377046585083008,10.11328125,10.4464111328125,5.768880367279053,0.10807275772094727,0,0,40.1695671081543,"{""cuda:torch.float32"": 5.750783920288086}",{},"{""exp_avg:cpu:torch.float32"": 5.750783920288086, ""exp_avg_sq:cpu:torch.float32"": 5.750783920288086, ""step:cpu:torch.float32"": 1.259148120880127e-06}"
FP32-FINAL-CPU-BEST-r1,FP32-FINAL-CPU-BEST,1,19,actor_optimizer_end,0,0,,5.768880367279053,10.11328125,8.377046585083008,10.11328125,10.4464111328125,5.768880367279053,0.10807275772094727,0,0,34.931949615478516,"{""cuda:torch.float32"": 5.750783920288086}",{},"{""exp_avg:cpu:torch.float32"": 5.750783920288086, ""exp_avg_sq:cpu:torch.float32"": 5.750783920288086, ""step:cpu:torch.float32"": 1.259148120880127e-06}"
FP32-FINAL-CPU-BEST-r1,FP32-FINAL-CPU-BEST,1,19,actor_update_cleanup,,,,5.768880367279053,10.11328125,8.377046585083008,10.11328125,10.4464111328125,5.768880367279053,0.10807275772094727,0,0,34.931949615478516,"{""cuda:torch.float32"": 5.750783920288086}",{},"{""exp_avg:cpu:torch.float32"": 5.750783920288086, ""exp_avg_sq:cpu:torch.float32"": 5.750783920288086, ""step:cpu:torch.float32"": 1.259148120880127e-06}"
FP32-FINAL-CPU-BEST-r1,FP32-FINAL-CPU-BEST,1,20,actor_update_policy_start,,,,5.768864154815674,5.876953125,5.768864154815674,5.876953125,6.2100830078125,5.768864154815674,0.10808897018432617,0,0,34.931949615478516,"{""cuda:torch.float32"": 5.750783920288086}",{},"{""exp_avg:cpu:torch.float32"": 5.750783920288086, ""exp_avg_sq:cpu:torch.float32"": 5.750783920288086, ""step:cpu:torch.float32"": 1.259148120880127e-06}"
FP32-FINAL-CPU-BEST-r1,FP32-FINAL-CPU-BEST,1,20,actor_forward_start,0,0,0,5.768864154815674,5.876953125,5.768864154815674,5.876953125,6.2100830078125,5.768864154815674,0.10808897018432617,0,0,34.931949615478516,"{""cuda:torch.float32"": 5.750783920288086}",{},"{""exp_avg:cpu:torch.float32"": 5.750783920288086, ""exp_avg_sq:cpu:torch.float32"": 5.750783920288086, ""step:cpu:torch.float32"": 1.259148120880127e-06}"
FP32-FINAL-CPU-BEST-r1,FP32-FINAL-CPU-BEST,1,20,actor_forward_end,0,0,0,6.344898700714111,6.5859375,6.381992816925049,6.5859375,6.9190673828125,6.344898700714111,0.11799192428588867,0,0,34.931949615478516,"{""cuda:torch.float32"": 5.750783920288086}",{},"{""exp_avg:cpu:torch.float32"": 5.750783920288086, ""exp_avg_sq:cpu:torch.float32"": 5.750783920288086, ""step:cpu:torch.float32"": 1.259148120880127e-06}"
FP32-FINAL-CPU-BEST-r1,FP32-FINAL-CPU-BEST,1,20,actor_backward_end,0,0,0,5.76889181137085,10.11328125,8.377046585083008,10.11328125,10.4464111328125,5.76889181137085,0.10806131362915039,0,0,40.169498443603516,"{""cuda:torch.float32"": 5.750783920288086}",{},"{""exp_avg:cpu:torch.float32"": 5.750783920288086, ""exp_avg_sq:cpu:torch.float32"": 5.750783920288086, ""step:cpu:torch.float32"": 1.259148120880127e-06}"
FP32-FINAL-CPU-BEST-r1,FP32-FINAL-CPU-BEST,1,20,actor_optimizer_start,0,0,,5.768880367279053,10.11328125,8.377046585083008,10.11328125,10.4464111328125,5.768880367279053,0.10807275772094727,0,0,40.169498443603516,"{""cuda:torch.float32"": 5.750783920288086}",{},"{""exp_avg:cpu:torch.float32"": 5.750783920288086, ""exp_avg_sq:cpu:torch.float32"": 5.750783920288086, ""step:cpu:torch.float32"": 1.259148120880127e-06}"
FP32-FINAL-CPU-BEST-r1,FP32-FINAL-CPU-BEST,1,20,actor_optimizer_end,0,0,,5.768880367279053,10.11328125,8.377046585083008,10.11328125,10.4464111328125,5.768880367279053,0.10807275772094727,0,0,34.931758880615234,"{""cuda:torch.float32"": 5.750783920288086}",{},"{""exp_avg:cpu:torch.float32"": 5.750783920288086, ""exp_avg_sq:cpu:torch.float32"": 5.750783920288086, ""step:cpu:torch.float32"": 1.259148120880127e-06}"
FP32-FINAL-CPU-BEST-r1,FP32-FINAL-CPU-BEST,1,20,actor_update_cleanup,,,,5.768880367279053,10.11328125,8.377046585083008,10.11328125,10.4464111328125,5.768880367279053,0.10807275772094727,0,0,34.931758880615234,"{""cuda:torch.float32"": 5.750783920288086}",{},"{""exp_avg:cpu:torch.float32"": 5.750783920288086, ""exp_avg_sq:cpu:torch.float32"": 5.750783920288086, ""step:cpu:torch.float32"": 1.259148120880127e-06}"
FP32-FINAL-CPU-BEST-r1,FP32-FINAL-CPU-BEST,1,21,actor_update_policy_start,,,,5.768864154815674,5.876953125,5.768864154815674,5.876953125,6.2100830078125,5.768864154815674,0.10808897018432617,0,0,34.931880950927734,"{""cuda:torch.float32"": 5.750783920288086}",{},"{""exp_avg:cpu:torch.float32"": 5.750783920288086, ""exp_avg_sq:cpu:torch.float32"": 5.750783920288086, ""step:cpu:torch.float32"": 1.259148120880127e-06}"
FP32-FINAL-CPU-BEST-r1,FP32-FINAL-CPU-BEST,1,21,actor_forward_start,0,0,0,5.768864154815674,5.876953125,5.768864154815674,5.876953125,6.2100830078125,5.768864154815674,0.10808897018432617,0,0,34.931880950927734,"{""cuda:torch.float32"": 5.750783920288086}",{},"{""exp_avg:cpu:torch.float32"": 5.750783920288086, ""exp_avg_sq:cpu:torch.float32"": 5.750783920288086, ""step:cpu:torch.float32"": 1.259148120880127e-06}"
FP32-FINAL-CPU-BEST-r1,FP32-FINAL-CPU-BEST,1,21,actor_forward_end,0,0,0,6.344898700714111,6.5859375,6.381992816925049,6.5859375,6.9190673828125,6.344898700714111,0.11799192428588867,0,0,34.931880950927734,"{""cuda:torch.float32"": 5.750783920288086}",{},"{""exp_avg:cpu:torch.float32"": 5.750783920288086, ""exp_avg_sq:cpu:torch.float32"": 5.750783920288086, ""step:cpu:torch.float32"": 1.259148120880127e-06}"
FP32-FINAL-CPU-BEST-r1,FP32-FINAL-CPU-BEST,1,21,actor_backward_end,0,0,0,5.76889181137085,10.11328125,8.377046585083008,10.11328125,10.4464111328125,5.76889181137085,0.10806131362915039,0,0,40.187129974365234,"{""cuda:torch.float32"": 5.750783920288086}",{},"{""exp_avg:cpu:torch.float32"": 5.750783920288086, ""exp_avg_sq:cpu:torch.float32"": 5.750783920288086, ""step:cpu:torch.float32"": 1.259148120880127e-06}"
FP32-FINAL-CPU-BEST-r1,FP32-FINAL-CPU-BEST,1,21,actor_optimizer_start,0,0,,5.768880367279053,10.11328125,8.377046585083008,10.11328125,10.4464111328125,5.768880367279053,0.10807275772094727,0,0,40.187129974365234,"{""cuda:torch.float32"": 5.750783920288086}",{},"{""exp_avg:cpu:torch.float32"": 5.750783920288086, ""exp_avg_sq:cpu:torch.float32"": 5.750783920288086, ""step:cpu:torch.float32"": 1.259148120880127e-06}"
FP32-FINAL-CPU-BEST-r1,FP32-FINAL-CPU-BEST,1,21,actor_optimizer_end,0,0,,5.768880367279053,10.11328125,8.377046585083008,10.11328125,10.4464111328125,5.768880367279053,0.10807275772094727,0,0,34.9318733215332,"{""cuda:torch.float32"": 5.750783920288086}",{},"{""exp_avg:cpu:torch.float32"": 5.750783920288086, ""exp_avg_sq:cpu:torch.float32"": 5.750783920288086, ""step:cpu:torch.float32"": 1.259148120880127e-06}"
FP32-FINAL-CPU-BEST-r1,FP32-FINAL-CPU-BEST,1,21,actor_update_cleanup,,,,5.768880367279053,10.11328125,8.377046585083008,10.11328125,10.4464111328125,5.768880367279053,0.10807275772094727,0,0,34.9318733215332,"{""cuda:torch.float32"": 5.750783920288086}",{},"{""exp_avg:cpu:torch.float32"": 5.750783920288086, ""exp_avg_sq:cpu:torch.float32"": 5.750783920288086, ""step:cpu:torch.float32"": 1.259148120880127e-06}"
FP32-FINAL-CPU-BEST-r1,FP32-FINAL-CPU-BEST,1,22,actor_update_policy_start,,,,5.768864154815674,5.876953125,5.768864154815674,5.876953125,6.2100830078125,5.768864154815674,0.10808897018432617,0,0,34.9318733215332,"{""cuda:torch.float32"": 5.750783920288086}",{},"{""exp_avg:cpu:torch.float32"": 5.750783920288086, ""exp_avg_sq:cpu:torch.float32"": 5.750783920288086, ""step:cpu:torch.float32"": 1.259148120880127e-06}"
FP32-FINAL-CPU-BEST-r1,FP32-FINAL-CPU-BEST,1,22,actor_forward_start,0,0,0,5.768864154815674,5.876953125,5.768864154815674,5.876953125,6.2100830078125,5.768864154815674,0.10808897018432617,0,0,34.9318733215332,"{""cuda:torch.float32"": 5.750783920288086}",{},"{""exp_avg:cpu:torch.float32"": 5.750783920288086, ""exp_avg_sq:cpu:torch.float32"": 5.750783920288086, ""step:cpu:torch.float32"": 1.259148120880127e-06}"
FP32-FINAL-CPU-BEST-r1,FP32-FINAL-CPU-BEST,1,22,actor_forward_end,0,0,0,6.344898700714111,6.5859375,6.381992816925049,6.5859375,6.9190673828125,6.344898700714111,0.11799192428588867,0,0,34.9318733215332,"{""cuda:torch.float32"": 5.750783920288086}",{},"{""exp_avg:cpu:torch.float32"": 5.750783920288086, ""exp_avg_sq:cpu:torch.float32"": 5.750783920288086, ""step:cpu:torch.float32"": 1.259148120880127e-06}"
FP32-FINAL-CPU-BEST-r1,FP32-FINAL-CPU-BEST,1,22,actor_backward_end,0,0,0,5.76889181137085,10.11328125,8.377046585083008,10.11328125,10.4464111328125,5.76889181137085,0.10806131362915039,0,0,40.1784553527832,"{""cuda:torch.float32"": 5.750783920288086}",{},"{""exp_avg:cpu:torch.float32"": 5.750783920288086, ""exp_avg_sq:cpu:torch.float32"": 5.750783920288086, ""step:cpu:torch.float32"": 1.259148120880127e-06}"
FP32-FINAL-CPU-BEST-r1,FP32-FINAL-CPU-BEST,1,22,actor_optimizer_start,0,0,,5.768880367279053,10.11328125,8.377046585083008,10.11328125,10.4464111328125,5.768880367279053,0.10807275772094727,0,0,40.1784553527832,"{""cuda:torch.float32"": 5.750783920288086}",{},"{""exp_avg:cpu:torch.float32"": 5.750783920288086, ""exp_avg_sq:cpu:torch.float32"": 5.750783920288086, ""step:cpu:torch.float32"": 1.259148120880127e-06}"
FP32-FINAL-CPU-BEST-r1,FP32-FINAL-CPU-BEST,1,22,actor_optimizer_end,0,0,,5.768880367279053,10.11328125,8.377046585083008,10.11328125,10.4464111328125,5.768880367279053,0.10807275772094727,0,0,34.931983947753906,"{""cuda:torch.float32"": 5.750783920288086}",{},"{""exp_avg:cpu:torch.float32"": 5.750783920288086, ""exp_avg_sq:cpu:torch.float32"": 5.750783920288086, ""step:cpu:torch.float32"": 1.259148120880127e-06}"
FP32-FINAL-CPU-BEST-r1,FP32-FINAL-CPU-BEST,1,22,actor_update_cleanup,,,,5.768880367279053,10.11328125,8.377046585083008,10.11328125,10.4464111328125,5.768880367279053,0.10807275772094727,0,0,34.931983947753906,"{""cuda:torch.float32"": 5.750783920288086}",{},"{""exp_avg:cpu:torch.float32"": 5.750783920288086, ""exp_avg_sq:cpu:torch.float32"": 5.750783920288086, ""step:cpu:torch.float32"": 1.259148120880127e-06}"
FP32-FINAL-CPU-BEST-r1,FP32-FINAL-CPU-BEST,1,23,actor_update_policy_start,,,,5.768864154815674,5.876953125,5.768864154815674,5.876953125,6.2100830078125,5.768864154815674,0.10808897018432617,0,0,34.931983947753906,"{""cuda:torch.float32"": 5.750783920288086}",{},"{""exp_avg:cpu:torch.float32"": 5.750783920288086, ""exp_avg_sq:cpu:torch.float32"": 5.750783920288086, ""step:cpu:torch.float32"": 1.259148120880127e-06}"
FP32-FINAL-CPU-BEST-r1,FP32-FINAL-CPU-BEST,1,23,actor_forward_start,0,0,0,5.768864154815674,5.876953125,5.768864154815674,5.876953125,6.2100830078125,5.768864154815674,0.10808897018432617,0,0,34.931983947753906,"{""cuda:torch.float32"": 5.750783920288086}",{},"{""exp_avg:cpu:torch.float32"": 5.750783920288086, ""exp_avg_sq:cpu:torch.float32"": 5.750783920288086, ""step:cpu:torch.float32"": 1.259148120880127e-06}"
FP32-FINAL-CPU-BEST-r1,FP32-FINAL-CPU-BEST,1,23,actor_forward_end,0,0,0,6.344898700714111,6.5859375,6.381992816925049,6.5859375,6.9190673828125,6.344898700714111,0.11799192428588867,0,0,34.931983947753906,"{""cuda:torch.float32"": 5.750783920288086}",{},"{""exp_avg:cpu:torch.float32"": 5.750783920288086, ""exp_avg_sq:cpu:torch.float32"": 5.750783920288086, ""step:cpu:torch.float32"": 1.259148120880127e-06}"
FP32-FINAL-CPU-BEST-r1,FP32-FINAL-CPU-BEST,1,23,actor_backward_end,0,0,0,5.76889181137085,10.11328125,8.377046585083008,10.11328125,10.4464111328125,5.76889181137085,0.10806131362915039,0,0,40.169898986816406,"{""cuda:torch.float32"": 5.750783920288086}",{},"{""exp_avg:cpu:torch.float32"": 5.750783920288086, ""exp_avg_sq:cpu:torch.float32"": 5.750783920288086, ""step:cpu:torch.float32"": 1.259148120880127e-06}"
FP32-FINAL-CPU-BEST-r1,FP32-FINAL-CPU-BEST,1,23,actor_optimizer_start,0,0,,5.768880367279053,10.11328125,8.377046585083008,10.11328125,10.4464111328125,5.768880367279053,0.10807275772094727,0,0,40.169898986816406,"{""cuda:torch.float32"": 5.750783920288086}",{},"{""exp_avg:cpu:torch.float32"": 5.750783920288086, ""exp_avg_sq:cpu:torch.float32"": 5.750783920288086, ""step:cpu:torch.float32"": 1.259148120880127e-06}"
FP32-FINAL-CPU-BEST-r1,FP32-FINAL-CPU-BEST,1,23,actor_optimizer_end,0,0,,5.768880367279053,10.11328125,8.377046585083008,10.11328125,10.4464111328125,5.768880367279053,0.10807275772094727,0,0,34.99381637573242,"{""cuda:torch.float32"": 5.750783920288086}",{},"{""exp_avg:cpu:torch.float32"": 5.750783920288086, ""exp_avg_sq:cpu:torch.float32"": 5.750783920288086, ""step:cpu:torch.float32"": 1.259148120880127e-06}"
FP32-FINAL-CPU-BEST-r1,FP32-FINAL-CPU-BEST,1,23,actor_update_cleanup,,,,5.768880367279053,10.11328125,8.377046585083008,10.11328125,10.4464111328125,5.768880367279053,0.10807275772094727,0,0,34.99381637573242,"{""cuda:torch.float32"": 5.750783920288086}",{},"{""exp_avg:cpu:torch.float32"": 5.750783920288086, ""exp_avg_sq:cpu:torch.float32"": 5.750783920288086, ""step:cpu:torch.float32"": 1.259148120880127e-06}"
FP32-FINAL-CPU-BEST-r1,FP32-FINAL-CPU-BEST,1,24,actor_update_policy_start,,,,5.768864154815674,5.876953125,5.768864154815674,5.876953125,6.2100830078125,5.768864154815674,0.10808897018432617,0,0,34.99381637573242,"{""cuda:torch.float32"": 5.750783920288086}",{},"{""exp_avg:cpu:torch.float32"": 5.750783920288086, ""exp_avg_sq:cpu:torch.float32"": 5.750783920288086, ""step:cpu:torch.float32"": 1.259148120880127e-06}"
FP32-FINAL-CPU-BEST-r1,FP32-FINAL-CPU-BEST,1,24,actor_forward_start,0,0,0,5.768864154815674,5.876953125,5.768864154815674,5.876953125,6.2100830078125,5.768864154815674,0.10808897018432617,0,0,34.99381637573242,"{""cuda:torch.float32"": 5.750783920288086}",{},"{""exp_avg:cpu:torch.float32"": 5.750783920288086, ""exp_avg_sq:cpu:torch.float32"": 5.750783920288086, ""step:cpu:torch.float32"": 1.259148120880127e-06}"
FP32-FINAL-CPU-BEST-r1,FP32-FINAL-CPU-BEST,1,24,actor_forward_end,0,0,0,6.344898700714111,6.5859375,6.381992816925049,6.5859375,6.9190673828125,6.344898700714111,0.11799192428588867,0,0,34.99381637573242,"{""cuda:torch.float32"": 5.750783920288086}",{},"{""exp_avg:cpu:torch.float32"": 5.750783920288086, ""exp_avg_sq:cpu:torch.float32"": 5.750783920288086, ""step:cpu:torch.float32"": 1.259148120880127e-06}"
FP32-FINAL-CPU-BEST-r1,FP32-FINAL-CPU-BEST,1,24,actor_backward_end,0,0,0,5.76889181137085,10.11328125,8.377046585083008,10.11328125,10.4464111328125,5.76889181137085,0.10806131362915039,0,0,40.16251754760742,"{""cuda:torch.float32"": 5.750783920288086}",{},"{""exp_avg:cpu:torch.float32"": 5.750783920288086, ""exp_avg_sq:cpu:torch.float32"": 5.750783920288086, ""step:cpu:torch.float32"": 1.259148120880127e-06}"
FP32-FINAL-CPU-BEST-r1,FP32-FINAL-CPU-BEST,1,24,actor_optimizer_start,0,0,,5.768880367279053,10.11328125,8.377046585083008,10.11328125,10.4464111328125,5.768880367279053,0.10807275772094727,0,0,40.16251754760742,"{""cuda:torch.float32"": 5.750783920288086}",{},"{""exp_avg:cpu:torch.float32"": 5.750783920288086, ""exp_avg_sq:cpu:torch.float32"": 5.750783920288086, ""step:cpu:torch.float32"": 1.259148120880127e-06}"
FP32-FINAL-CPU-BEST-r1,FP32-FINAL-CPU-BEST,1,24,actor_optimizer_end,0,0,,5.768880367279053,10.11328125,8.377046585083008,10.11328125,10.4464111328125,5.768880367279053,0.10807275772094727,0,0,34.92338562011719,"{""cuda:torch.float32"": 5.750783920288086}",{},"{""exp_avg:cpu:torch.float32"": 5.750783920288086, ""exp_avg_sq:cpu:torch.float32"": 5.750783920288086, ""step:cpu:torch.float32"": 1.259148120880127e-06}"
FP32-FINAL-CPU-BEST-r1,FP32-FINAL-CPU-BEST,1,24,actor_update_cleanup,,,,5.768880367279053,10.11328125,8.377046585083008,10.11328125,10.4464111328125,5.768880367279053,0.10807275772094727,0,0,34.92338562011719,"{""cuda:torch.float32"": 5.750783920288086}",{},"{""exp_avg:cpu:torch.float32"": 5.750783920288086, ""exp_avg_sq:cpu:torch.float32"": 5.750783920288086, ""step:cpu:torch.float32"": 1.259148120880127e-06}"
FP32-FINAL-CPU-BEST-r1,FP32-FINAL-CPU-BEST,1,25,actor_update_policy_start,,,,5.768864154815674,5.876953125,5.768864154815674,5.876953125,6.2100830078125,5.768864154815674,0.10808897018432617,0,0,34.92338562011719,"{""cuda:torch.float32"": 5.750783920288086}",{},"{""exp_avg:cpu:torch.float32"": 5.750783920288086, ""exp_avg_sq:cpu:torch.float32"": 5.750783920288086, ""step:cpu:torch.float32"": 1.259148120880127e-06}"
FP32-FINAL-CPU-BEST-r1,FP32-FINAL-CPU-BEST,1,25,actor_forward_start,0,0,0,5.768864154815674,5.876953125,5.768864154815674,5.876953125,6.2100830078125,5.768864154815674,0.10808897018432617,0,0,34.92338562011719,"{""cuda:torch.float32"": 5.750783920288086}",{},"{""exp_avg:cpu:torch.float32"": 5.750783920288086, ""exp_avg_sq:cpu:torch.float32"": 5.750783920288086, ""step:cpu:torch.float32"": 1.259148120880127e-06}"
FP32-FINAL-CPU-BEST-r1,FP32-FINAL-CPU-BEST,1,25,actor_forward_end,0,0,0,6.344898700714111,6.5859375,6.381992816925049,6.5859375,6.9190673828125,6.344898700714111,0.11799192428588867,0,0,34.92338562011719,"{""cuda:torch.float32"": 5.750783920288086}",{},"{""exp_avg:cpu:torch.float32"": 5.750783920288086, ""exp_avg_sq:cpu:torch.float32"": 5.750783920288086, ""step:cpu:torch.float32"": 1.259148120880127e-06}"
FP32-FINAL-CPU-BEST-r1,FP32-FINAL-CPU-BEST,1,25,actor_backward_end,0,0,0,5.76889181137085,10.11328125,8.377046585083008,10.11328125,10.4464111328125,5.76889181137085,0.10806131362915039,0,0,40.16093444824219,"{""cuda:torch.float32"": 5.750783920288086}",{},"{""exp_avg:cpu:torch.float32"": 5.750783920288086, ""exp_avg_sq:cpu:torch.float32"": 5.750783920288086, ""step:cpu:torch.float32"": 1.259148120880127e-06}"
FP32-FINAL-CPU-BEST-r1,FP32-FINAL-CPU-BEST,1,25,actor_optimizer_start,0,0,,5.768880367279053,10.11328125,8.377046585083008,10.11328125,10.4464111328125,5.768880367279053,0.10807275772094727,0,0,40.16093444824219,"{""cuda:torch.float32"": 5.750783920288086}",{},"{""exp_avg:cpu:torch.float32"": 5.750783920288086, ""exp_avg_sq:cpu:torch.float32"": 5.750783920288086, ""step:cpu:torch.float32"": 1.259148120880127e-06}"
FP32-FINAL-CPU-BEST-r1,FP32-FINAL-CPU-BEST,1,25,actor_optimizer_end,0,0,,5.768880367279053,10.11328125,8.377046585083008,10.11328125,10.4464111328125,5.768880367279053,0.10807275772094727,0,0,34.92314910888672,"{""cuda:torch.float32"": 5.750783920288086}",{},"{""exp_avg:cpu:torch.float32"": 5.750783920288086, ""exp_avg_sq:cpu:torch.float32"": 5.750783920288086, ""step:cpu:torch.float32"": 1.259148120880127e-06}"
FP32-FINAL-CPU-BEST-r1,FP32-FINAL-CPU-BEST,1,25,actor_update_cleanup,,,,5.768880367279053,10.11328125,8.377046585083008,10.11328125,10.4464111328125,5.768880367279053,0.10807275772094727,0,0,34.92314910888672,"{""cuda:torch.float32"": 5.750783920288086}",{},"{""exp_avg:cpu:torch.float32"": 5.750783920288086, ""exp_avg_sq:cpu:torch.float32"": 5.750783920288086, ""step:cpu:torch.float32"": 1.259148120880127e-06}"
FP32-FINAL-CPU-BEST-r1,FP32-FINAL-CPU-BEST,1,26,actor_update_policy_start,,,,5.768864154815674,5.876953125,5.768864154815674,5.876953125,6.2100830078125,5.768864154815674,0.10808897018432617,0,0,34.92327117919922,"{""cuda:torch.float32"": 5.750783920288086}",{},"{""exp_avg:cpu:torch.float32"": 5.750783920288086, ""exp_avg_sq:cpu:torch.float32"": 5.750783920288086, ""step:cpu:torch.float32"": 1.259148120880127e-06}"
FP32-FINAL-CPU-BEST-r1,FP32-FINAL-CPU-BEST,1,26,actor_forward_start,0,0,0,5.768864154815674,5.876953125,5.768864154815674,5.876953125,6.2100830078125,5.768864154815674,0.10808897018432617,0,0,34.92327117919922,"{""cuda:torch.float32"": 5.750783920288086}",{},"{""exp_avg:cpu:torch.float32"": 5.750783920288086, ""exp_avg_sq:cpu:torch.float32"": 5.750783920288086, ""step:cpu:torch.float32"": 1.259148120880127e-06}"
FP32-FINAL-CPU-BEST-r1,FP32-FINAL-CPU-BEST,1,26,actor_forward_end,0,0,0,6.344898700714111,6.5859375,6.381992816925049,6.5859375,6.9190673828125,6.344898700714111,0.11799192428588867,0,0,34.92327117919922,"{""cuda:torch.float32"": 5.750783920288086}",{},"{""exp_avg:cpu:torch.float32"": 5.750783920288086, ""exp_avg_sq:cpu:torch.float32"": 5.750783920288086, ""step:cpu:torch.float32"": 1.259148120880127e-06}"
FP32-FINAL-CPU-BEST-r1,FP32-FINAL-CPU-BEST,1,26,actor_backward_end,0,0,0,5.76889181137085,10.11328125,8.377046585083008,10.11328125,10.4464111328125,5.76889181137085,0.10806131362915039,0,0,40.16106414794922,"{""cuda:torch.float32"": 5.750783920288086}",{},"{""exp_avg:cpu:torch.float32"": 5.750783920288086, ""exp_avg_sq:cpu:torch.float32"": 5.750783920288086, ""step:cpu:torch.float32"": 1.259148120880127e-06}"
FP32-FINAL-CPU-BEST-r1,FP32-FINAL-CPU-BEST,1,26,actor_optimizer_start,0,0,,5.768880367279053,10.11328125,8.377046585083008,10.11328125,10.4464111328125,5.768880367279053,0.10807275772094727,0,0,40.16106414794922,"{""cuda:torch.float32"": 5.750783920288086}",{},"{""exp_avg:cpu:torch.float32"": 5.750783920288086, ""exp_avg_sq:cpu:torch.float32"": 5.750783920288086, ""step:cpu:torch.float32"": 1.259148120880127e-06}"
FP32-FINAL-CPU-BEST-r1,FP32-FINAL-CPU-BEST,1,26,actor_optimizer_end,0,0,,5.768880367279053,10.11328125,8.377046585083008,10.11328125,10.4464111328125,5.768880367279053,0.10807275772094727,0,0,34.923439025878906,"{""cuda:torch.float32"": 5.750783920288086}",{},"{""exp_avg:cpu:torch.float32"": 5.750783920288086, ""exp_avg_sq:cpu:torch.float32"": 5.750783920288086, ""step:cpu:torch.float32"": 1.259148120880127e-06}"
FP32-FINAL-CPU-BEST-r1,FP32-FINAL-CPU-BEST,1,26,actor_update_cleanup,,,,5.768880367279053,10.11328125,8.377046585083008,10.11328125,10.4464111328125,5.768880367279053,0.10807275772094727,0,0,34.923439025878906,"{""cuda:torch.float32"": 5.750783920288086}",{},"{""exp_avg:cpu:torch.float32"": 5.750783920288086, ""exp_avg_sq:cpu:torch.float32"": 5.750783920288086, ""step:cpu:torch.float32"": 1.259148120880127e-06}"
FP32-FINAL-CPU-BEST-r1,FP32-FINAL-CPU-BEST,1,27,actor_update_policy_start,,,,5.768864154815674,5.876953125,5.768864154815674,5.876953125,6.2100830078125,5.768864154815674,0.10808897018432617,0,0,34.923439025878906,"{""cuda:torch.float32"": 5.750783920288086}",{},"{""exp_avg:cpu:torch.float32"": 5.750783920288086, ""exp_avg_sq:cpu:torch.float32"": 5.750783920288086, ""step:cpu:torch.float32"": 1.259148120880127e-06}"
FP32-FINAL-CPU-BEST-r1,FP32-FINAL-CPU-BEST,1,27,actor_forward_start,0,0,0,5.768864154815674,5.876953125,5.768864154815674,5.876953125,6.2100830078125,5.768864154815674,0.10808897018432617,0,0,34.923439025878906,"{""cuda:torch.float32"": 5.750783920288086}",{},"{""exp_avg:cpu:torch.float32"": 5.750783920288086, ""exp_avg_sq:cpu:torch.float32"": 5.750783920288086, ""step:cpu:torch.float32"": 1.259148120880127e-06}"
FP32-FINAL-CPU-BEST-r1,FP32-FINAL-CPU-BEST,1,27,actor_forward_end,0,0,0,6.344898700714111,6.5859375,6.381992816925049,6.5859375,6.9190673828125,6.344898700714111,0.11799192428588867,0,0,34.923439025878906,"{""cuda:torch.float32"": 5.750783920288086}",{},"{""exp_avg:cpu:torch.float32"": 5.750783920288086, ""exp_avg_sq:cpu:torch.float32"": 5.750783920288086, ""step:cpu:torch.float32"": 1.259148120880127e-06}"
FP32-FINAL-CPU-BEST-r1,FP32-FINAL-CPU-BEST,1,27,actor_backward_end,0,0,0,5.76889181137085,10.11328125,8.377046585083008,10.11328125,10.4464111328125,5.76889181137085,0.10806131362915039,0,0,40.170021057128906,"{""cuda:torch.float32"": 5.750783920288086}",{},"{""exp_avg:cpu:torch.float32"": 5.750783920288086, ""exp_avg_sq:cpu:torch.float32"": 5.750783920288086, ""step:cpu:torch.float32"": 1.259148120880127e-06}"
FP32-FINAL-CPU-BEST-r1,FP32-FINAL-CPU-BEST,1,27,actor_optimizer_start,0,0,,5.768880367279053,10.11328125,8.377046585083008,10.11328125,10.4464111328125,5.768880367279053,0.10807275772094727,0,0,40.170021057128906,"{""cuda:torch.float32"": 5.750783920288086}",{},"{""exp_avg:cpu:torch.float32"": 5.750783920288086, ""exp_avg_sq:cpu:torch.float32"": 5.750783920288086, ""step:cpu:torch.float32"": 1.259148120880127e-06}"
FP32-FINAL-CPU-BEST-r1,FP32-FINAL-CPU-BEST,1,27,actor_optimizer_end,0,0,,5.768880367279053,10.11328125,8.377046585083008,10.11328125,10.4464111328125,5.768880367279053,0.10807275772094727,0,0,34.993865966796875,"{""cuda:torch.float32"": 5.750783920288086}",{},"{""exp_avg:cpu:torch.float32"": 5.750783920288086, ""exp_avg_sq:cpu:torch.float32"": 5.750783920288086, ""step:cpu:torch.float32"": 1.259148120880127e-06}"
FP32-FINAL-CPU-BEST-r1,FP32-FINAL-CPU-BEST,1,27,actor_update_cleanup,,,,5.768880367279053,10.11328125,8.377046585083008,10.11328125,10.4464111328125,5.768880367279053,0.10807275772094727,0,0,34.993865966796875,"{""cuda:torch.float32"": 5.750783920288086}",{},"{""exp_avg:cpu:torch.float32"": 5.750783920288086, ""exp_avg_sq:cpu:torch.float32"": 5.750783920288086, ""step:cpu:torch.float32"": 1.259148120880127e-06}"
FP32-FINAL-CPU-BEST-r1,FP32-FINAL-CPU-BEST,1,28,actor_update_policy_start,,,,5.768864154815674,5.876953125,5.768864154815674,5.876953125,6.2100830078125,5.768864154815674,0.10808897018432617,0,0,34.923545837402344,"{""cuda:torch.float32"": 5.750783920288086}",{},"{""exp_avg:cpu:torch.float32"": 5.750783920288086, ""exp_avg_sq:cpu:torch.float32"": 5.750783920288086, ""step:cpu:torch.float32"": 1.259148120880127e-06}"
FP32-FINAL-CPU-BEST-r1,FP32-FINAL-CPU-BEST,1,28,actor_forward_start,0,0,0,5.768864154815674,5.876953125,5.768864154815674,5.876953125,6.2100830078125,5.768864154815674,0.10808897018432617,0,0,34.923545837402344,"{""cuda:torch.float32"": 5.750783920288086}",{},"{""exp_avg:cpu:torch.float32"": 5.750783920288086, ""exp_avg_sq:cpu:torch.float32"": 5.750783920288086, ""step:cpu:torch.float32"": 1.259148120880127e-06}"
FP32-FINAL-CPU-BEST-r1,FP32-FINAL-CPU-BEST,1,28,actor_forward_end,0,0,0,6.344898700714111,6.5859375,6.381992816925049,6.5859375,6.9190673828125,6.344898700714111,0.11799192428588867,0,0,34.923545837402344,"{""cuda:torch.float32"": 5.750783920288086}",{},"{""exp_avg:cpu:torch.float32"": 5.750783920288086, ""exp_avg_sq:cpu:torch.float32"": 5.750783920288086, ""step:cpu:torch.float32"": 1.259148120880127e-06}"
FP32-FINAL-CPU-BEST-r1,FP32-FINAL-CPU-BEST,1,28,actor_backward_end,0,0,0,5.76889181137085,10.11328125,8.377046585083008,10.11328125,10.4464111328125,5.76889181137085,0.10806131362915039,0,0,40.196250915527344,"{""cuda:torch.float32"": 5.750783920288086}",{},"{""exp_avg:cpu:torch.float32"": 5.750783920288086, ""exp_avg_sq:cpu:torch.float32"": 5.750783920288086, ""step:cpu:torch.float32"": 1.259148120880127e-06}"
FP32-FINAL-CPU-BEST-r1,FP32-FINAL-CPU-BEST,1,28,actor_optimizer_start,0,0,,5.768880367279053,10.11328125,8.377046585083008,10.11328125,10.4464111328125,5.768880367279053,0.10807275772094727,0,0,40.196250915527344,"{""cuda:torch.float32"": 5.750783920288086}",{},"{""exp_avg:cpu:torch.float32"": 5.750783920288086, ""exp_avg_sq:cpu:torch.float32"": 5.750783920288086, ""step:cpu:torch.float32"": 1.259148120880127e-06}"
FP32-FINAL-CPU-BEST-r1,FP32-FINAL-CPU-BEST,1,28,actor_optimizer_end,0,0,,5.768880367279053,10.11328125,8.377046585083008,10.11328125,10.4464111328125,5.768880367279053,0.10807275772094727,0,0,34.923213958740234,"{""cuda:torch.float32"": 5.750783920288086}",{},"{""exp_avg:cpu:torch.float32"": 5.750783920288086, ""exp_avg_sq:cpu:torch.float32"": 5.750783920288086, ""step:cpu:torch.float32"": 1.259148120880127e-06}"
FP32-FINAL-CPU-BEST-r1,FP32-FINAL-CPU-BEST,1,28,actor_update_cleanup,,,,5.768880367279053,10.11328125,8.377046585083008,10.11328125,10.4464111328125,5.768880367279053,0.10807275772094727,0,0,34.923213958740234,"{""cuda:torch.float32"": 5.750783920288086}",{},"{""exp_avg:cpu:torch.float32"": 5.750783920288086, ""exp_avg_sq:cpu:torch.float32"": 5.750783920288086, ""step:cpu:torch.float32"": 1.259148120880127e-06}"
FP32-FINAL-CPU-BEST-r1,FP32-FINAL-CPU-BEST,1,29,actor_update_policy_start,,,,5.768864154815674,5.876953125,5.768864154815674,5.876953125,6.2100830078125,5.768864154815674,0.10808897018432617,0,0,34.923336029052734,"{""cuda:torch.float32"": 5.750783920288086}",{},"{""exp_avg:cpu:torch.float32"": 5.750783920288086, ""exp_avg_sq:cpu:torch.float32"": 5.750783920288086, ""step:cpu:torch.float32"": 1.259148120880127e-06}"
FP32-FINAL-CPU-BEST-r1,FP32-FINAL-CPU-BEST,1,29,actor_forward_start,0,0,0,5.768864154815674,5.876953125,5.768864154815674,5.876953125,6.2100830078125,5.768864154815674,0.10808897018432617,0,0,34.923336029052734,"{""cuda:torch.float32"": 5.750783920288086}",{},"{""exp_avg:cpu:torch.float32"": 5.750783920288086, ""exp_avg_sq:cpu:torch.float32"": 5.750783920288086, ""step:cpu:torch.float32"": 1.259148120880127e-06}"
FP32-FINAL-CPU-BEST-r1,FP32-FINAL-CPU-BEST,1,29,actor_forward_end,0,0,0,6.344898700714111,6.5859375,6.381992816925049,6.5859375,6.9190673828125,6.344898700714111,0.11799192428588867,0,0,34.923336029052734,"{""cuda:torch.float32"": 5.750783920288086}",{},"{""exp_avg:cpu:torch.float32"": 5.750783920288086, ""exp_avg_sq:cpu:torch.float32"": 5.750783920288086, ""step:cpu:torch.float32"": 1.259148120880127e-06}"
FP32-FINAL-CPU-BEST-r1,FP32-FINAL-CPU-BEST,1,29,actor_backward_end,0,0,0,5.76889181137085,10.11328125,8.377046585083008,10.11328125,10.4464111328125,5.76889181137085,0.10806131362915039,0,0,40.178585052490234,"{""cuda:torch.float32"": 5.750783920288086}",{},"{""exp_avg:cpu:torch.float32"": 5.750783920288086, ""exp_avg_sq:cpu:torch.float32"": 5.750783920288086, ""step:cpu:torch.float32"": 1.259148120880127e-06}"
FP32-FINAL-CPU-BEST-r1,FP32-FINAL-CPU-BEST,1,29,actor_optimizer_start,0,0,,5.768880367279053,10.11328125,8.377046585083008,10.11328125,10.4464111328125,5.768880367279053,0.10807275772094727,0,0,40.178585052490234,"{""cuda:torch.float32"": 5.750783920288086}",{},"{""exp_avg:cpu:torch.float32"": 5.750783920288086, ""exp_avg_sq:cpu:torch.float32"": 5.750783920288086, ""step:cpu:torch.float32"": 1.259148120880127e-06}"
FP32-FINAL-CPU-BEST-r1,FP32-FINAL-CPU-BEST,1,29,actor_optimizer_end,0,0,,5.768880367279053,10.11328125,8.377046585083008,10.11328125,10.4464111328125,5.768880367279053,0.10807275772094727,0,0,34.985076904296875,"{""cuda:torch.float32"": 5.750783920288086}",{},"{""exp_avg:cpu:torch.float32"": 5.750783920288086, ""exp_avg_sq:cpu:torch.float32"": 5.750783920288086, ""step:cpu:torch.float32"": 1.259148120880127e-06}"
FP32-FINAL-CPU-BEST-r1,FP32-FINAL-CPU-BEST,1,29,actor_update_cleanup,,,,5.768880367279053,10.11328125,8.377046585083008,10.11328125,10.4464111328125,5.768880367279053,0.10807275772094727,0,0,34.985076904296875,"{""cuda:torch.float32"": 5.750783920288086}",{},"{""exp_avg:cpu:torch.float32"": 5.750783920288086, ""exp_avg_sq:cpu:torch.float32"": 5.750783920288086, ""step:cpu:torch.float32"": 1.259148120880127e-06}"
FP32-FINAL-CPU-BEST-r1,FP32-FINAL-CPU-BEST,1,30,actor_update_policy_start,,,,5.768864154815674,5.876953125,5.768864154815674,5.876953125,6.2100830078125,5.768864154815674,0.10808897018432617,0,0,34.92354965209961,"{""cuda:torch.float32"": 5.750783920288086}",{},"{""exp_avg:cpu:torch.float32"": 5.750783920288086, ""exp_avg_sq:cpu:torch.float32"": 5.750783920288086, ""step:cpu:torch.float32"": 1.259148120880127e-06}"
FP32-FINAL-CPU-BEST-r1,FP32-FINAL-CPU-BEST,1,30,actor_forward_start,0,0,0,5.768864154815674,5.876953125,5.768864154815674,5.876953125,6.2100830078125,5.768864154815674,0.10808897018432617,0,0,34.92354965209961,"{""cuda:torch.float32"": 5.750783920288086}",{},"{""exp_avg:cpu:torch.float32"": 5.750783920288086, ""exp_avg_sq:cpu:torch.float32"": 5.750783920288086, ""step:cpu:torch.float32"": 1.259148120880127e-06}"
FP32-FINAL-CPU-BEST-r1,FP32-FINAL-CPU-BEST,1,30,actor_forward_end,0,0,0,6.344898700714111,6.5859375,6.381992816925049,6.5859375,6.9190673828125,6.344898700714111,0.11799192428588867,0,0,34.92354965209961,"{""cuda:torch.float32"": 5.750783920288086}",{},"{""exp_avg:cpu:torch.float32"": 5.750783920288086, ""exp_avg_sq:cpu:torch.float32"": 5.750783920288086, ""step:cpu:torch.float32"": 1.259148120880127e-06}"
FP32-FINAL-CPU-BEST-r1,FP32-FINAL-CPU-BEST,1,30,actor_backward_end,0,0,0,5.76889181137085,10.11328125,8.377046585083008,10.11328125,10.4464111328125,5.76889181137085,0.10806131362915039,0,0,40.17000961303711,"{""cuda:torch.float32"": 5.750783920288086}",{},"{""exp_avg:cpu:torch.float32"": 5.750783920288086, ""exp_avg_sq:cpu:torch.float32"": 5.750783920288086, ""step:cpu:torch.float32"": 1.259148120880127e-06}"
FP32-FINAL-CPU-BEST-r1,FP32-FINAL-CPU-BEST,1,30,actor_optimizer_start,0,0,,5.768880367279053,10.11328125,8.377046585083008,10.11328125,10.4464111328125,5.768880367279053,0.10807275772094727,0,0,40.17000961303711,"{""cuda:torch.float32"": 5.750783920288086}",{},"{""exp_avg:cpu:torch.float32"": 5.750783920288086, ""exp_avg_sq:cpu:torch.float32"": 5.750783920288086, ""step:cpu:torch.float32"": 1.259148120880127e-06}"
FP32-FINAL-CPU-BEST-r1,FP32-FINAL-CPU-BEST,1,30,actor_optimizer_end,0,0,,5.768880367279053,10.11328125,8.377046585083008,10.11328125,10.4464111328125,5.768880367279053,0.10807275772094727,0,0,34.92341232299805,"{""cuda:torch.float32"": 5.750783920288086}",{},"{""exp_avg:cpu:torch.float32"": 5.750783920288086, ""exp_avg_sq:cpu:torch.float32"": 5.750783920288086, ""step:cpu:torch.float32"": 1.259148120880127e-06}"
FP32-FINAL-CPU-BEST-r1,FP32-FINAL-CPU-BEST,1,30,actor_update_cleanup,,,,5.768880367279053,10.11328125,8.377046585083008,10.11328125,10.4464111328125,5.768880367279053,0.10807275772094727,0,0,34.92341232299805,"{""cuda:torch.float32"": 5.750783920288086}",{},"{""exp_avg:cpu:torch.float32"": 5.750783920288086, ""exp_avg_sq:cpu:torch.float32"": 5.750783920288086, ""step:cpu:torch.float32"": 1.259148120880127e-06}"
FP32-FINAL-CPU-BEST-r1,FP32-FINAL-CPU-BEST,1,31,actor_update_policy_start,,,,5.768864154815674,5.876953125,5.768864154815674,5.876953125,6.2100830078125,5.768864154815674,0.10808897018432617,0,0,34.92341232299805,"{""cuda:torch.float32"": 5.750783920288086}",{},"{""exp_avg:cpu:torch.float32"": 5.750783920288086, ""exp_avg_sq:cpu:torch.float32"": 5.750783920288086, ""step:cpu:torch.float32"": 1.259148120880127e-06}"
FP32-FINAL-CPU-BEST-r1,FP32-FINAL-CPU-BEST,1,31,actor_forward_start,0,0,0,5.768864154815674,5.876953125,5.768864154815674,5.876953125,6.2100830078125,5.768864154815674,0.10808897018432617,0,0,34.92341232299805,"{""cuda:torch.float32"": 5.750783920288086}",{},"{""exp_avg:cpu:torch.float32"": 5.750783920288086, ""exp_avg_sq:cpu:torch.float32"": 5.750783920288086, ""step:cpu:torch.float32"": 1.259148120880127e-06}"
FP32-FINAL-CPU-BEST-r1,FP32-FINAL-CPU-BEST,1,31,actor_forward_end,0,0,0,6.344898700714111,6.5859375,6.381992816925049,6.5859375,6.9190673828125,6.344898700714111,0.11799192428588867,0,0,34.92341232299805,"{""cuda:torch.float32"": 5.750783920288086}",{},"{""exp_avg:cpu:torch.float32"": 5.750783920288086, ""exp_avg_sq:cpu:torch.float32"": 5.750783920288086, ""step:cpu:torch.float32"": 1.259148120880127e-06}"
FP32-FINAL-CPU-BEST-r1,FP32-FINAL-CPU-BEST,1,31,actor_backward_end,0,0,0,5.76889181137085,10.11328125,8.377046585083008,10.11328125,10.4464111328125,5.76889181137085,0.10806131362915039,0,0,40.173954010009766,"{""cuda:torch.float32"": 5.750783920288086}",{},"{""exp_avg:cpu:torch.float32"": 5.750783920288086, ""exp_avg_sq:cpu:torch.float32"": 5.750783920288086, ""step:cpu:torch.float32"": 1.259148120880127e-06}"
FP32-FINAL-CPU-BEST-r1,FP32-FINAL-CPU-BEST,1,31,actor_optimizer_start,0,0,,5.768880367279053,10.11328125,8.377046585083008,10.11328125,10.4464111328125,5.768880367279053,0.10807275772094727,0,0,40.173954010009766,"{""cuda:torch.float32"": 5.750783920288086}",{},"{""exp_avg:cpu:torch.float32"": 5.750783920288086, ""exp_avg_sq:cpu:torch.float32"": 5.750783920288086, ""step:cpu:torch.float32"": 1.259148120880127e-06}"
FP32-FINAL-CPU-BEST-r1,FP32-FINAL-CPU-BEST,1,31,actor_optimizer_end,0,0,,5.768880367279053,10.11328125,8.377046585083008,10.11328125,10.4464111328125,5.768880367279053,0.10807275772094727,0,0,34.98032760620117,"{""cuda:torch.float32"": 5.750783920288086}",{},"{""exp_avg:cpu:torch.float32"": 5.750783920288086, ""exp_avg_sq:cpu:torch.float32"": 5.750783920288086, ""step:cpu:torch.float32"": 1.259148120880127e-06}"
FP32-FINAL-CPU-BEST-r1,FP32-FINAL-CPU-BEST,1,31,actor_update_cleanup,,,,5.768880367279053,10.11328125,8.377046585083008,10.11328125,10.4464111328125,5.768880367279053,0.10807275772094727,0,0,34.98032760620117,"{""cuda:torch.float32"": 5.750783920288086}",{},"{""exp_avg:cpu:torch.float32"": 5.750783920288086, ""exp_avg_sq:cpu:torch.float32"": 5.750783920288086, ""step:cpu:torch.float32"": 1.259148120880127e-06}"
FP32-FINAL-CPU-BEST-r1,FP32-FINAL-CPU-BEST,1,32,actor_update_policy_start,,,,5.768864154815674,5.876953125,5.768864154815674,5.876953125,6.2100830078125,5.768864154815674,0.10808897018432617,0,0,34.918800354003906,"{""cuda:torch.float32"": 5.750783920288086}",{},"{""exp_avg:cpu:torch.float32"": 5.750783920288086, ""exp_avg_sq:cpu:torch.float32"": 5.750783920288086, ""step:cpu:torch.float32"": 1.259148120880127e-06}"
FP32-FINAL-CPU-BEST-r1,FP32-FINAL-CPU-BEST,1,32,actor_forward_start,0,0,0,5.768864154815674,5.876953125,5.768864154815674,5.876953125,6.2100830078125,5.768864154815674,0.10808897018432617,0,0,34.918800354003906,"{""cuda:torch.float32"": 5.750783920288086}",{},"{""exp_avg:cpu:torch.float32"": 5.750783920288086, ""exp_avg_sq:cpu:torch.float32"": 5.750783920288086, ""step:cpu:torch.float32"": 1.259148120880127e-06}"
FP32-FINAL-CPU-BEST-r1,FP32-FINAL-CPU-BEST,1,32,actor_forward_end,0,0,0,6.344898700714111,6.5859375,6.381992816925049,6.5859375,6.9190673828125,6.344898700714111,0.11799192428588867,0,0,34.918800354003906,"{""cuda:torch.float32"": 5.750783920288086}",{},"{""exp_avg:cpu:torch.float32"": 5.750783920288086, ""exp_avg_sq:cpu:torch.float32"": 5.750783920288086, ""step:cpu:torch.float32"": 1.259148120880127e-06}"
FP32-FINAL-CPU-BEST-r1,FP32-FINAL-CPU-BEST,1,32,actor_backward_end,0,0,0,5.76889181137085,10.11328125,8.377046585083008,10.11328125,10.4464111328125,5.76889181137085,0.10806131362915039,0,0,40.182716369628906,"{""cuda:torch.float32"": 5.750783920288086}",{},"{""exp_avg:cpu:torch.float32"": 5.750783920288086, ""exp_avg_sq:cpu:torch.float32"": 5.750783920288086, ""step:cpu:torch.float32"": 1.259148120880127e-06}"
FP32-FINAL-CPU-BEST-r1,FP32-FINAL-CPU-BEST,1,32,actor_optimizer_start,0,0,,5.768880367279053,10.11328125,8.377046585083008,10.11328125,10.4464111328125,5.768880367279053,0.10807275772094727,0,0,40.182716369628906,"{""cuda:torch.float32"": 5.750783920288086}",{},"{""exp_avg:cpu:torch.float32"": 5.750783920288086, ""exp_avg_sq:cpu:torch.float32"": 5.750783920288086, ""step:cpu:torch.float32"": 1.259148120880127e-06}"
FP32-FINAL-CPU-BEST-r1,FP32-FINAL-CPU-BEST,1,32,actor_optimizer_end,0,0,,5.768880367279053,10.11328125,8.377046585083008,10.11328125,10.4464111328125,5.768880367279053,0.10807275772094727,0,0,34.980289459228516,"{""cuda:torch.float32"": 5.750783920288086}",{},"{""exp_avg:cpu:torch.float32"": 5.750783920288086, ""exp_avg_sq:cpu:torch.float32"": 5.750783920288086, ""step:cpu:torch.float32"": 1.259148120880127e-06}"
FP32-FINAL-CPU-BEST-r1,FP32-FINAL-CPU-BEST,1,32,actor_update_cleanup,,,,5.768880367279053,10.11328125,8.377046585083008,10.11328125,10.4464111328125,5.768880367279053,0.10807275772094727,0,0,34.980289459228516,"{""cuda:torch.float32"": 5.750783920288086}",{},"{""exp_avg:cpu:torch.float32"": 5.750783920288086, ""exp_avg_sq:cpu:torch.float32"": 5.750783920288086, ""step:cpu:torch.float32"": 1.259148120880127e-06}"
FP32-FINAL-CPU-BEST-r2,FP32-FINAL-CPU-BEST,2,3,actor_update_policy_start,,,,5.768864154815674,5.876953125,5.768864154815674,5.876953125,6.2100830078125,5.768864154815674,0.10808897018432617,0,0,34.94134521484375,"{""cuda:torch.float32"": 5.750783920288086}",{},"{""exp_avg:cpu:torch.float32"": 5.750783920288086, ""exp_avg_sq:cpu:torch.float32"": 5.750783920288086, ""step:cpu:torch.float32"": 1.259148120880127e-06}"
FP32-FINAL-CPU-BEST-r2,FP32-FINAL-CPU-BEST,2,3,actor_forward_start,0,0,0,5.768864154815674,5.876953125,5.768864154815674,5.876953125,6.2100830078125,5.768864154815674,0.10808897018432617,0,0,34.94134521484375,"{""cuda:torch.float32"": 5.750783920288086}",{},"{""exp_avg:cpu:torch.float32"": 5.750783920288086, ""exp_avg_sq:cpu:torch.float32"": 5.750783920288086, ""step:cpu:torch.float32"": 1.259148120880127e-06}"
FP32-FINAL-CPU-BEST-r2,FP32-FINAL-CPU-BEST,2,3,actor_forward_end,0,0,0,6.344898700714111,6.5859375,6.381992816925049,6.5859375,6.9190673828125,6.344898700714111,0.11799192428588867,0,0,34.94134521484375,"{""cuda:torch.float32"": 5.750783920288086}",{},"{""exp_avg:cpu:torch.float32"": 5.750783920288086, ""exp_avg_sq:cpu:torch.float32"": 5.750783920288086, ""step:cpu:torch.float32"": 1.259148120880127e-06}"
FP32-FINAL-CPU-BEST-r2,FP32-FINAL-CPU-BEST,2,3,actor_backward_end,0,0,0,5.76889181137085,10.11328125,8.377046585083008,10.11328125,10.4464111328125,5.76889181137085,0.10806131362915039,0,0,40.18963623046875,"{""cuda:torch.float32"": 5.750783920288086}",{},"{""exp_avg:cpu:torch.float32"": 5.750783920288086, ""exp_avg_sq:cpu:torch.float32"": 5.750783920288086, ""step:cpu:torch.float32"": 1.259148120880127e-06}"
FP32-FINAL-CPU-BEST-r2,FP32-FINAL-CPU-BEST,2,3,actor_optimizer_start,0,0,,5.768880367279053,10.11328125,8.377046585083008,10.11328125,10.4464111328125,5.768880367279053,0.10807275772094727,0,0,40.18963623046875,"{""cuda:torch.float32"": 5.750783920288086}",{},"{""exp_avg:cpu:torch.float32"": 5.750783920288086, ""exp_avg_sq:cpu:torch.float32"": 5.750783920288086, ""step:cpu:torch.float32"": 1.259148120880127e-06}"
FP32-FINAL-CPU-BEST-r2,FP32-FINAL-CPU-BEST,2,3,actor_optimizer_end,0,0,,5.768880367279053,10.11328125,8.377046585083008,10.11328125,10.4464111328125,5.768880367279053,0.10807275772094727,0,0,35.00325393676758,"{""cuda:torch.float32"": 5.750783920288086}",{},"{""exp_avg:cpu:torch.float32"": 5.750783920288086, ""exp_avg_sq:cpu:torch.float32"": 5.750783920288086, ""step:cpu:torch.float32"": 1.259148120880127e-06}"
FP32-FINAL-CPU-BEST-r2,FP32-FINAL-CPU-BEST,2,3,actor_update_cleanup,,,,5.768880367279053,10.11328125,8.377046585083008,10.11328125,10.4464111328125,5.768880367279053,0.10807275772094727,0,0,35.00325393676758,"{""cuda:torch.float32"": 5.750783920288086}",{},"{""exp_avg:cpu:torch.float32"": 5.750783920288086, ""exp_avg_sq:cpu:torch.float32"": 5.750783920288086, ""step:cpu:torch.float32"": 1.259148120880127e-06}"
FP32-FINAL-CPU-BEST-r2,FP32-FINAL-CPU-BEST,2,4,actor_update_policy_start,,,,5.768864154815674,5.876953125,5.768864154815674,5.876953125,6.2100830078125,5.768864154815674,0.10808897018432617,0,0,35.00325393676758,"{""cuda:torch.float32"": 5.750783920288086}",{},"{""exp_avg:cpu:torch.float32"": 5.750783920288086, ""exp_avg_sq:cpu:torch.float32"": 5.750783920288086, ""step:cpu:torch.float32"": 1.259148120880127e-06}"
FP32-FINAL-CPU-BEST-r2,FP32-FINAL-CPU-BEST,2,4,actor_forward_start,0,0,0,5.768864154815674,5.876953125,5.768864154815674,5.876953125,6.2100830078125,5.768864154815674,0.10808897018432617,0,0,35.00325393676758,"{""cuda:torch.float32"": 5.750783920288086}",{},"{""exp_avg:cpu:torch.float32"": 5.750783920288086, ""exp_avg_sq:cpu:torch.float32"": 5.750783920288086, ""step:cpu:torch.float32"": 1.259148120880127e-06}"
FP32-FINAL-CPU-BEST-r2,FP32-FINAL-CPU-BEST,2,4,actor_forward_end,0,0,0,6.344898700714111,6.5859375,6.381992816925049,6.5859375,6.9190673828125,6.344898700714111,0.11799192428588867,0,0,35.00325393676758,"{""cuda:torch.float32"": 5.750783920288086}",{},"{""exp_avg:cpu:torch.float32"": 5.750783920288086, ""exp_avg_sq:cpu:torch.float32"": 5.750783920288086, ""step:cpu:torch.float32"": 1.259148120880127e-06}"
FP32-FINAL-CPU-BEST-r2,FP32-FINAL-CPU-BEST,2,4,actor_backward_end,0,0,0,5.76889181137085,10.11328125,8.377046585083008,10.11328125,10.4464111328125,5.76889181137085,0.10806131362915039,0,0,40.19160842895508,"{""cuda:torch.float32"": 5.750783920288086}",{},"{""exp_avg:cpu:torch.float32"": 5.750783920288086, ""exp_avg_sq:cpu:torch.float32"": 5.750783920288086, ""step:cpu:torch.float32"": 1.259148120880127e-06}"
FP32-FINAL-CPU-BEST-r2,FP32-FINAL-CPU-BEST,2,4,actor_optimizer_start,0,0,,5.768880367279053,10.11328125,8.377046585083008,10.11328125,10.4464111328125,5.768880367279053,0.10807275772094727,0,0,40.19160842895508,"{""cuda:torch.float32"": 5.750783920288086}",{},"{""exp_avg:cpu:torch.float32"": 5.750783920288086, ""exp_avg_sq:cpu:torch.float32"": 5.750783920288086, ""step:cpu:torch.float32"": 1.259148120880127e-06}"
FP32-FINAL-CPU-BEST-r2,FP32-FINAL-CPU-BEST,2,4,actor_optimizer_end,0,0,,5.768880367279053,10.11328125,8.377046585083008,10.11328125,10.4464111328125,5.768880367279053,0.10807275772094727,0,0,35.06524658203125,"{""cuda:torch.float32"": 5.750783920288086}",{},"{""exp_avg:cpu:torch.float32"": 5.750783920288086, ""exp_avg_sq:cpu:torch.float32"": 5.750783920288086, ""step:cpu:torch.float32"": 1.259148120880127e-06}"
FP32-FINAL-CPU-BEST-r2,FP32-FINAL-CPU-BEST,2,4,actor_update_cleanup,,,,5.768880367279053,10.11328125,8.377046585083008,10.11328125,10.4464111328125,5.768880367279053,0.10807275772094727,0,0,35.06524658203125,"{""cuda:torch.float32"": 5.750783920288086}",{},"{""exp_avg:cpu:torch.float32"": 5.750783920288086, ""exp_avg_sq:cpu:torch.float32"": 5.750783920288086, ""step:cpu:torch.float32"": 1.259148120880127e-06}"
FP32-FINAL-CPU-BEST-r2,FP32-FINAL-CPU-BEST,2,5,actor_update_policy_start,,,,5.768864154815674,5.876953125,5.768864154815674,5.876953125,6.2100830078125,5.768864154815674,0.10808897018432617,0,0,35.06536865234375,"{""cuda:torch.float32"": 5.750783920288086}",{},"{""exp_avg:cpu:torch.float32"": 5.750783920288086, ""exp_avg_sq:cpu:torch.float32"": 5.750783920288086, ""step:cpu:torch.float32"": 1.259148120880127e-06}"
FP32-FINAL-CPU-BEST-r2,FP32-FINAL-CPU-BEST,2,5,actor_forward_start,0,0,0,5.768864154815674,5.876953125,5.768864154815674,5.876953125,6.2100830078125,5.768864154815674,0.10808897018432617,0,0,35.06536865234375,"{""cuda:torch.float32"": 5.750783920288086}",{},"{""exp_avg:cpu:torch.float32"": 5.750783920288086, ""exp_avg_sq:cpu:torch.float32"": 5.750783920288086, ""step:cpu:torch.float32"": 1.259148120880127e-06}"
FP32-FINAL-CPU-BEST-r2,FP32-FINAL-CPU-BEST,2,5,actor_forward_end,0,0,0,6.344898700714111,6.5859375,6.381992816925049,6.5859375,6.9190673828125,6.344898700714111,0.11799192428588867,0,0,35.06549072265625,"{""cuda:torch.float32"": 5.750783920288086}",{},"{""exp_avg:cpu:torch.float32"": 5.750783920288086, ""exp_avg_sq:cpu:torch.float32"": 5.750783920288086, ""step:cpu:torch.float32"": 1.259148120880127e-06}"
FP32-FINAL-CPU-BEST-r2,FP32-FINAL-CPU-BEST,2,5,actor_backward_end,0,0,0,5.76889181137085,10.11328125,8.377046585083008,10.11328125,10.4464111328125,5.76889181137085,0.10806131362915039,0,0,40.19378662109375,"{""cuda:torch.float32"": 5.750783920288086}",{},"{""exp_avg:cpu:torch.float32"": 5.750783920288086, ""exp_avg_sq:cpu:torch.float32"": 5.750783920288086, ""step:cpu:torch.float32"": 1.259148120880127e-06}"
FP32-FINAL-CPU-BEST-r2,FP32-FINAL-CPU-BEST,2,5,actor_optimizer_start,0,0,,5.768880367279053,10.11328125,8.377046585083008,10.11328125,10.4464111328125,5.768880367279053,0.10807275772094727,0,0,40.19378662109375,"{""cuda:torch.float32"": 5.750783920288086}",{},"{""exp_avg:cpu:torch.float32"": 5.750783920288086, ""exp_avg_sq:cpu:torch.float32"": 5.750783920288086, ""step:cpu:torch.float32"": 1.259148120880127e-06}"
FP32-FINAL-CPU-BEST-r2,FP32-FINAL-CPU-BEST,2,5,actor_optimizer_end,0,0,,5.768880367279053,10.11328125,8.377046585083008,10.11328125,10.4464111328125,5.768880367279053,0.10807275772094727,0,0,35.127262115478516,"{""cuda:torch.float32"": 5.750783920288086}",{},"{""exp_avg:cpu:torch.float32"": 5.750783920288086, ""exp_avg_sq:cpu:torch.float32"": 5.750783920288086, ""step:cpu:torch.float32"": 1.259148120880127e-06}"
FP32-FINAL-CPU-BEST-r2,FP32-FINAL-CPU-BEST,2,5,actor_update_cleanup,,,,5.768880367279053,10.11328125,8.377046585083008,10.11328125,10.4464111328125,5.768880367279053,0.10807275772094727,0,0,35.127262115478516,"{""cuda:torch.float32"": 5.750783920288086}",{},"{""exp_avg:cpu:torch.float32"": 5.750783920288086, ""exp_avg_sq:cpu:torch.float32"": 5.750783920288086, ""step:cpu:torch.float32"": 1.259148120880127e-06}"
FP32-FINAL-CPU-BEST-r2,FP32-FINAL-CPU-BEST,2,6,actor_update_policy_start,,,,5.768864154815674,5.876953125,5.768864154815674,5.876953125,6.2100830078125,5.768864154815674,0.10808897018432617,0,0,35.127262115478516,"{""cuda:torch.float32"": 5.750783920288086}",{},"{""exp_avg:cpu:torch.float32"": 5.750783920288086, ""exp_avg_sq:cpu:torch.float32"": 5.750783920288086, ""step:cpu:torch.float32"": 1.259148120880127e-06}"
FP32-FINAL-CPU-BEST-r2,FP32-FINAL-CPU-BEST,2,6,actor_forward_start,0,0,0,5.768864154815674,5.876953125,5.768864154815674,5.876953125,6.2100830078125,5.768864154815674,0.10808897018432617,0,0,35.127262115478516,"{""cuda:torch.float32"": 5.750783920288086}",{},"{""exp_avg:cpu:torch.float32"": 5.750783920288086, ""exp_avg_sq:cpu:torch.float32"": 5.750783920288086, ""step:cpu:torch.float32"": 1.259148120880127e-06}"
FP32-FINAL-CPU-BEST-r2,FP32-FINAL-CPU-BEST,2,6,actor_forward_end,0,0,0,6.344898700714111,6.5859375,6.381992816925049,6.5859375,6.9190673828125,6.344898700714111,0.11799192428588867,0,0,35.127262115478516,"{""cuda:torch.float32"": 5.750783920288086}",{},"{""exp_avg:cpu:torch.float32"": 5.750783920288086, ""exp_avg_sq:cpu:torch.float32"": 5.750783920288086, ""step:cpu:torch.float32"": 1.259148120880127e-06}"
FP32-FINAL-CPU-BEST-r2,FP32-FINAL-CPU-BEST,2,6,actor_backward_end,0,0,0,5.76889181137085,10.11328125,8.377046585083008,10.11328125,10.4464111328125,5.76889181137085,0.10806131362915039,0,0,40.213077545166016,"{""cuda:torch.float32"": 5.750783920288086}",{},"{""exp_avg:cpu:torch.float32"": 5.750783920288086, ""exp_avg_sq:cpu:torch.float32"": 5.750783920288086, ""step:cpu:torch.float32"": 1.259148120880127e-06}"
FP32-FINAL-CPU-BEST-r2,FP32-FINAL-CPU-BEST,2,6,actor_optimizer_start,0,0,,5.768880367279053,10.11328125,8.377046585083008,10.11328125,10.4464111328125,5.768880367279053,0.10807275772094727,0,0,40.213077545166016,"{""cuda:torch.float32"": 5.750783920288086}",{},"{""exp_avg:cpu:torch.float32"": 5.750783920288086, ""exp_avg_sq:cpu:torch.float32"": 5.750783920288086, ""step:cpu:torch.float32"": 1.259148120880127e-06}"
FP32-FINAL-CPU-BEST-r2,FP32-FINAL-CPU-BEST,2,6,actor_optimizer_end,0,0,,5.768880367279053,10.11328125,8.377046585083008,10.11328125,10.4464111328125,5.768880367279053,0.10807275772094727,0,0,35.189327239990234,"{""cuda:torch.float32"": 5.750783920288086}",{},"{""exp_avg:cpu:torch.float32"": 5.750783920288086, ""exp_avg_sq:cpu:torch.float32"": 5.750783920288086, ""step:cpu:torch.float32"": 1.259148120880127e-06}"
FP32-FINAL-CPU-BEST-r2,FP32-FINAL-CPU-BEST,2,6,actor_update_cleanup,,,,5.768880367279053,10.11328125,8.377046585083008,10.11328125,10.4464111328125,5.768880367279053,0.10807275772094727,0,0,35.189327239990234,"{""cuda:torch.float32"": 5.750783920288086}",{},"{""exp_avg:cpu:torch.float32"": 5.750783920288086, ""exp_avg_sq:cpu:torch.float32"": 5.750783920288086, ""step:cpu:torch.float32"": 1.259148120880127e-06}"
FP32-FINAL-CPU-BEST-r2,FP32-FINAL-CPU-BEST,2,7,actor_update_policy_start,,,,5.768864154815674,5.876953125,5.768864154815674,5.876953125,6.2100830078125,5.768864154815674,0.10808897018432617,0,0,35.12779998779297,"{""cuda:torch.float32"": 5.750783920288086}",{},"{""exp_avg:cpu:torch.float32"": 5.750783920288086, ""exp_avg_sq:cpu:torch.float32"": 5.750783920288086, ""step:cpu:torch.float32"": 1.259148120880127e-06}"
FP32-FINAL-CPU-BEST-r2,FP32-FINAL-CPU-BEST,2,7,actor_forward_start,0,0,0,5.768864154815674,5.876953125,5.768864154815674,5.876953125,6.2100830078125,5.768864154815674,0.10808897018432617,0,0,35.12779998779297,"{""cuda:torch.float32"": 5.750783920288086}",{},"{""exp_avg:cpu:torch.float32"": 5.750783920288086, ""exp_avg_sq:cpu:torch.float32"": 5.750783920288086, ""step:cpu:torch.float32"": 1.259148120880127e-06}"
FP32-FINAL-CPU-BEST-r2,FP32-FINAL-CPU-BEST,2,7,actor_forward_end,0,0,0,6.344898700714111,6.5859375,6.381992816925049,6.5859375,6.9190673828125,6.344898700714111,0.11799192428588867,0,0,35.12779998779297,"{""cuda:torch.float32"": 5.750783920288086}",{},"{""exp_avg:cpu:torch.float32"": 5.750783920288086, ""exp_avg_sq:cpu:torch.float32"": 5.750783920288086, ""step:cpu:torch.float32"": 1.259148120880127e-06}"
FP32-FINAL-CPU-BEST-r2,FP32-FINAL-CPU-BEST,2,7,actor_backward_end,0,0,0,5.76889181137085,10.11328125,8.377046585083008,10.11328125,10.4464111328125,5.76889181137085,0.10806131362915039,0,0,40.21349334716797,"{""cuda:torch.float32"": 5.750783920288086}",{},"{""exp_avg:cpu:torch.float32"": 5.750783920288086, ""exp_avg_sq:cpu:torch.float32"": 5.750783920288086, ""step:cpu:torch.float32"": 1.259148120880127e-06}"
FP32-FINAL-CPU-BEST-r2,FP32-FINAL-CPU-BEST,2,7,actor_optimizer_start,0,0,,5.768880367279053,10.11328125,8.377046585083008,10.11328125,10.4464111328125,5.768880367279053,0.10807275772094727,0,0,40.21349334716797,"{""cuda:torch.float32"": 5.750783920288086}",{},"{""exp_avg:cpu:torch.float32"": 5.750783920288086, ""exp_avg_sq:cpu:torch.float32"": 5.750783920288086, ""step:cpu:torch.float32"": 1.259148120880127e-06}"
FP32-FINAL-CPU-BEST-r2,FP32-FINAL-CPU-BEST,2,7,actor_optimizer_end,0,0,,5.768880367279053,10.11328125,8.377046585083008,10.11328125,10.4464111328125,5.768880367279053,0.10807275772094727,0,0,35.18947982788086,"{""cuda:torch.float32"": 5.750783920288086}",{},"{""exp_avg:cpu:torch.float32"": 5.750783920288086, ""exp_avg_sq:cpu:torch.float32"": 5.750783920288086, ""step:cpu:torch.float32"": 1.259148120880127e-06}"
FP32-FINAL-CPU-BEST-r2,FP32-FINAL-CPU-BEST,2,7,actor_update_cleanup,,,,5.768880367279053,10.11328125,8.377046585083008,10.11328125,10.4464111328125,5.768880367279053,0.10807275772094727,0,0,35.18947982788086,"{""cuda:torch.float32"": 5.750783920288086}",{},"{""exp_avg:cpu:torch.float32"": 5.750783920288086, ""exp_avg_sq:cpu:torch.float32"": 5.750783920288086, ""step:cpu:torch.float32"": 1.259148120880127e-06}"
FP32-FINAL-CPU-BEST-r2,FP32-FINAL-CPU-BEST,2,8,actor_update_policy_start,,,,5.768864154815674,5.876953125,5.768864154815674,5.876953125,6.2100830078125,5.768864154815674,0.10808897018432617,0,0,35.18947982788086,"{""cuda:torch.float32"": 5.750783920288086}",{},"{""exp_avg:cpu:torch.float32"": 5.750783920288086, ""exp_avg_sq:cpu:torch.float32"": 5.750783920288086, ""step:cpu:torch.float32"": 1.259148120880127e-06}"
FP32-FINAL-CPU-BEST-r2,FP32-FINAL-CPU-BEST,2,8,actor_forward_start,0,0,0,5.768864154815674,5.876953125,5.768864154815674,5.876953125,6.2100830078125,5.768864154815674,0.10808897018432617,0,0,35.18947982788086,"{""cuda:torch.float32"": 5.750783920288086}",{},"{""exp_avg:cpu:torch.float32"": 5.750783920288086, ""exp_avg_sq:cpu:torch.float32"": 5.750783920288086, ""step:cpu:torch.float32"": 1.259148120880127e-06}"
FP32-FINAL-CPU-BEST-r2,FP32-FINAL-CPU-BEST,2,8,actor_forward_end,0,0,0,6.344898700714111,6.5859375,6.381992816925049,6.5859375,6.9190673828125,6.344898700714111,0.11799192428588867,0,0,35.18947982788086,"{""cuda:torch.float32"": 5.750783920288086}",{},"{""exp_avg:cpu:torch.float32"": 5.750783920288086, ""exp_avg_sq:cpu:torch.float32"": 5.750783920288086, ""step:cpu:torch.float32"": 1.259148120880127e-06}"
FP32-FINAL-CPU-BEST-r2,FP32-FINAL-CPU-BEST,2,8,actor_backward_end,0,0,0,5.76889181137085,10.11328125,8.377046585083008,10.11328125,10.4464111328125,5.76889181137085,0.10806131362915039,0,0,40.20632553100586,"{""cuda:torch.float32"": 5.750783920288086}",{},"{""exp_avg:cpu:torch.float32"": 5.750783920288086, ""exp_avg_sq:cpu:torch.float32"": 5.750783920288086, ""step:cpu:torch.float32"": 1.259148120880127e-06}"
FP32-FINAL-CPU-BEST-r2,FP32-FINAL-CPU-BEST,2,8,actor_optimizer_start,0,0,,5.768880367279053,10.11328125,8.377046585083008,10.11328125,10.4464111328125,5.768880367279053,0.10807275772094727,0,0,40.20632553100586,"{""cuda:torch.float32"": 5.750783920288086}",{},"{""exp_avg:cpu:torch.float32"": 5.750783920288086, ""exp_avg_sq:cpu:torch.float32"": 5.750783920288086, ""step:cpu:torch.float32"": 1.259148120880127e-06}"
FP32-FINAL-CPU-BEST-r2,FP32-FINAL-CPU-BEST,2,8,actor_optimizer_end,0,0,,5.768880367279053,10.11328125,8.377046585083008,10.11328125,10.4464111328125,5.768880367279053,0.10807275772094727,0,0,35.251441955566406,"{""cuda:torch.float32"": 5.750783920288086}",{},"{""exp_avg:cpu:torch.float32"": 5.750783920288086, ""exp_avg_sq:cpu:torch.float32"": 5.750783920288086, ""step:cpu:torch.float32"": 1.259148120880127e-06}"
FP32-FINAL-CPU-BEST-r2,FP32-FINAL-CPU-BEST,2,8,actor_update_cleanup,,,,5.768880367279053,10.11328125,8.377046585083008,10.11328125,10.4464111328125,5.768880367279053,0.10807275772094727,0,0,35.251441955566406,"{""cuda:torch.float32"": 5.750783920288086}",{},"{""exp_avg:cpu:torch.float32"": 5.750783920288086, ""exp_avg_sq:cpu:torch.float32"": 5.750783920288086, ""step:cpu:torch.float32"": 1.259148120880127e-06}"
FP32-FINAL-CPU-BEST-r2,FP32-FINAL-CPU-BEST,2,9,actor_update_policy_start,,,,5.768864154815674,5.876953125,5.768864154815674,5.876953125,6.2100830078125,5.768864154815674,0.10808897018432617,0,0,35.251441955566406,"{""cuda:torch.float32"": 5.750783920288086}",{},"{""exp_avg:cpu:torch.float32"": 5.750783920288086, ""exp_avg_sq:cpu:torch.float32"": 5.750783920288086, ""step:cpu:torch.float32"": 1.259148120880127e-06}"
FP32-FINAL-CPU-BEST-r2,FP32-FINAL-CPU-BEST,2,9,actor_forward_start,0,0,0,5.768864154815674,5.876953125,5.768864154815674,5.876953125,6.2100830078125,5.768864154815674,0.10808897018432617,0,0,35.251441955566406,"{""cuda:torch.float32"": 5.750783920288086}",{},"{""exp_avg:cpu:torch.float32"": 5.750783920288086, ""exp_avg_sq:cpu:torch.float32"": 5.750783920288086, ""step:cpu:torch.float32"": 1.259148120880127e-06}"
FP32-FINAL-CPU-BEST-r2,FP32-FINAL-CPU-BEST,2,9,actor_forward_end,0,0,0,6.344898700714111,6.5859375,6.381992816925049,6.5859375,6.9190673828125,6.344898700714111,0.11799192428588867,0,0,35.251441955566406,"{""cuda:torch.float32"": 5.750783920288086}",{},"{""exp_avg:cpu:torch.float32"": 5.750783920288086, ""exp_avg_sq:cpu:torch.float32"": 5.750783920288086, ""step:cpu:torch.float32"": 1.259148120880127e-06}"
FP32-FINAL-CPU-BEST-r2,FP32-FINAL-CPU-BEST,2,9,actor_backward_end,0,0,0,5.76889181137085,10.11328125,8.377046585083008,10.11328125,10.4464111328125,5.76889181137085,0.10806131362915039,0,0,40.208229064941406,"{""cuda:torch.float32"": 5.750783920288086}",{},"{""exp_avg:cpu:torch.float32"": 5.750783920288086, ""exp_avg_sq:cpu:torch.float32"": 5.750783920288086, ""step:cpu:torch.float32"": 1.259148120880127e-06}"
FP32-FINAL-CPU-BEST-r2,FP32-FINAL-CPU-BEST,2,9,actor_optimizer_start,0,0,,5.768880367279053,10.11328125,8.377046585083008,10.11328125,10.4464111328125,5.768880367279053,0.10807275772094727,0,0,40.208229064941406,"{""cuda:torch.float32"": 5.750783920288086}",{},"{""exp_avg:cpu:torch.float32"": 5.750783920288086, ""exp_avg_sq:cpu:torch.float32"": 5.750783920288086, ""step:cpu:torch.float32"": 1.259148120880127e-06}"
FP32-FINAL-CPU-BEST-r2,FP32-FINAL-CPU-BEST,2,9,actor_optimizer_end,0,0,,5.768880367279053,10.11328125,8.377046585083008,10.11328125,10.4464111328125,5.768880367279053,0.10807275772094727,0,0,35.31355667114258,"{""cuda:torch.float32"": 5.750783920288086}",{},"{""exp_avg:cpu:torch.float32"": 5.750783920288086, ""exp_avg_sq:cpu:torch.float32"": 5.750783920288086, ""step:cpu:torch.float32"": 1.259148120880127e-06}"
FP32-FINAL-CPU-BEST-r2,FP32-FINAL-CPU-BEST,2,9,actor_update_cleanup,,,,5.768880367279053,10.11328125,8.377046585083008,10.11328125,10.4464111328125,5.768880367279053,0.10807275772094727,0,0,35.31355667114258,"{""cuda:torch.float32"": 5.750783920288086}",{},"{""exp_avg:cpu:torch.float32"": 5.750783920288086, ""exp_avg_sq:cpu:torch.float32"": 5.750783920288086, ""step:cpu:torch.float32"": 1.259148120880127e-06}"
FP32-FINAL-CPU-BEST-r2,FP32-FINAL-CPU-BEST,2,10,actor_update_policy_start,,,,5.768864154815674,5.876953125,5.768864154815674,5.876953125,6.2100830078125,5.768864154815674,0.10808897018432617,0,0,35.31355667114258,"{""cuda:torch.float32"": 5.750783920288086}",{},"{""exp_avg:cpu:torch.float32"": 5.750783920288086, ""exp_avg_sq:cpu:torch.float32"": 5.750783920288086, ""step:cpu:torch.float32"": 1.259148120880127e-06}"
FP32-FINAL-CPU-BEST-r2,FP32-FINAL-CPU-BEST,2,10,actor_forward_start,0,0,0,5.768864154815674,5.876953125,5.768864154815674,5.876953125,6.2100830078125,5.768864154815674,0.10808897018432617,0,0,35.31355667114258,"{""cuda:torch.float32"": 5.750783920288086}",{},"{""exp_avg:cpu:torch.float32"": 5.750783920288086, ""exp_avg_sq:cpu:torch.float32"": 5.750783920288086, ""step:cpu:torch.float32"": 1.259148120880127e-06}"
FP32-FINAL-CPU-BEST-r2,FP32-FINAL-CPU-BEST,2,10,actor_forward_end,0,0,0,6.344898700714111,6.5859375,6.381992816925049,6.5859375,6.9190673828125,6.344898700714111,0.11799192428588867,0,0,35.31355667114258,"{""cuda:torch.float32"": 5.750783920288086}",{},"{""exp_avg:cpu:torch.float32"": 5.750783920288086, ""exp_avg_sq:cpu:torch.float32"": 5.750783920288086, ""step:cpu:torch.float32"": 1.259148120880127e-06}"
FP32-FINAL-CPU-BEST-r2,FP32-FINAL-CPU-BEST,2,10,actor_backward_end,0,0,0,5.76889181137085,10.11328125,8.377046585083008,10.11328125,10.4464111328125,5.76889181137085,0.10806131362915039,0,0,40.21016311645508,"{""cuda:torch.float32"": 5.750783920288086}",{},"{""exp_avg:cpu:torch.float32"": 5.750783920288086, ""exp_avg_sq:cpu:torch.float32"": 5.750783920288086, ""step:cpu:torch.float32"": 1.259148120880127e-06}"
FP32-FINAL-CPU-BEST-r2,FP32-FINAL-CPU-BEST,2,10,actor_optimizer_start,0,0,,5.768880367279053,10.11328125,8.377046585083008,10.11328125,10.4464111328125,5.768880367279053,0.10807275772094727,0,0,40.21016311645508,"{""cuda:torch.float32"": 5.750783920288086}",{},"{""exp_avg:cpu:torch.float32"": 5.750783920288086, ""exp_avg_sq:cpu:torch.float32"": 5.750783920288086, ""step:cpu:torch.float32"": 1.259148120880127e-06}"
FP32-FINAL-CPU-BEST-r2,FP32-FINAL-CPU-BEST,2,10,actor_optimizer_end,0,0,,5.768880367279053,10.11328125,8.377046585083008,10.11328125,10.4464111328125,5.768880367279053,0.10807275772094727,0,0,35.375362396240234,"{""cuda:torch.float32"": 5.750783920288086}",{},"{""exp_avg:cpu:torch.float32"": 5.750783920288086, ""exp_avg_sq:cpu:torch.float32"": 5.750783920288086, ""step:cpu:torch.float32"": 1.259148120880127e-06}"
FP32-FINAL-CPU-BEST-r2,FP32-FINAL-CPU-BEST,2,10,actor_update_cleanup,,,,5.768880367279053,10.11328125,8.377046585083008,10.11328125,10.4464111328125,5.768880367279053,0.10807275772094727,0,0,35.375362396240234,"{""cuda:torch.float32"": 5.750783920288086}",{},"{""exp_avg:cpu:torch.float32"": 5.750783920288086, ""exp_avg_sq:cpu:torch.float32"": 5.750783920288086, ""step:cpu:torch.float32"": 1.259148120880127e-06}"
FP32-FINAL-CPU-BEST-r2,FP32-FINAL-CPU-BEST,2,11,actor_update_policy_start,,,,5.768864154815674,5.876953125,5.768864154815674,5.876953125,6.2100830078125,5.768864154815674,0.10808897018432617,0,0,35.31383514404297,"{""cuda:torch.float32"": 5.750783920288086}",{},"{""exp_avg:cpu:torch.float32"": 5.750783920288086, ""exp_avg_sq:cpu:torch.float32"": 5.750783920288086, ""step:cpu:torch.float32"": 1.259148120880127e-06}"
FP32-FINAL-CPU-BEST-r2,FP32-FINAL-CPU-BEST,2,11,actor_forward_start,0,0,0,5.768864154815674,5.876953125,5.768864154815674,5.876953125,6.2100830078125,5.768864154815674,0.10808897018432617,0,0,35.31383514404297,"{""cuda:torch.float32"": 5.750783920288086}",{},"{""exp_avg:cpu:torch.float32"": 5.750783920288086, ""exp_avg_sq:cpu:torch.float32"": 5.750783920288086, ""step:cpu:torch.float32"": 1.259148120880127e-06}"
FP32-FINAL-CPU-BEST-r2,FP32-FINAL-CPU-BEST,2,11,actor_forward_end,0,0,0,6.344898700714111,6.5859375,6.381992816925049,6.5859375,6.9190673828125,6.344898700714111,0.11799192428588867,0,0,35.31383514404297,"{""cuda:torch.float32"": 5.750783920288086}",{},"{""exp_avg:cpu:torch.float32"": 5.750783920288086, ""exp_avg_sq:cpu:torch.float32"": 5.750783920288086, ""step:cpu:torch.float32"": 1.259148120880127e-06}"
FP32-FINAL-CPU-BEST-r2,FP32-FINAL-CPU-BEST,2,11,actor_backward_end,0,0,0,5.76889181137085,10.11328125,8.377046585083008,10.11328125,10.4464111328125,5.76889181137085,0.10806131362915039,0,0,40.21068572998047,"{""cuda:torch.float32"": 5.750783920288086}",{},"{""exp_avg:cpu:torch.float32"": 5.750783920288086, ""exp_avg_sq:cpu:torch.float32"": 5.750783920288086, ""step:cpu:torch.float32"": 1.259148120880127e-06}"
FP32-FINAL-CPU-BEST-r2,FP32-FINAL-CPU-BEST,2,11,actor_optimizer_start,0,0,,5.768880367279053,10.11328125,8.377046585083008,10.11328125,10.4464111328125,5.768880367279053,0.10807275772094727,0,0,40.21068572998047,"{""cuda:torch.float32"": 5.750783920288086}",{},"{""exp_avg:cpu:torch.float32"": 5.750783920288086, ""exp_avg_sq:cpu:torch.float32"": 5.750783920288086, ""step:cpu:torch.float32"": 1.259148120880127e-06}"
FP32-FINAL-CPU-BEST-r2,FP32-FINAL-CPU-BEST,2,11,actor_optimizer_end,0,0,,5.768880367279053,10.11328125,8.377046585083008,10.11328125,10.4464111328125,5.768880367279053,0.10807275772094727,0,0,35.3756217956543,"{""cuda:torch.float32"": 5.750783920288086}",{},"{""exp_avg:cpu:torch.float32"": 5.750783920288086, ""exp_avg_sq:cpu:torch.float32"": 5.750783920288086, ""step:cpu:torch.float32"": 1.259148120880127e-06}"
FP32-FINAL-CPU-BEST-r2,FP32-FINAL-CPU-BEST,2,11,actor_update_cleanup,,,,5.768880367279053,10.11328125,8.377046585083008,10.11328125,10.4464111328125,5.768880367279053,0.10807275772094727,0,0,35.3756217956543,"{""cuda:torch.float32"": 5.750783920288086}",{},"{""exp_avg:cpu:torch.float32"": 5.750783920288086, ""exp_avg_sq:cpu:torch.float32"": 5.750783920288086, ""step:cpu:torch.float32"": 1.259148120880127e-06}"
FP32-FINAL-CPU-BEST-r2,FP32-FINAL-CPU-BEST,2,12,actor_update_policy_start,,,,5.768864154815674,5.876953125,5.768864154815674,5.876953125,6.2100830078125,5.768864154815674,0.10808897018432617,0,0,35.3756217956543,"{""cuda:torch.float32"": 5.750783920288086}",{},"{""exp_avg:cpu:torch.float32"": 5.750783920288086, ""exp_avg_sq:cpu:torch.float32"": 5.750783920288086, ""step:cpu:torch.float32"": 1.259148120880127e-06}"
FP32-FINAL-CPU-BEST-r2,FP32-FINAL-CPU-BEST,2,12,actor_forward_start,0,0,0,5.768864154815674,5.876953125,5.768864154815674,5.876953125,6.2100830078125,5.768864154815674,0.10808897018432617,0,0,35.3756217956543,"{""cuda:torch.float32"": 5.750783920288086}",{},"{""exp_avg:cpu:torch.float32"": 5.750783920288086, ""exp_avg_sq:cpu:torch.float32"": 5.750783920288086, ""step:cpu:torch.float32"": 1.259148120880127e-06}"
FP32-FINAL-CPU-BEST-r2,FP32-FINAL-CPU-BEST,2,12,actor_forward_end,0,0,0,6.344898700714111,6.5859375,6.381992816925049,6.5859375,6.9190673828125,6.344898700714111,0.11799192428588867,0,0,35.3756217956543,"{""cuda:torch.float32"": 5.750783920288086}",{},"{""exp_avg:cpu:torch.float32"": 5.750783920288086, ""exp_avg_sq:cpu:torch.float32"": 5.750783920288086, ""step:cpu:torch.float32"": 1.259148120880127e-06}"
FP32-FINAL-CPU-BEST-r2,FP32-FINAL-CPU-BEST,2,12,actor_backward_end,0,0,0,5.76889181137085,10.11328125,8.377046585083008,10.11328125,10.4464111328125,5.76889181137085,0.10806131362915039,0,0,40.234161376953125,"{""cuda:torch.float32"": 5.750783920288086}",{},"{""exp_avg:cpu:torch.float32"": 5.750783920288086, ""exp_avg_sq:cpu:torch.float32"": 5.750783920288086, ""step:cpu:torch.float32"": 1.259148120880127e-06}"
FP32-FINAL-CPU-BEST-r2,FP32-FINAL-CPU-BEST,2,12,actor_optimizer_start,0,0,,5.768880367279053,10.11328125,8.377046585083008,10.11328125,10.4464111328125,5.768880367279053,0.10807275772094727,0,0,40.234161376953125,"{""cuda:torch.float32"": 5.750783920288086}",{},"{""exp_avg:cpu:torch.float32"": 5.750783920288086, ""exp_avg_sq:cpu:torch.float32"": 5.750783920288086, ""step:cpu:torch.float32"": 1.259148120880127e-06}"
FP32-FINAL-CPU-BEST-r2,FP32-FINAL-CPU-BEST,2,12,actor_optimizer_end,0,0,,5.768880367279053,10.11328125,8.377046585083008,10.11328125,10.4464111328125,5.768880367279053,0.10807275772094727,0,0,35.31430435180664,"{""cuda:torch.float32"": 5.750783920288086}",{},"{""exp_avg:cpu:torch.float32"": 5.750783920288086, ""exp_avg_sq:cpu:torch.float32"": 5.750783920288086, ""step:cpu:torch.float32"": 1.259148120880127e-06}"
FP32-FINAL-CPU-BEST-r2,FP32-FINAL-CPU-BEST,2,12,actor_update_cleanup,,,,5.768880367279053,10.11328125,8.377046585083008,10.11328125,10.4464111328125,5.768880367279053,0.10807275772094727,0,0,35.31430435180664,"{""cuda:torch.float32"": 5.750783920288086}",{},"{""exp_avg:cpu:torch.float32"": 5.750783920288086, ""exp_avg_sq:cpu:torch.float32"": 5.750783920288086, ""step:cpu:torch.float32"": 1.259148120880127e-06}"
FP32-FINAL-CPU-BEST-r2,FP32-FINAL-CPU-BEST,2,13,actor_update_policy_start,,,,5.768864154815674,5.876953125,5.768864154815674,5.876953125,6.2100830078125,5.768864154815674,0.10808897018432617,0,0,35.31442642211914,"{""cuda:torch.float32"": 5.750783920288086}",{},"{""exp_avg:cpu:torch.float32"": 5.750783920288086, ""exp_avg_sq:cpu:torch.float32"": 5.750783920288086, ""step:cpu:torch.float32"": 1.259148120880127e-06}"
FP32-FINAL-CPU-BEST-r2,FP32-FINAL-CPU-BEST,2,13,actor_forward_start,0,0,0,5.768864154815674,5.876953125,5.768864154815674,5.876953125,6.2100830078125,5.768864154815674,0.10808897018432617,0,0,35.31442642211914,"{""cuda:torch.float32"": 5.750783920288086}",{},"{""exp_avg:cpu:torch.float32"": 5.750783920288086, ""exp_avg_sq:cpu:torch.float32"": 5.750783920288086, ""step:cpu:torch.float32"": 1.259148120880127e-06}"
FP32-FINAL-CPU-BEST-r2,FP32-FINAL-CPU-BEST,2,13,actor_forward_end,0,0,0,6.344898700714111,6.5859375,6.381992816925049,6.5859375,6.9190673828125,6.344898700714111,0.11799192428588867,0,0,35.31442642211914,"{""cuda:torch.float32"": 5.750783920288086}",{},"{""exp_avg:cpu:torch.float32"": 5.750783920288086, ""exp_avg_sq:cpu:torch.float32"": 5.750783920288086, ""step:cpu:torch.float32"": 1.259148120880127e-06}"
FP32-FINAL-CPU-BEST-r2,FP32-FINAL-CPU-BEST,2,13,actor_backward_end,0,0,0,5.76889181137085,10.11328125,8.377046585083008,10.11328125,10.4464111328125,5.76889181137085,0.10806131362915039,0,0,40.21945571899414,"{""cuda:torch.float32"": 5.750783920288086}",{},"{""exp_avg:cpu:torch.float32"": 5.750783920288086, ""exp_avg_sq:cpu:torch.float32"": 5.750783920288086, ""step:cpu:torch.float32"": 1.259148120880127e-06}"
FP32-FINAL-CPU-BEST-r2,FP32-FINAL-CPU-BEST,2,13,actor_optimizer_start,0,0,,5.768880367279053,10.11328125,8.377046585083008,10.11328125,10.4464111328125,5.768880367279053,0.10807275772094727,0,0,40.21945571899414,"{""cuda:torch.float32"": 5.750783920288086}",{},"{""exp_avg:cpu:torch.float32"": 5.750783920288086, ""exp_avg_sq:cpu:torch.float32"": 5.750783920288086, ""step:cpu:torch.float32"": 1.259148120880127e-06}"
FP32-FINAL-CPU-BEST-r2,FP32-FINAL-CPU-BEST,2,13,actor_optimizer_end,0,0,,5.768880367279053,10.11328125,8.377046585083008,10.11328125,10.4464111328125,5.768880367279053,0.10807275772094727,0,0,35.37612533569336,"{""cuda:torch.float32"": 5.750783920288086}",{},"{""exp_avg:cpu:torch.float32"": 5.750783920288086, ""exp_avg_sq:cpu:torch.float32"": 5.750783920288086, ""step:cpu:torch.float32"": 1.259148120880127e-06}"
FP32-FINAL-CPU-BEST-r2,FP32-FINAL-CPU-BEST,2,13,actor_update_cleanup,,,,5.768880367279053,10.11328125,8.377046585083008,10.11328125,10.4464111328125,5.768880367279053,0.10807275772094727,0,0,35.37612533569336,"{""cuda:torch.float32"": 5.750783920288086}",{},"{""exp_avg:cpu:torch.float32"": 5.750783920288086, ""exp_avg_sq:cpu:torch.float32"": 5.750783920288086, ""step:cpu:torch.float32"": 1.259148120880127e-06}"
FP32-FINAL-CPU-BEST-r2,FP32-FINAL-CPU-BEST,2,14,actor_update_policy_start,,,,5.768864154815674,5.876953125,5.768864154815674,5.876953125,6.2100830078125,5.768864154815674,0.10808897018432617,0,0,35.314598083496094,"{""cuda:torch.float32"": 5.750783920288086}",{},"{""exp_avg:cpu:torch.float32"": 5.750783920288086, ""exp_avg_sq:cpu:torch.float32"": 5.750783920288086, ""step:cpu:torch.float32"": 1.259148120880127e-06}"
FP32-FINAL-CPU-BEST-r2,FP32-FINAL-CPU-BEST,2,14,actor_forward_start,0,0,0,5.768864154815674,5.876953125,5.768864154815674,5.876953125,6.2100830078125,5.768864154815674,0.10808897018432617,0,0,35.314598083496094,"{""cuda:torch.float32"": 5.750783920288086}",{},"{""exp_avg:cpu:torch.float32"": 5.750783920288086, ""exp_avg_sq:cpu:torch.float32"": 5.750783920288086, ""step:cpu:torch.float32"": 1.259148120880127e-06}"
FP32-FINAL-CPU-BEST-r2,FP32-FINAL-CPU-BEST,2,14,actor_forward_end,0,0,0,6.344898700714111,6.5859375,6.381992816925049,6.5859375,6.9190673828125,6.344898700714111,0.11799192428588867,0,0,35.314598083496094,"{""cuda:torch.float32"": 5.750783920288086}",{},"{""exp_avg:cpu:torch.float32"": 5.750783920288086, ""exp_avg_sq:cpu:torch.float32"": 5.750783920288086, ""step:cpu:torch.float32"": 1.259148120880127e-06}"
FP32-FINAL-CPU-BEST-r2,FP32-FINAL-CPU-BEST,2,14,actor_backward_end,0,0,0,5.76889181137085,10.11328125,8.377046585083008,10.11328125,10.4464111328125,5.76889181137085,0.10806131362915039,0,0,40.219871520996094,"{""cuda:torch.float32"": 5.750783920288086}",{},"{""exp_avg:cpu:torch.float32"": 5.750783920288086, ""exp_avg_sq:cpu:torch.float32"": 5.750783920288086, ""step:cpu:torch.float32"": 1.259148120880127e-06}"
FP32-FINAL-CPU-BEST-r2,FP32-FINAL-CPU-BEST,2,14,actor_optimizer_start,0,0,,5.768880367279053,10.11328125,8.377046585083008,10.11328125,10.4464111328125,5.768880367279053,0.10807275772094727,0,0,40.219871520996094,"{""cuda:torch.float32"": 5.750783920288086}",{},"{""exp_avg:cpu:torch.float32"": 5.750783920288086, ""exp_avg_sq:cpu:torch.float32"": 5.750783920288086, ""step:cpu:torch.float32"": 1.259148120880127e-06}"
FP32-FINAL-CPU-BEST-r2,FP32-FINAL-CPU-BEST,2,14,actor_optimizer_end,0,0,,5.768880367279053,10.11328125,8.377046585083008,10.11328125,10.4464111328125,5.768880367279053,0.10807275772094727,0,0,35.40230178833008,"{""cuda:torch.float32"": 5.750783920288086}",{},"{""exp_avg:cpu:torch.float32"": 5.750783920288086, ""exp_avg_sq:cpu:torch.float32"": 5.750783920288086, ""step:cpu:torch.float32"": 1.259148120880127e-06}"
FP32-FINAL-CPU-BEST-r2,FP32-FINAL-CPU-BEST,2,14,actor_update_cleanup,,,,5.768880367279053,10.11328125,8.377046585083008,10.11328125,10.4464111328125,5.768880367279053,0.10807275772094727,0,0,35.40230178833008,"{""cuda:torch.float32"": 5.750783920288086}",{},"{""exp_avg:cpu:torch.float32"": 5.750783920288086, ""exp_avg_sq:cpu:torch.float32"": 5.750783920288086, ""step:cpu:torch.float32"": 1.259148120880127e-06}"
FP32-FINAL-CPU-BEST-r2,FP32-FINAL-CPU-BEST,2,15,actor_update_policy_start,,,,5.768864154815674,5.876953125,5.768864154815674,5.876953125,6.2100830078125,5.768864154815674,0.10808897018432617,0,0,35.40254592895508,"{""cuda:torch.float32"": 5.750783920288086}",{},"{""exp_avg:cpu:torch.float32"": 5.750783920288086, ""exp_avg_sq:cpu:torch.float32"": 5.750783920288086, ""step:cpu:torch.float32"": 1.259148120880127e-06}"
FP32-FINAL-CPU-BEST-r2,FP32-FINAL-CPU-BEST,2,15,actor_forward_start,0,0,0,5.768864154815674,5.876953125,5.768864154815674,5.876953125,6.2100830078125,5.768864154815674,0.10808897018432617,0,0,35.40254592895508,"{""cuda:torch.float32"": 5.750783920288086}",{},"{""exp_avg:cpu:torch.float32"": 5.750783920288086, ""exp_avg_sq:cpu:torch.float32"": 5.750783920288086, ""step:cpu:torch.float32"": 1.259148120880127e-06}"
FP32-FINAL-CPU-BEST-r2,FP32-FINAL-CPU-BEST,2,15,actor_forward_end,0,0,0,6.344898700714111,6.5859375,6.381992816925049,6.5859375,6.9190673828125,6.344898700714111,0.11799192428588867,0,0,35.40254592895508,"{""cuda:torch.float32"": 5.750783920288086}",{},"{""exp_avg:cpu:torch.float32"": 5.750783920288086, ""exp_avg_sq:cpu:torch.float32"": 5.750783920288086, ""step:cpu:torch.float32"": 1.259148120880127e-06}"
FP32-FINAL-CPU-BEST-r2,FP32-FINAL-CPU-BEST,2,15,actor_backward_end,0,0,0,5.76889181137085,10.11328125,8.377046585083008,10.11328125,10.4464111328125,5.76889181137085,0.10806131362915039,0,0,40.211124420166016,"{""cuda:torch.float32"": 5.750783920288086}",{},"{""exp_avg:cpu:torch.float32"": 5.750783920288086, ""exp_avg_sq:cpu:torch.float32"": 5.750783920288086, ""step:cpu:torch.float32"": 1.259148120880127e-06}"
FP32-FINAL-CPU-BEST-r2,FP32-FINAL-CPU-BEST,2,15,actor_optimizer_start,0,0,,5.768880367279053,10.11328125,8.377046585083008,10.11328125,10.4464111328125,5.768880367279053,0.10807275772094727,0,0,40.211124420166016,"{""cuda:torch.float32"": 5.750783920288086}",{},"{""exp_avg:cpu:torch.float32"": 5.750783920288086, ""exp_avg_sq:cpu:torch.float32"": 5.750783920288086, ""step:cpu:torch.float32"": 1.259148120880127e-06}"
FP32-FINAL-CPU-BEST-r2,FP32-FINAL-CPU-BEST,2,15,actor_optimizer_end,0,0,,5.768880367279053,10.11328125,8.377046585083008,10.11328125,10.4464111328125,5.768880367279053,0.10807275772094727,0,0,35.37644577026367,"{""cuda:torch.float32"": 5.750783920288086}",{},"{""exp_avg:cpu:torch.float32"": 5.750783920288086, ""exp_avg_sq:cpu:torch.float32"": 5.750783920288086, ""step:cpu:torch.float32"": 1.259148120880127e-06}"
FP32-FINAL-CPU-BEST-r2,FP32-FINAL-CPU-BEST,2,15,actor_update_cleanup,,,,5.768880367279053,10.11328125,8.377046585083008,10.11328125,10.4464111328125,5.768880367279053,0.10807275772094727,0,0,35.37644577026367,"{""cuda:torch.float32"": 5.750783920288086}",{},"{""exp_avg:cpu:torch.float32"": 5.750783920288086, ""exp_avg_sq:cpu:torch.float32"": 5.750783920288086, ""step:cpu:torch.float32"": 1.259148120880127e-06}"
FP32-FINAL-CPU-BEST-r2,FP32-FINAL-CPU-BEST,2,16,actor_update_policy_start,,,,5.768864154815674,5.876953125,5.768864154815674,5.876953125,6.2100830078125,5.768864154815674,0.10808897018432617,0,0,35.314918518066406,"{""cuda:torch.float32"": 5.750783920288086}",{},"{""exp_avg:cpu:torch.float32"": 5.750783920288086, ""exp_avg_sq:cpu:torch.float32"": 5.750783920288086, ""step:cpu:torch.float32"": 1.259148120880127e-06}"
FP32-FINAL-CPU-BEST-r2,FP32-FINAL-CPU-BEST,2,16,actor_forward_start,0,0,0,5.768864154815674,5.876953125,5.768864154815674,5.876953125,6.2100830078125,5.768864154815674,0.10808897018432617,0,0,35.314918518066406,"{""cuda:torch.float32"": 5.750783920288086}",{},"{""exp_avg:cpu:torch.float32"": 5.750783920288086, ""exp_avg_sq:cpu:torch.float32"": 5.750783920288086, ""step:cpu:torch.float32"": 1.259148120880127e-06}"
FP32-FINAL-CPU-BEST-r2,FP32-FINAL-CPU-BEST,2,16,actor_forward_end,0,0,0,6.344898700714111,6.5859375,6.381992816925049,6.5859375,6.9190673828125,6.344898700714111,0.11799192428588867,0,0,35.314918518066406,"{""cuda:torch.float32"": 5.750783920288086}",{},"{""exp_avg:cpu:torch.float32"": 5.750783920288086, ""exp_avg_sq:cpu:torch.float32"": 5.750783920288086, ""step:cpu:torch.float32"": 1.259148120880127e-06}"
FP32-FINAL-CPU-BEST-r2,FP32-FINAL-CPU-BEST,2,16,actor_backward_end,0,0,0,5.76889181137085,10.11328125,8.377046585083008,10.11328125,10.4464111328125,5.76889181137085,0.10806131362915039,0,0,40.211036682128906,"{""cuda:torch.float32"": 5.750783920288086}",{},"{""exp_avg:cpu:torch.float32"": 5.750783920288086, ""exp_avg_sq:cpu:torch.float32"": 5.750783920288086, ""step:cpu:torch.float32"": 1.259148120880127e-06}"
FP32-FINAL-CPU-BEST-r2,FP32-FINAL-CPU-BEST,2,16,actor_optimizer_start,0,0,,5.768880367279053,10.11328125,8.377046585083008,10.11328125,10.4464111328125,5.768880367279053,0.10807275772094727,0,0,40.211036682128906,"{""cuda:torch.float32"": 5.750783920288086}",{},"{""exp_avg:cpu:torch.float32"": 5.750783920288086, ""exp_avg_sq:cpu:torch.float32"": 5.750783920288086, ""step:cpu:torch.float32"": 1.259148120880127e-06}"
FP32-FINAL-CPU-BEST-r2,FP32-FINAL-CPU-BEST,2,16,actor_optimizer_end,0,0,,5.768880367279053,10.11328125,8.377046585083008,10.11328125,10.4464111328125,5.768880367279053,0.10807275772094727,0,0,35.376365661621094,"{""cuda:torch.float32"": 5.750783920288086}",{},"{""exp_avg:cpu:torch.float32"": 5.750783920288086, ""exp_avg_sq:cpu:torch.float32"": 5.750783920288086, ""step:cpu:torch.float32"": 1.259148120880127e-06}"
FP32-FINAL-CPU-BEST-r2,FP32-FINAL-CPU-BEST,2,16,actor_update_cleanup,,,,5.768880367279053,10.11328125,8.377046585083008,10.11328125,10.4464111328125,5.768880367279053,0.10807275772094727,0,0,35.376365661621094,"{""cuda:torch.float32"": 5.750783920288086}",{},"{""exp_avg:cpu:torch.float32"": 5.750783920288086, ""exp_avg_sq:cpu:torch.float32"": 5.750783920288086, ""step:cpu:torch.float32"": 1.259148120880127e-06}"
FP32-FINAL-CPU-BEST-r2,FP32-FINAL-CPU-BEST,2,17,actor_update_policy_start,,,,5.768864154815674,5.876953125,5.768864154815674,5.876953125,6.2100830078125,5.768864154815674,0.10808897018432617,0,0,35.376365661621094,"{""cuda:torch.float32"": 5.750783920288086}",{},"{""exp_avg:cpu:torch.float32"": 5.750783920288086, ""exp_avg_sq:cpu:torch.float32"": 5.750783920288086, ""step:cpu:torch.float32"": 1.259148120880127e-06}"
FP32-FINAL-CPU-BEST-r2,FP32-FINAL-CPU-BEST,2,17,actor_forward_start,0,0,0,5.768864154815674,5.876953125,5.768864154815674,5.876953125,6.2100830078125,5.768864154815674,0.10808897018432617,0,0,35.376365661621094,"{""cuda:torch.float32"": 5.750783920288086}",{},"{""exp_avg:cpu:torch.float32"": 5.750783920288086, ""exp_avg_sq:cpu:torch.float32"": 5.750783920288086, ""step:cpu:torch.float32"": 1.259148120880127e-06}"
FP32-FINAL-CPU-BEST-r2,FP32-FINAL-CPU-BEST,2,17,actor_forward_end,0,0,0,6.344898700714111,6.5859375,6.381992816925049,6.5859375,6.9190673828125,6.344898700714111,0.11799192428588867,0,0,35.31483840942383,"{""cuda:torch.float32"": 5.750783920288086}",{},"{""exp_avg:cpu:torch.float32"": 5.750783920288086, ""exp_avg_sq:cpu:torch.float32"": 5.750783920288086, ""step:cpu:torch.float32"": 1.259148120880127e-06}"
FP32-FINAL-CPU-BEST-r2,FP32-FINAL-CPU-BEST,2,17,actor_backward_end,0,0,0,5.76889181137085,10.11328125,8.377046585083008,10.11328125,10.4464111328125,5.76889181137085,0.10806131362915039,0,0,40.21132278442383,"{""cuda:torch.float32"": 5.750783920288086}",{},"{""exp_avg:cpu:torch.float32"": 5.750783920288086, ""exp_avg_sq:cpu:torch.float32"": 5.750783920288086, ""step:cpu:torch.float32"": 1.259148120880127e-06}"
FP32-FINAL-CPU-BEST-r2,FP32-FINAL-CPU-BEST,2,17,actor_optimizer_start,0,0,,5.768880367279053,10.11328125,8.377046585083008,10.11328125,10.4464111328125,5.768880367279053,0.10807275772094727,0,0,40.21132278442383,"{""cuda:torch.float32"": 5.750783920288086}",{},"{""exp_avg:cpu:torch.float32"": 5.750783920288086, ""exp_avg_sq:cpu:torch.float32"": 5.750783920288086, ""step:cpu:torch.float32"": 1.259148120880127e-06}"
FP32-FINAL-CPU-BEST-r2,FP32-FINAL-CPU-BEST,2,17,actor_optimizer_end,0,0,,5.768880367279053,10.11328125,8.377046585083008,10.11328125,10.4464111328125,5.768880367279053,0.10807275772094727,0,0,35.37620162963867,"{""cuda:torch.float32"": 5.750783920288086}",{},"{""exp_avg:cpu:torch.float32"": 5.750783920288086, ""exp_avg_sq:cpu:torch.float32"": 5.750783920288086, ""step:cpu:torch.float32"": 1.259148120880127e-06}"
FP32-FINAL-CPU-BEST-r2,FP32-FINAL-CPU-BEST,2,17,actor_update_cleanup,,,,5.768880367279053,10.11328125,8.377046585083008,10.11328125,10.4464111328125,5.768880367279053,0.10807275772094727,0,0,35.37620162963867,"{""cuda:torch.float32"": 5.750783920288086}",{},"{""exp_avg:cpu:torch.float32"": 5.750783920288086, ""exp_avg_sq:cpu:torch.float32"": 5.750783920288086, ""step:cpu:torch.float32"": 1.259148120880127e-06}"
FP32-FINAL-CPU-BEST-r2,FP32-FINAL-CPU-BEST,2,18,actor_update_policy_start,,,,5.768864154815674,5.876953125,5.768864154815674,5.876953125,6.2100830078125,5.768864154815674,0.10808897018432617,0,0,35.37620162963867,"{""cuda:torch.float32"": 5.750783920288086}",{},"{""exp_avg:cpu:torch.float32"": 5.750783920288086, ""exp_avg_sq:cpu:torch.float32"": 5.750783920288086, ""step:cpu:torch.float32"": 1.259148120880127e-06}"
FP32-FINAL-CPU-BEST-r2,FP32-FINAL-CPU-BEST,2,18,actor_forward_start,0,0,0,5.768864154815674,5.876953125,5.768864154815674,5.876953125,6.2100830078125,5.768864154815674,0.10808897018432617,0,0,35.37620162963867,"{""cuda:torch.float32"": 5.750783920288086}",{},"{""exp_avg:cpu:torch.float32"": 5.750783920288086, ""exp_avg_sq:cpu:torch.float32"": 5.750783920288086, ""step:cpu:torch.float32"": 1.259148120880127e-06}"
FP32-FINAL-CPU-BEST-r2,FP32-FINAL-CPU-BEST,2,18,actor_forward_end,0,0,0,6.344898700714111,6.5859375,6.381992816925049,6.5859375,6.9190673828125,6.344898700714111,0.11799192428588867,0,0,35.37620162963867,"{""cuda:torch.float32"": 5.750783920288086}",{},"{""exp_avg:cpu:torch.float32"": 5.750783920288086, ""exp_avg_sq:cpu:torch.float32"": 5.750783920288086, ""step:cpu:torch.float32"": 1.259148120880127e-06}"
FP32-FINAL-CPU-BEST-r2,FP32-FINAL-CPU-BEST,2,18,actor_backward_end,0,0,0,5.76889181137085,10.11328125,8.377046585083008,10.11328125,10.4464111328125,5.76889181137085,0.10806131362915039,0,0,40.24473190307617,"{""cuda:torch.float32"": 5.750783920288086}",{},"{""exp_avg:cpu:torch.float32"": 5.750783920288086, ""exp_avg_sq:cpu:torch.float32"": 5.750783920288086, ""step:cpu:torch.float32"": 1.259148120880127e-06}"
FP32-FINAL-CPU-BEST-r2,FP32-FINAL-CPU-BEST,2,18,actor_optimizer_start,0,0,,5.768880367279053,10.11328125,8.377046585083008,10.11328125,10.4464111328125,5.768880367279053,0.10807275772094727,0,0,40.24473190307617,"{""cuda:torch.float32"": 5.750783920288086}",{},"{""exp_avg:cpu:torch.float32"": 5.750783920288086, ""exp_avg_sq:cpu:torch.float32"": 5.750783920288086, ""step:cpu:torch.float32"": 1.259148120880127e-06}"
FP32-FINAL-CPU-BEST-r2,FP32-FINAL-CPU-BEST,2,18,actor_optimizer_end,0,0,,5.768880367279053,10.11328125,8.377046585083008,10.11328125,10.4464111328125,5.768880367279053,0.10807275772094727,0,0,35.3148193359375,"{""cuda:torch.float32"": 5.750783920288086}",{},"{""exp_avg:cpu:torch.float32"": 5.750783920288086, ""exp_avg_sq:cpu:torch.float32"": 5.750783920288086, ""step:cpu:torch.float32"": 1.259148120880127e-06}"
FP32-FINAL-CPU-BEST-r2,FP32-FINAL-CPU-BEST,2,18,actor_update_cleanup,,,,5.768880367279053,10.11328125,8.377046585083008,10.11328125,10.4464111328125,5.768880367279053,0.10807275772094727,0,0,35.3148193359375,"{""cuda:torch.float32"": 5.750783920288086}",{},"{""exp_avg:cpu:torch.float32"": 5.750783920288086, ""exp_avg_sq:cpu:torch.float32"": 5.750783920288086, ""step:cpu:torch.float32"": 1.259148120880127e-06}"
FP32-FINAL-CPU-BEST-r2,FP32-FINAL-CPU-BEST,2,19,actor_update_policy_start,,,,5.768864154815674,5.876953125,5.768864154815674,5.876953125,6.2100830078125,5.768864154815674,0.10808897018432617,0,0,35.3148193359375,"{""cuda:torch.float32"": 5.750783920288086}",{},"{""exp_avg:cpu:torch.float32"": 5.750783920288086, ""exp_avg_sq:cpu:torch.float32"": 5.750783920288086, ""step:cpu:torch.float32"": 1.259148120880127e-06}"
FP32-FINAL-CPU-BEST-r2,FP32-FINAL-CPU-BEST,2,19,actor_forward_start,0,0,0,5.768864154815674,5.876953125,5.768864154815674,5.876953125,6.2100830078125,5.768864154815674,0.10808897018432617,0,0,35.3148193359375,"{""cuda:torch.float32"": 5.750783920288086}",{},"{""exp_avg:cpu:torch.float32"": 5.750783920288086, ""exp_avg_sq:cpu:torch.float32"": 5.750783920288086, ""step:cpu:torch.float32"": 1.259148120880127e-06}"
FP32-FINAL-CPU-BEST-r2,FP32-FINAL-CPU-BEST,2,19,actor_forward_end,0,0,0,6.344898700714111,6.5859375,6.381992816925049,6.5859375,6.9190673828125,6.344898700714111,0.11799192428588867,0,0,35.3148193359375,"{""cuda:torch.float32"": 5.750783920288086}",{},"{""exp_avg:cpu:torch.float32"": 5.750783920288086, ""exp_avg_sq:cpu:torch.float32"": 5.750783920288086, ""step:cpu:torch.float32"": 1.259148120880127e-06}"
FP32-FINAL-CPU-BEST-r2,FP32-FINAL-CPU-BEST,2,19,actor_backward_end,0,0,0,5.76889181137085,10.11328125,8.377046585083008,10.11328125,10.4464111328125,5.76889181137085,0.10806131362915039,0,0,40.202392578125,"{""cuda:torch.float32"": 5.750783920288086}",{},"{""exp_avg:cpu:torch.float32"": 5.750783920288086, ""exp_avg_sq:cpu:torch.float32"": 5.750783920288086, ""step:cpu:torch.float32"": 1.259148120880127e-06}"
FP32-FINAL-CPU-BEST-r2,FP32-FINAL-CPU-BEST,2,19,actor_optimizer_start,0,0,,5.768880367279053,10.11328125,8.377046585083008,10.11328125,10.4464111328125,5.768880367279053,0.10807275772094727,0,0,40.202392578125,"{""cuda:torch.float32"": 5.750783920288086}",{},"{""exp_avg:cpu:torch.float32"": 5.750783920288086, ""exp_avg_sq:cpu:torch.float32"": 5.750783920288086, ""step:cpu:torch.float32"": 1.259148120880127e-06}"
FP32-FINAL-CPU-BEST-r2,FP32-FINAL-CPU-BEST,2,19,actor_optimizer_end,0,0,,5.768880367279053,10.11328125,8.377046585083008,10.11328125,10.4464111328125,5.768880367279053,0.10807275772094727,0,0,35.385169982910156,"{""cuda:torch.float32"": 5.750783920288086}",{},"{""exp_avg:cpu:torch.float32"": 5.750783920288086, ""exp_avg_sq:cpu:torch.float32"": 5.750783920288086, ""step:cpu:torch.float32"": 1.259148120880127e-06}"
FP32-FINAL-CPU-BEST-r2,FP32-FINAL-CPU-BEST,2,19,actor_update_cleanup,,,,5.768880367279053,10.11328125,8.377046585083008,10.11328125,10.4464111328125,5.768880367279053,0.10807275772094727,0,0,35.385169982910156,"{""cuda:torch.float32"": 5.750783920288086}",{},"{""exp_avg:cpu:torch.float32"": 5.750783920288086, ""exp_avg_sq:cpu:torch.float32"": 5.750783920288086, ""step:cpu:torch.float32"": 1.259148120880127e-06}"
FP32-FINAL-CPU-BEST-r2,FP32-FINAL-CPU-BEST,2,20,actor_update_policy_start,,,,5.768864154815674,5.876953125,5.768864154815674,5.876953125,6.2100830078125,5.768864154815674,0.10808897018432617,0,0,35.31485366821289,"{""cuda:torch.float32"": 5.750783920288086}",{},"{""exp_avg:cpu:torch.float32"": 5.750783920288086, ""exp_avg_sq:cpu:torch.float32"": 5.750783920288086, ""step:cpu:torch.float32"": 1.259148120880127e-06}"
FP32-FINAL-CPU-BEST-r2,FP32-FINAL-CPU-BEST,2,20,actor_forward_start,0,0,0,5.768864154815674,5.876953125,5.768864154815674,5.876953125,6.2100830078125,5.768864154815674,0.10808897018432617,0,0,35.31485366821289,"{""cuda:torch.float32"": 5.750783920288086}",{},"{""exp_avg:cpu:torch.float32"": 5.750783920288086, ""exp_avg_sq:cpu:torch.float32"": 5.750783920288086, ""step:cpu:torch.float32"": 1.259148120880127e-06}"
FP32-FINAL-CPU-BEST-r2,FP32-FINAL-CPU-BEST,2,20,actor_forward_end,0,0,0,6.344898700714111,6.5859375,6.381992816925049,6.5859375,6.9190673828125,6.344898700714111,0.11799192428588867,0,0,35.31485366821289,"{""cuda:torch.float32"": 5.750783920288086}",{},"{""exp_avg:cpu:torch.float32"": 5.750783920288086, ""exp_avg_sq:cpu:torch.float32"": 5.750783920288086, ""step:cpu:torch.float32"": 1.259148120880127e-06}"
FP32-FINAL-CPU-BEST-r2,FP32-FINAL-CPU-BEST,2,20,actor_backward_end,0,0,0,5.76889181137085,10.11328125,8.377046585083008,10.11328125,10.4464111328125,5.76889181137085,0.10806131362915039,0,0,40.20242691040039,"{""cuda:torch.float32"": 5.750783920288086}",{},"{""exp_avg:cpu:torch.float32"": 5.750783920288086, ""exp_avg_sq:cpu:torch.float32"": 5.750783920288086, ""step:cpu:torch.float32"": 1.259148120880127e-06}"
FP32-FINAL-CPU-BEST-r2,FP32-FINAL-CPU-BEST,2,20,actor_optimizer_start,0,0,,5.768880367279053,10.11328125,8.377046585083008,10.11328125,10.4464111328125,5.768880367279053,0.10807275772094727,0,0,40.20242691040039,"{""cuda:torch.float32"": 5.750783920288086}",{},"{""exp_avg:cpu:torch.float32"": 5.750783920288086, ""exp_avg_sq:cpu:torch.float32"": 5.750783920288086, ""step:cpu:torch.float32"": 1.259148120880127e-06}"
FP32-FINAL-CPU-BEST-r2,FP32-FINAL-CPU-BEST,2,20,actor_optimizer_end,0,0,,5.768880367279053,10.11328125,8.377046585083008,10.11328125,10.4464111328125,5.768880367279053,0.10807275772094727,0,0,35.376251220703125,"{""cuda:torch.float32"": 5.750783920288086}",{},"{""exp_avg:cpu:torch.float32"": 5.750783920288086, ""exp_avg_sq:cpu:torch.float32"": 5.750783920288086, ""step:cpu:torch.float32"": 1.259148120880127e-06}"
FP32-FINAL-CPU-BEST-r2,FP32-FINAL-CPU-BEST,2,20,actor_update_cleanup,,,,5.768880367279053,10.11328125,8.377046585083008,10.11328125,10.4464111328125,5.768880367279053,0.10807275772094727,0,0,35.376251220703125,"{""cuda:torch.float32"": 5.750783920288086}",{},"{""exp_avg:cpu:torch.float32"": 5.750783920288086, ""exp_avg_sq:cpu:torch.float32"": 5.750783920288086, ""step:cpu:torch.float32"": 1.259148120880127e-06}"
FP32-FINAL-CPU-BEST-r2,FP32-FINAL-CPU-BEST,2,21,actor_update_policy_start,,,,5.768864154815674,5.876953125,5.768864154815674,5.876953125,6.2100830078125,5.768864154815674,0.10808897018432617,0,0,35.31496810913086,"{""cuda:torch.float32"": 5.750783920288086}",{},"{""exp_avg:cpu:torch.float32"": 5.750783920288086, ""exp_avg_sq:cpu:torch.float32"": 5.750783920288086, ""step:cpu:torch.float32"": 1.259148120880127e-06}"
FP32-FINAL-CPU-BEST-r2,FP32-FINAL-CPU-BEST,2,21,actor_forward_start,0,0,0,5.768864154815674,5.876953125,5.768864154815674,5.876953125,6.2100830078125,5.768864154815674,0.10808897018432617,0,0,35.31496810913086,"{""cuda:torch.float32"": 5.750783920288086}",{},"{""exp_avg:cpu:torch.float32"": 5.750783920288086, ""exp_avg_sq:cpu:torch.float32"": 5.750783920288086, ""step:cpu:torch.float32"": 1.259148120880127e-06}"
FP32-FINAL-CPU-BEST-r2,FP32-FINAL-CPU-BEST,2,21,actor_forward_end,0,0,0,6.344898700714111,6.5859375,6.381992816925049,6.5859375,6.9190673828125,6.344898700714111,0.11799192428588867,0,0,35.31496810913086,"{""cuda:torch.float32"": 5.750783920288086}",{},"{""exp_avg:cpu:torch.float32"": 5.750783920288086, ""exp_avg_sq:cpu:torch.float32"": 5.750783920288086, ""step:cpu:torch.float32"": 1.259148120880127e-06}"
FP32-FINAL-CPU-BEST-r2,FP32-FINAL-CPU-BEST,2,21,actor_backward_end,0,0,0,5.76889181137085,10.11328125,8.377046585083008,10.11328125,10.4464111328125,5.76889181137085,0.10806131362915039,0,0,40.22024154663086,"{""cuda:torch.float32"": 5.750783920288086}",{},"{""exp_avg:cpu:torch.float32"": 5.750783920288086, ""exp_avg_sq:cpu:torch.float32"": 5.750783920288086, ""step:cpu:torch.float32"": 1.259148120880127e-06}"
FP32-FINAL-CPU-BEST-r2,FP32-FINAL-CPU-BEST,2,21,actor_optimizer_start,0,0,,5.768880367279053,10.11328125,8.377046585083008,10.11328125,10.4464111328125,5.768880367279053,0.10807275772094727,0,0,40.22024154663086,"{""cuda:torch.float32"": 5.750783920288086}",{},"{""exp_avg:cpu:torch.float32"": 5.750783920288086, ""exp_avg_sq:cpu:torch.float32"": 5.750783920288086, ""step:cpu:torch.float32"": 1.259148120880127e-06}"
FP32-FINAL-CPU-BEST-r2,FP32-FINAL-CPU-BEST,2,21,actor_optimizer_end,0,0,,5.768880367279053,10.11328125,8.377046585083008,10.11328125,10.4464111328125,5.768880367279053,0.10807275772094727,0,0,35.31476593017578,"{""cuda:torch.float32"": 5.750783920288086}",{},"{""exp_avg:cpu:torch.float32"": 5.750783920288086, ""exp_avg_sq:cpu:torch.float32"": 5.750783920288086, ""step:cpu:torch.float32"": 1.259148120880127e-06}"
FP32-FINAL-CPU-BEST-r2,FP32-FINAL-CPU-BEST,2,21,actor_update_cleanup,,,,5.768880367279053,10.11328125,8.377046585083008,10.11328125,10.4464111328125,5.768880367279053,0.10807275772094727,0,0,35.31476593017578,"{""cuda:torch.float32"": 5.750783920288086}",{},"{""exp_avg:cpu:torch.float32"": 5.750783920288086, ""exp_avg_sq:cpu:torch.float32"": 5.750783920288086, ""step:cpu:torch.float32"": 1.259148120880127e-06}"
FP32-FINAL-CPU-BEST-r2,FP32-FINAL-CPU-BEST,2,22,actor_update_policy_start,,,,5.768864154815674,5.876953125,5.768864154815674,5.876953125,6.2100830078125,5.768864154815674,0.10808897018432617,0,0,35.31476593017578,"{""cuda:torch.float32"": 5.750783920288086}",{},"{""exp_avg:cpu:torch.float32"": 5.750783920288086, ""exp_avg_sq:cpu:torch.float32"": 5.750783920288086, ""step:cpu:torch.float32"": 1.259148120880127e-06}"
FP32-FINAL-CPU-BEST-r2,FP32-FINAL-CPU-BEST,2,22,actor_forward_start,0,0,0,5.768864154815674,5.876953125,5.768864154815674,5.876953125,6.2100830078125,5.768864154815674,0.10808897018432617,0,0,35.31476593017578,"{""cuda:torch.float32"": 5.750783920288086}",{},"{""exp_avg:cpu:torch.float32"": 5.750783920288086, ""exp_avg_sq:cpu:torch.float32"": 5.750783920288086, ""step:cpu:torch.float32"": 1.259148120880127e-06}"
FP32-FINAL-CPU-BEST-r2,FP32-FINAL-CPU-BEST,2,22,actor_forward_end,0,0,0,6.344898700714111,6.5859375,6.381992816925049,6.5859375,6.9190673828125,6.344898700714111,0.11799192428588867,0,0,35.31476593017578,"{""cuda:torch.float32"": 5.750783920288086}",{},"{""exp_avg:cpu:torch.float32"": 5.750783920288086, ""exp_avg_sq:cpu:torch.float32"": 5.750783920288086, ""step:cpu:torch.float32"": 1.259148120880127e-06}"
FP32-FINAL-CPU-BEST-r2,FP32-FINAL-CPU-BEST,2,22,actor_backward_end,0,0,0,5.76889181137085,10.11328125,8.377046585083008,10.11328125,10.4464111328125,5.76889181137085,0.10806131362915039,0,0,40.22003936767578,"{""cuda:torch.float32"": 5.750783920288086}",{},"{""exp_avg:cpu:torch.float32"": 5.750783920288086, ""exp_avg_sq:cpu:torch.float32"": 5.750783920288086, ""step:cpu:torch.float32"": 1.259148120880127e-06}"
FP32-FINAL-CPU-BEST-r2,FP32-FINAL-CPU-BEST,2,22,actor_optimizer_start,0,0,,5.768880367279053,10.11328125,8.377046585083008,10.11328125,10.4464111328125,5.768880367279053,0.10807275772094727,0,0,40.22003936767578,"{""cuda:torch.float32"": 5.750783920288086}",{},"{""exp_avg:cpu:torch.float32"": 5.750783920288086, ""exp_avg_sq:cpu:torch.float32"": 5.750783920288086, ""step:cpu:torch.float32"": 1.259148120880127e-06}"
FP32-FINAL-CPU-BEST-r2,FP32-FINAL-CPU-BEST,2,22,actor_optimizer_end,0,0,,5.768880367279053,10.11328125,8.377046585083008,10.11328125,10.4464111328125,5.768880367279053,0.10807275772094727,0,0,35.31478500366211,"{""cuda:torch.float32"": 5.750783920288086}",{},"{""exp_avg:cpu:torch.float32"": 5.750783920288086, ""exp_avg_sq:cpu:torch.float32"": 5.750783920288086, ""step:cpu:torch.float32"": 1.259148120880127e-06}"
FP32-FINAL-CPU-BEST-r2,FP32-FINAL-CPU-BEST,2,22,actor_update_cleanup,,,,5.768880367279053,10.11328125,8.377046585083008,10.11328125,10.4464111328125,5.768880367279053,0.10807275772094727,0,0,35.31478500366211,"{""cuda:torch.float32"": 5.750783920288086}",{},"{""exp_avg:cpu:torch.float32"": 5.750783920288086, ""exp_avg_sq:cpu:torch.float32"": 5.750783920288086, ""step:cpu:torch.float32"": 1.259148120880127e-06}"
FP32-FINAL-CPU-BEST-r2,FP32-FINAL-CPU-BEST,2,23,actor_update_policy_start,,,,5.768864154815674,5.876953125,5.768864154815674,5.876953125,6.2100830078125,5.768864154815674,0.10808897018432617,0,0,35.31490707397461,"{""cuda:torch.float32"": 5.750783920288086}",{},"{""exp_avg:cpu:torch.float32"": 5.750783920288086, ""exp_avg_sq:cpu:torch.float32"": 5.750783920288086, ""step:cpu:torch.float32"": 1.259148120880127e-06}"
FP32-FINAL-CPU-BEST-r2,FP32-FINAL-CPU-BEST,2,23,actor_forward_start,0,0,0,5.768864154815674,5.876953125,5.768864154815674,5.876953125,6.2100830078125,5.768864154815674,0.10808897018432617,0,0,35.31490707397461,"{""cuda:torch.float32"": 5.750783920288086}",{},"{""exp_avg:cpu:torch.float32"": 5.750783920288086, ""exp_avg_sq:cpu:torch.float32"": 5.750783920288086, ""step:cpu:torch.float32"": 1.259148120880127e-06}"
FP32-FINAL-CPU-BEST-r2,FP32-FINAL-CPU-BEST,2,23,actor_forward_end,0,0,0,6.344898700714111,6.5859375,6.381992816925049,6.5859375,6.9190673828125,6.344898700714111,0.11799192428588867,0,0,35.31490707397461,"{""cuda:torch.float32"": 5.750783920288086}",{},"{""exp_avg:cpu:torch.float32"": 5.750783920288086, ""exp_avg_sq:cpu:torch.float32"": 5.750783920288086, ""step:cpu:torch.float32"": 1.259148120880127e-06}"
FP32-FINAL-CPU-BEST-r2,FP32-FINAL-CPU-BEST,2,23,actor_backward_end,0,0,0,5.76889181137085,10.11328125,8.377046585083008,10.11328125,10.4464111328125,5.76889181137085,0.10806131362915039,0,0,40.21151351928711,"{""cuda:torch.float32"": 5.750783920288086}",{},"{""exp_avg:cpu:torch.float32"": 5.750783920288086, ""exp_avg_sq:cpu:torch.float32"": 5.750783920288086, ""step:cpu:torch.float32"": 1.259148120880127e-06}"
FP32-FINAL-CPU-BEST-r2,FP32-FINAL-CPU-BEST,2,23,actor_optimizer_start,0,0,,5.768880367279053,10.11328125,8.377046585083008,10.11328125,10.4464111328125,5.768880367279053,0.10807275772094727,0,0,40.21151351928711,"{""cuda:torch.float32"": 5.750783920288086}",{},"{""exp_avg:cpu:torch.float32"": 5.750783920288086, ""exp_avg_sq:cpu:torch.float32"": 5.750783920288086, ""step:cpu:torch.float32"": 1.259148120880127e-06}"
FP32-FINAL-CPU-BEST-r2,FP32-FINAL-CPU-BEST,2,23,actor_optimizer_end,0,0,,5.768880367279053,10.11328125,8.377046585083008,10.11328125,10.4464111328125,5.768880367279053,0.10807275772094727,0,0,35.315425872802734,"{""cuda:torch.float32"": 5.750783920288086}",{},"{""exp_avg:cpu:torch.float32"": 5.750783920288086, ""exp_avg_sq:cpu:torch.float32"": 5.750783920288086, ""step:cpu:torch.float32"": 1.259148120880127e-06}"
FP32-FINAL-CPU-BEST-r2,FP32-FINAL-CPU-BEST,2,23,actor_update_cleanup,,,,5.768880367279053,10.11328125,8.377046585083008,10.11328125,10.4464111328125,5.768880367279053,0.10807275772094727,0,0,35.315425872802734,"{""cuda:torch.float32"": 5.750783920288086}",{},"{""exp_avg:cpu:torch.float32"": 5.750783920288086, ""exp_avg_sq:cpu:torch.float32"": 5.750783920288086, ""step:cpu:torch.float32"": 1.259148120880127e-06}"
FP32-FINAL-CPU-BEST-r2,FP32-FINAL-CPU-BEST,2,24,actor_update_policy_start,,,,5.768864154815674,5.876953125,5.768864154815674,5.876953125,6.2100830078125,5.768864154815674,0.10808897018432617,0,0,35.315425872802734,"{""cuda:torch.float32"": 5.750783920288086}",{},"{""exp_avg:cpu:torch.float32"": 5.750783920288086, ""exp_avg_sq:cpu:torch.float32"": 5.750783920288086, ""step:cpu:torch.float32"": 1.259148120880127e-06}"
FP32-FINAL-CPU-BEST-r2,FP32-FINAL-CPU-BEST,2,24,actor_forward_start,0,0,0,5.768864154815674,5.876953125,5.768864154815674,5.876953125,6.2100830078125,5.768864154815674,0.10808897018432617,0,0,35.315425872802734,"{""cuda:torch.float32"": 5.750783920288086}",{},"{""exp_avg:cpu:torch.float32"": 5.750783920288086, ""exp_avg_sq:cpu:torch.float32"": 5.750783920288086, ""step:cpu:torch.float32"": 1.259148120880127e-06}"
FP32-FINAL-CPU-BEST-r2,FP32-FINAL-CPU-BEST,2,24,actor_forward_end,0,0,0,6.344898700714111,6.5859375,6.381992816925049,6.5859375,6.9190673828125,6.344898700714111,0.11799192428588867,0,0,35.315425872802734,"{""cuda:torch.float32"": 5.750783920288086}",{},"{""exp_avg:cpu:torch.float32"": 5.750783920288086, ""exp_avg_sq:cpu:torch.float32"": 5.750783920288086, ""step:cpu:torch.float32"": 1.259148120880127e-06}"
FP32-FINAL-CPU-BEST-r2,FP32-FINAL-CPU-BEST,2,24,actor_backward_end,0,0,0,5.76889181137085,10.11328125,8.377046585083008,10.11328125,10.4464111328125,5.76889181137085,0.10806131362915039,0,0,40.202754974365234,"{""cuda:torch.float32"": 5.750783920288086}",{},"{""exp_avg:cpu:torch.float32"": 5.750783920288086, ""exp_avg_sq:cpu:torch.float32"": 5.750783920288086, ""step:cpu:torch.float32"": 1.259148120880127e-06}"
FP32-FINAL-CPU-BEST-r2,FP32-FINAL-CPU-BEST,2,24,actor_optimizer_start,0,0,,5.768880367279053,10.11328125,8.377046585083008,10.11328125,10.4464111328125,5.768880367279053,0.10807275772094727,0,0,40.202754974365234,"{""cuda:torch.float32"": 5.750783920288086}",{},"{""exp_avg:cpu:torch.float32"": 5.750783920288086, ""exp_avg_sq:cpu:torch.float32"": 5.750783920288086, ""step:cpu:torch.float32"": 1.259148120880127e-06}"
FP32-FINAL-CPU-BEST-r2,FP32-FINAL-CPU-BEST,2,24,actor_optimizer_end,0,0,,5.768880367279053,10.11328125,8.377046585083008,10.11328125,10.4464111328125,5.768880367279053,0.10807275772094727,0,0,35.31535339355469,"{""cuda:torch.float32"": 5.750783920288086}",{},"{""exp_avg:cpu:torch.float32"": 5.750783920288086, ""exp_avg_sq:cpu:torch.float32"": 5.750783920288086, ""step:cpu:torch.float32"": 1.259148120880127e-06}"
FP32-FINAL-CPU-BEST-r2,FP32-FINAL-CPU-BEST,2,24,actor_update_cleanup,,,,5.768880367279053,10.11328125,8.377046585083008,10.11328125,10.4464111328125,5.768880367279053,0.10807275772094727,0,0,35.31535339355469,"{""cuda:torch.float32"": 5.750783920288086}",{},"{""exp_avg:cpu:torch.float32"": 5.750783920288086, ""exp_avg_sq:cpu:torch.float32"": 5.750783920288086, ""step:cpu:torch.float32"": 1.259148120880127e-06}"
FP32-FINAL-CPU-BEST-r2,FP32-FINAL-CPU-BEST,2,25,actor_update_policy_start,,,,5.768864154815674,5.876953125,5.768864154815674,5.876953125,6.2100830078125,5.768864154815674,0.10808897018432617,0,0,35.31547546386719,"{""cuda:torch.float32"": 5.750783920288086}",{},"{""exp_avg:cpu:torch.float32"": 5.750783920288086, ""exp_avg_sq:cpu:torch.float32"": 5.750783920288086, ""step:cpu:torch.float32"": 1.259148120880127e-06}"
FP32-FINAL-CPU-BEST-r2,FP32-FINAL-CPU-BEST,2,25,actor_forward_start,0,0,0,5.768864154815674,5.876953125,5.768864154815674,5.876953125,6.2100830078125,5.768864154815674,0.10808897018432617,0,0,35.31547546386719,"{""cuda:torch.float32"": 5.750783920288086}",{},"{""exp_avg:cpu:torch.float32"": 5.750783920288086, ""exp_avg_sq:cpu:torch.float32"": 5.750783920288086, ""step:cpu:torch.float32"": 1.259148120880127e-06}"
FP32-FINAL-CPU-BEST-r2,FP32-FINAL-CPU-BEST,2,25,actor_forward_end,0,0,0,6.344898700714111,6.5859375,6.381992816925049,6.5859375,6.9190673828125,6.344898700714111,0.11799192428588867,0,0,35.31547546386719,"{""cuda:torch.float32"": 5.750783920288086}",{},"{""exp_avg:cpu:torch.float32"": 5.750783920288086, ""exp_avg_sq:cpu:torch.float32"": 5.750783920288086, ""step:cpu:torch.float32"": 1.259148120880127e-06}"
FP32-FINAL-CPU-BEST-r2,FP32-FINAL-CPU-BEST,2,25,actor_backward_end,0,0,0,5.76889181137085,10.11328125,8.377046585083008,10.11328125,10.4464111328125,5.76889181137085,0.10806131362915039,0,0,40.21195983886719,"{""cuda:torch.float32"": 5.750783920288086}",{},"{""exp_avg:cpu:torch.float32"": 5.750783920288086, ""exp_avg_sq:cpu:torch.float32"": 5.750783920288086, ""step:cpu:torch.float32"": 1.259148120880127e-06}"
FP32-FINAL-CPU-BEST-r2,FP32-FINAL-CPU-BEST,2,25,actor_optimizer_start,0,0,,5.768880367279053,10.11328125,8.377046585083008,10.11328125,10.4464111328125,5.768880367279053,0.10807275772094727,0,0,40.21195983886719,"{""cuda:torch.float32"": 5.750783920288086}",{},"{""exp_avg:cpu:torch.float32"": 5.750783920288086, ""exp_avg_sq:cpu:torch.float32"": 5.750783920288086, ""step:cpu:torch.float32"": 1.259148120880127e-06}"
FP32-FINAL-CPU-BEST-r2,FP32-FINAL-CPU-BEST,2,25,actor_optimizer_end,0,0,,5.768880367279053,10.11328125,8.377046585083008,10.11328125,10.4464111328125,5.768880367279053,0.10807275772094727,0,0,35.37705993652344,"{""cuda:torch.float32"": 5.750783920288086}",{},"{""exp_avg:cpu:torch.float32"": 5.750783920288086, ""exp_avg_sq:cpu:torch.float32"": 5.750783920288086, ""step:cpu:torch.float32"": 1.259148120880127e-06}"
FP32-FINAL-CPU-BEST-r2,FP32-FINAL-CPU-BEST,2,25,actor_update_cleanup,,,,5.768880367279053,10.11328125,8.377046585083008,10.11328125,10.4464111328125,5.768880367279053,0.10807275772094727,0,0,35.37705993652344,"{""cuda:torch.float32"": 5.750783920288086}",{},"{""exp_avg:cpu:torch.float32"": 5.750783920288086, ""exp_avg_sq:cpu:torch.float32"": 5.750783920288086, ""step:cpu:torch.float32"": 1.259148120880127e-06}"
FP32-FINAL-CPU-BEST-r2,FP32-FINAL-CPU-BEST,2,26,actor_update_policy_start,,,,5.768864154815674,5.876953125,5.768864154815674,5.876953125,6.2100830078125,5.768864154815674,0.10808897018432617,0,0,35.3155632019043,"{""cuda:torch.float32"": 5.750783920288086}",{},"{""exp_avg:cpu:torch.float32"": 5.750783920288086, ""exp_avg_sq:cpu:torch.float32"": 5.750783920288086, ""step:cpu:torch.float32"": 1.259148120880127e-06}"
FP32-FINAL-CPU-BEST-r2,FP32-FINAL-CPU-BEST,2,26,actor_forward_start,0,0,0,5.768864154815674,5.876953125,5.768864154815674,5.876953125,6.2100830078125,5.768864154815674,0.10808897018432617,0,0,35.3155632019043,"{""cuda:torch.float32"": 5.750783920288086}",{},"{""exp_avg:cpu:torch.float32"": 5.750783920288086, ""exp_avg_sq:cpu:torch.float32"": 5.750783920288086, ""step:cpu:torch.float32"": 1.259148120880127e-06}"
FP32-FINAL-CPU-BEST-r2,FP32-FINAL-CPU-BEST,2,26,actor_forward_end,0,0,0,6.344898700714111,6.5859375,6.381992816925049,6.5859375,6.9190673828125,6.344898700714111,0.11799192428588867,0,0,35.3155632019043,"{""cuda:torch.float32"": 5.750783920288086}",{},"{""exp_avg:cpu:torch.float32"": 5.750783920288086, ""exp_avg_sq:cpu:torch.float32"": 5.750783920288086, ""step:cpu:torch.float32"": 1.259148120880127e-06}"
FP32-FINAL-CPU-BEST-r2,FP32-FINAL-CPU-BEST,2,26,actor_backward_end,0,0,0,5.76889181137085,10.11328125,8.377046585083008,10.11328125,10.4464111328125,5.76889181137085,0.10806131362915039,0,0,40.2031364440918,"{""cuda:torch.float32"": 5.750783920288086}",{},"{""exp_avg:cpu:torch.float32"": 5.750783920288086, ""exp_avg_sq:cpu:torch.float32"": 5.750783920288086, ""step:cpu:torch.float32"": 1.259148120880127e-06}"
FP32-FINAL-CPU-BEST-r2,FP32-FINAL-CPU-BEST,2,26,actor_optimizer_start,0,0,,5.768880367279053,10.11328125,8.377046585083008,10.11328125,10.4464111328125,5.768880367279053,0.10807275772094727,0,0,40.2031364440918,"{""cuda:torch.float32"": 5.750783920288086}",{},"{""exp_avg:cpu:torch.float32"": 5.750783920288086, ""exp_avg_sq:cpu:torch.float32"": 5.750783920288086, ""step:cpu:torch.float32"": 1.259148120880127e-06}"
FP32-FINAL-CPU-BEST-r2,FP32-FINAL-CPU-BEST,2,26,actor_optimizer_end,0,0,,5.768880367279053,10.11328125,8.377046585083008,10.11328125,10.4464111328125,5.768880367279053,0.10807275772094727,0,0,35.31542205810547,"{""cuda:torch.float32"": 5.750783920288086}",{},"{""exp_avg:cpu:torch.float32"": 5.750783920288086, ""exp_avg_sq:cpu:torch.float32"": 5.750783920288086, ""step:cpu:torch.float32"": 1.259148120880127e-06}"
FP32-FINAL-CPU-BEST-r2,FP32-FINAL-CPU-BEST,2,26,actor_update_cleanup,,,,5.768880367279053,10.11328125,8.377046585083008,10.11328125,10.4464111328125,5.768880367279053,0.10807275772094727,0,0,35.31542205810547,"{""cuda:torch.float32"": 5.750783920288086}",{},"{""exp_avg:cpu:torch.float32"": 5.750783920288086, ""exp_avg_sq:cpu:torch.float32"": 5.750783920288086, ""step:cpu:torch.float32"": 1.259148120880127e-06}"
FP32-FINAL-CPU-BEST-r2,FP32-FINAL-CPU-BEST,2,27,actor_update_policy_start,,,,5.768864154815674,5.876953125,5.768864154815674,5.876953125,6.2100830078125,5.768864154815674,0.10808897018432617,0,0,35.31542205810547,"{""cuda:torch.float32"": 5.750783920288086}",{},"{""exp_avg:cpu:torch.float32"": 5.750783920288086, ""exp_avg_sq:cpu:torch.float32"": 5.750783920288086, ""step:cpu:torch.float32"": 1.259148120880127e-06}"
FP32-FINAL-CPU-BEST-r2,FP32-FINAL-CPU-BEST,2,27,actor_forward_start,0,0,0,5.768864154815674,5.876953125,5.768864154815674,5.876953125,6.2100830078125,5.768864154815674,0.10808897018432617,0,0,35.31542205810547,"{""cuda:torch.float32"": 5.750783920288086}",{},"{""exp_avg:cpu:torch.float32"": 5.750783920288086, ""exp_avg_sq:cpu:torch.float32"": 5.750783920288086, ""step:cpu:torch.float32"": 1.259148120880127e-06}"
FP32-FINAL-CPU-BEST-r2,FP32-FINAL-CPU-BEST,2,27,actor_forward_end,0,0,0,6.344898700714111,6.5859375,6.381992816925049,6.5859375,6.9190673828125,6.344898700714111,0.11799192428588867,0,0,35.31542205810547,"{""cuda:torch.float32"": 5.750783920288086}",{},"{""exp_avg:cpu:torch.float32"": 5.750783920288086, ""exp_avg_sq:cpu:torch.float32"": 5.750783920288086, ""step:cpu:torch.float32"": 1.259148120880127e-06}"
FP32-FINAL-CPU-BEST-r2,FP32-FINAL-CPU-BEST,2,27,actor_backward_end,0,0,0,5.76889181137085,10.11328125,8.377046585083008,10.11328125,10.4464111328125,5.76889181137085,0.10806131362915039,0,0,40.20287322998047,"{""cuda:torch.float32"": 5.750783920288086}",{},"{""exp_avg:cpu:torch.float32"": 5.750783920288086, ""exp_avg_sq:cpu:torch.float32"": 5.750783920288086, ""step:cpu:torch.float32"": 1.259148120880127e-06}"
FP32-FINAL-CPU-BEST-r2,FP32-FINAL-CPU-BEST,2,27,actor_optimizer_start,0,0,,5.768880367279053,10.11328125,8.377046585083008,10.11328125,10.4464111328125,5.768880367279053,0.10807275772094727,0,0,40.20287322998047,"{""cuda:torch.float32"": 5.750783920288086}",{},"{""exp_avg:cpu:torch.float32"": 5.750783920288086, ""exp_avg_sq:cpu:torch.float32"": 5.750783920288086, ""step:cpu:torch.float32"": 1.259148120880127e-06}"
FP32-FINAL-CPU-BEST-r2,FP32-FINAL-CPU-BEST,2,27,actor_optimizer_end,0,0,,5.768880367279053,10.11328125,8.377046585083008,10.11328125,10.4464111328125,5.768880367279053,0.10807275772094727,0,0,35.31516647338867,"{""cuda:torch.float32"": 5.750783920288086}",{},"{""exp_avg:cpu:torch.float32"": 5.750783920288086, ""exp_avg_sq:cpu:torch.float32"": 5.750783920288086, ""step:cpu:torch.float32"": 1.259148120880127e-06}"
FP32-FINAL-CPU-BEST-r2,FP32-FINAL-CPU-BEST,2,27,actor_update_cleanup,,,,5.768880367279053,10.11328125,8.377046585083008,10.11328125,10.4464111328125,5.768880367279053,0.10807275772094727,0,0,35.31516647338867,"{""cuda:torch.float32"": 5.750783920288086}",{},"{""exp_avg:cpu:torch.float32"": 5.750783920288086, ""exp_avg_sq:cpu:torch.float32"": 5.750783920288086, ""step:cpu:torch.float32"": 1.259148120880127e-06}"
FP32-FINAL-CPU-BEST-r2,FP32-FINAL-CPU-BEST,2,28,actor_update_policy_start,,,,5.768864154815674,5.876953125,5.768864154815674,5.876953125,6.2100830078125,5.768864154815674,0.10808897018432617,0,0,35.31516647338867,"{""cuda:torch.float32"": 5.750783920288086}",{},"{""exp_avg:cpu:torch.float32"": 5.750783920288086, ""exp_avg_sq:cpu:torch.float32"": 5.750783920288086, ""step:cpu:torch.float32"": 1.259148120880127e-06}"
FP32-FINAL-CPU-BEST-r2,FP32-FINAL-CPU-BEST,2,28,actor_forward_start,0,0,0,5.768864154815674,5.876953125,5.768864154815674,5.876953125,6.2100830078125,5.768864154815674,0.10808897018432617,0,0,35.31516647338867,"{""cuda:torch.float32"": 5.750783920288086}",{},"{""exp_avg:cpu:torch.float32"": 5.750783920288086, ""exp_avg_sq:cpu:torch.float32"": 5.750783920288086, ""step:cpu:torch.float32"": 1.259148120880127e-06}"
FP32-FINAL-CPU-BEST-r2,FP32-FINAL-CPU-BEST,2,28,actor_forward_end,0,0,0,6.344898700714111,6.5859375,6.381992816925049,6.5859375,6.9190673828125,6.344898700714111,0.11799192428588867,0,0,35.31516647338867,"{""cuda:torch.float32"": 5.750783920288086}",{},"{""exp_avg:cpu:torch.float32"": 5.750783920288086, ""exp_avg_sq:cpu:torch.float32"": 5.750783920288086, ""step:cpu:torch.float32"": 1.259148120880127e-06}"
FP32-FINAL-CPU-BEST-r2,FP32-FINAL-CPU-BEST,2,28,actor_backward_end,0,0,0,5.76889181137085,10.11328125,8.377046585083008,10.11328125,10.4464111328125,5.76889181137085,0.10806131362915039,0,0,40.20286178588867,"{""cuda:torch.float32"": 5.750783920288086}",{},"{""exp_avg:cpu:torch.float32"": 5.750783920288086, ""exp_avg_sq:cpu:torch.float32"": 5.750783920288086, ""step:cpu:torch.float32"": 1.259148120880127e-06}"
FP32-FINAL-CPU-BEST-r2,FP32-FINAL-CPU-BEST,2,28,actor_optimizer_start,0,0,,5.768880367279053,10.11328125,8.377046585083008,10.11328125,10.4464111328125,5.768880367279053,0.10807275772094727,0,0,40.20286178588867,"{""cuda:torch.float32"": 5.750783920288086}",{},"{""exp_avg:cpu:torch.float32"": 5.750783920288086, ""exp_avg_sq:cpu:torch.float32"": 5.750783920288086, ""step:cpu:torch.float32"": 1.259148120880127e-06}"
FP32-FINAL-CPU-BEST-r2,FP32-FINAL-CPU-BEST,2,28,actor_optimizer_end,0,0,,5.768880367279053,10.11328125,8.377046585083008,10.11328125,10.4464111328125,5.768880367279053,0.10807275772094727,0,0,35.315128326416016,"{""cuda:torch.float32"": 5.750783920288086}",{},"{""exp_avg:cpu:torch.float32"": 5.750783920288086, ""exp_avg_sq:cpu:torch.float32"": 5.750783920288086, ""step:cpu:torch.float32"": 1.259148120880127e-06}"
FP32-FINAL-CPU-BEST-r2,FP32-FINAL-CPU-BEST,2,28,actor_update_cleanup,,,,5.768880367279053,10.11328125,8.377046585083008,10.11328125,10.4464111328125,5.768880367279053,0.10807275772094727,0,0,35.315128326416016,"{""cuda:torch.float32"": 5.750783920288086}",{},"{""exp_avg:cpu:torch.float32"": 5.750783920288086, ""exp_avg_sq:cpu:torch.float32"": 5.750783920288086, ""step:cpu:torch.float32"": 1.259148120880127e-06}"
FP32-FINAL-CPU-BEST-r2,FP32-FINAL-CPU-BEST,2,29,actor_update_policy_start,,,,5.768864154815674,5.876953125,5.768864154815674,5.876953125,6.2100830078125,5.768864154815674,0.10808897018432617,0,0,35.315250396728516,"{""cuda:torch.float32"": 5.750783920288086}",{},"{""exp_avg:cpu:torch.float32"": 5.750783920288086, ""exp_avg_sq:cpu:torch.float32"": 5.750783920288086, ""step:cpu:torch.float32"": 1.259148120880127e-06}"
FP32-FINAL-CPU-BEST-r2,FP32-FINAL-CPU-BEST,2,29,actor_forward_start,0,0,0,5.768864154815674,5.876953125,5.768864154815674,5.876953125,6.2100830078125,5.768864154815674,0.10808897018432617,0,0,35.315250396728516,"{""cuda:torch.float32"": 5.750783920288086}",{},"{""exp_avg:cpu:torch.float32"": 5.750783920288086, ""exp_avg_sq:cpu:torch.float32"": 5.750783920288086, ""step:cpu:torch.float32"": 1.259148120880127e-06}"
FP32-FINAL-CPU-BEST-r2,FP32-FINAL-CPU-BEST,2,29,actor_forward_end,0,0,0,6.344898700714111,6.5859375,6.381992816925049,6.5859375,6.9190673828125,6.344898700714111,0.11799192428588867,0,0,35.315250396728516,"{""cuda:torch.float32"": 5.750783920288086}",{},"{""exp_avg:cpu:torch.float32"": 5.750783920288086, ""exp_avg_sq:cpu:torch.float32"": 5.750783920288086, ""step:cpu:torch.float32"": 1.259148120880127e-06}"
FP32-FINAL-CPU-BEST-r2,FP32-FINAL-CPU-BEST,2,29,actor_backward_end,0,0,0,5.76889181137085,10.11328125,8.377046585083008,10.11328125,10.4464111328125,5.76889181137085,0.10806131362915039,0,0,40.202945709228516,"{""cuda:torch.float32"": 5.750783920288086}",{},"{""exp_avg:cpu:torch.float32"": 5.750783920288086, ""exp_avg_sq:cpu:torch.float32"": 5.750783920288086, ""step:cpu:torch.float32"": 1.259148120880127e-06}"
FP32-FINAL-CPU-BEST-r2,FP32-FINAL-CPU-BEST,2,29,actor_optimizer_start,0,0,,5.768880367279053,10.11328125,8.377046585083008,10.11328125,10.4464111328125,5.768880367279053,0.10807275772094727,0,0,40.202945709228516,"{""cuda:torch.float32"": 5.750783920288086}",{},"{""exp_avg:cpu:torch.float32"": 5.750783920288086, ""exp_avg_sq:cpu:torch.float32"": 5.750783920288086, ""step:cpu:torch.float32"": 1.259148120880127e-06}"
FP32-FINAL-CPU-BEST-r2,FP32-FINAL-CPU-BEST,2,29,actor_optimizer_end,0,0,,5.768880367279053,10.11328125,8.377046585083008,10.11328125,10.4464111328125,5.768880367279053,0.10807275772094727,0,0,35.37690353393555,"{""cuda:torch.float32"": 5.750783920288086}",{},"{""exp_avg:cpu:torch.float32"": 5.750783920288086, ""exp_avg_sq:cpu:torch.float32"": 5.750783920288086, ""step:cpu:torch.float32"": 1.259148120880127e-06}"
FP32-FINAL-CPU-BEST-r2,FP32-FINAL-CPU-BEST,2,29,actor_update_cleanup,,,,5.768880367279053,10.11328125,8.377046585083008,10.11328125,10.4464111328125,5.768880367279053,0.10807275772094727,0,0,35.37690353393555,"{""cuda:torch.float32"": 5.750783920288086}",{},"{""exp_avg:cpu:torch.float32"": 5.750783920288086, ""exp_avg_sq:cpu:torch.float32"": 5.750783920288086, ""step:cpu:torch.float32"": 1.259148120880127e-06}"
FP32-FINAL-CPU-BEST-r2,FP32-FINAL-CPU-BEST,2,30,actor_update_policy_start,,,,5.768864154815674,5.876953125,5.768864154815674,5.876953125,6.2100830078125,5.768864154815674,0.10808897018432617,0,0,35.31537628173828,"{""cuda:torch.float32"": 5.750783920288086}",{},"{""exp_avg:cpu:torch.float32"": 5.750783920288086, ""exp_avg_sq:cpu:torch.float32"": 5.750783920288086, ""step:cpu:torch.float32"": 1.259148120880127e-06}"
FP32-FINAL-CPU-BEST-r2,FP32-FINAL-CPU-BEST,2,30,actor_forward_start,0,0,0,5.768864154815674,5.876953125,5.768864154815674,5.876953125,6.2100830078125,5.768864154815674,0.10808897018432617,0,0,35.31537628173828,"{""cuda:torch.float32"": 5.750783920288086}",{},"{""exp_avg:cpu:torch.float32"": 5.750783920288086, ""exp_avg_sq:cpu:torch.float32"": 5.750783920288086, ""step:cpu:torch.float32"": 1.259148120880127e-06}"
FP32-FINAL-CPU-BEST-r2,FP32-FINAL-CPU-BEST,2,30,actor_forward_end,0,0,0,6.344898700714111,6.5859375,6.381992816925049,6.5859375,6.9190673828125,6.344898700714111,0.11799192428588867,0,0,35.31537628173828,"{""cuda:torch.float32"": 5.750783920288086}",{},"{""exp_avg:cpu:torch.float32"": 5.750783920288086, ""exp_avg_sq:cpu:torch.float32"": 5.750783920288086, ""step:cpu:torch.float32"": 1.259148120880127e-06}"
FP32-FINAL-CPU-BEST-r2,FP32-FINAL-CPU-BEST,2,30,actor_backward_end,0,0,0,5.76889181137085,10.11328125,8.377046585083008,10.11328125,10.4464111328125,5.76889181137085,0.10806131362915039,0,0,40.20307159423828,"{""cuda:torch.float32"": 5.750783920288086}",{},"{""exp_avg:cpu:torch.float32"": 5.750783920288086, ""exp_avg_sq:cpu:torch.float32"": 5.750783920288086, ""step:cpu:torch.float32"": 1.259148120880127e-06}"
FP32-FINAL-CPU-BEST-r2,FP32-FINAL-CPU-BEST,2,30,actor_optimizer_start,0,0,,5.768880367279053,10.11328125,8.377046585083008,10.11328125,10.4464111328125,5.768880367279053,0.10807275772094727,0,0,40.20307159423828,"{""cuda:torch.float32"": 5.750783920288086}",{},"{""exp_avg:cpu:torch.float32"": 5.750783920288086, ""exp_avg_sq:cpu:torch.float32"": 5.750783920288086, ""step:cpu:torch.float32"": 1.259148120880127e-06}"
FP32-FINAL-CPU-BEST-r2,FP32-FINAL-CPU-BEST,2,30,actor_optimizer_end,0,0,,5.768880367279053,10.11328125,8.377046585083008,10.11328125,10.4464111328125,5.768880367279053,0.10807275772094727,0,0,35.37706756591797,"{""cuda:torch.float32"": 5.750783920288086}",{},"{""exp_avg:cpu:torch.float32"": 5.750783920288086, ""exp_avg_sq:cpu:torch.float32"": 5.750783920288086, ""step:cpu:torch.float32"": 1.259148120880127e-06}"
FP32-FINAL-CPU-BEST-r2,FP32-FINAL-CPU-BEST,2,30,actor_update_cleanup,,,,5.768880367279053,10.11328125,8.377046585083008,10.11328125,10.4464111328125,5.768880367279053,0.10807275772094727,0,0,35.37706756591797,"{""cuda:torch.float32"": 5.750783920288086}",{},"{""exp_avg:cpu:torch.float32"": 5.750783920288086, ""exp_avg_sq:cpu:torch.float32"": 5.750783920288086, ""step:cpu:torch.float32"": 1.259148120880127e-06}"
FP32-FINAL-CPU-BEST-r2,FP32-FINAL-CPU-BEST,2,31,actor_update_policy_start,,,,5.768864154815674,5.876953125,5.768864154815674,5.876953125,6.2100830078125,5.768864154815674,0.10808897018432617,0,0,35.37718963623047,"{""cuda:torch.float32"": 5.750783920288086}",{},"{""exp_avg:cpu:torch.float32"": 5.750783920288086, ""exp_avg_sq:cpu:torch.float32"": 5.750783920288086, ""step:cpu:torch.float32"": 1.259148120880127e-06}"
FP32-FINAL-CPU-BEST-r2,FP32-FINAL-CPU-BEST,2,31,actor_forward_start,0,0,0,5.768864154815674,5.876953125,5.768864154815674,5.876953125,6.2100830078125,5.768864154815674,0.10808897018432617,0,0,35.37718963623047,"{""cuda:torch.float32"": 5.750783920288086}",{},"{""exp_avg:cpu:torch.float32"": 5.750783920288086, ""exp_avg_sq:cpu:torch.float32"": 5.750783920288086, ""step:cpu:torch.float32"": 1.259148120880127e-06}"
FP32-FINAL-CPU-BEST-r2,FP32-FINAL-CPU-BEST,2,31,actor_forward_end,0,0,0,6.344898700714111,6.5859375,6.381992816925049,6.5859375,6.9190673828125,6.344898700714111,0.11799192428588867,0,0,35.37718963623047,"{""cuda:torch.float32"": 5.750783920288086}",{},"{""exp_avg:cpu:torch.float32"": 5.750783920288086, ""exp_avg_sq:cpu:torch.float32"": 5.750783920288086, ""step:cpu:torch.float32"": 1.259148120880127e-06}"
FP32-FINAL-CPU-BEST-r2,FP32-FINAL-CPU-BEST,2,31,actor_backward_end,0,0,0,5.76889181137085,10.11328125,8.377046585083008,10.11328125,10.4464111328125,5.76889181137085,0.10806131362915039,0,0,40.19110870361328,"{""cuda:torch.float32"": 5.750783920288086}",{},"{""exp_avg:cpu:torch.float32"": 5.750783920288086, ""exp_avg_sq:cpu:torch.float32"": 5.750783920288086, ""step:cpu:torch.float32"": 1.259148120880127e-06}"
FP32-FINAL-CPU-BEST-r2,FP32-FINAL-CPU-BEST,2,31,actor_optimizer_start,0,0,,5.768880367279053,10.11328125,8.377046585083008,10.11328125,10.4464111328125,5.768880367279053,0.10807275772094727,0,0,40.19110870361328,"{""cuda:torch.float32"": 5.750783920288086}",{},"{""exp_avg:cpu:torch.float32"": 5.750783920288086, ""exp_avg_sq:cpu:torch.float32"": 5.750783920288086, ""step:cpu:torch.float32"": 1.259148120880127e-06}"
FP32-FINAL-CPU-BEST-r2,FP32-FINAL-CPU-BEST,2,31,actor_optimizer_end,0,0,,5.768880367279053,10.11328125,8.377046585083008,10.11328125,10.4464111328125,5.768880367279053,0.10807275772094727,0,0,35.310821533203125,"{""cuda:torch.float32"": 5.750783920288086}",{},"{""exp_avg:cpu:torch.float32"": 5.750783920288086, ""exp_avg_sq:cpu:torch.float32"": 5.750783920288086, ""step:cpu:torch.float32"": 1.259148120880127e-06}"
FP32-FINAL-CPU-BEST-r2,FP32-FINAL-CPU-BEST,2,31,actor_update_cleanup,,,,5.768880367279053,10.11328125,8.377046585083008,10.11328125,10.4464111328125,5.768880367279053,0.10807275772094727,0,0,35.310821533203125,"{""cuda:torch.float32"": 5.750783920288086}",{},"{""exp_avg:cpu:torch.float32"": 5.750783920288086, ""exp_avg_sq:cpu:torch.float32"": 5.750783920288086, ""step:cpu:torch.float32"": 1.259148120880127e-06}"
FP32-FINAL-CPU-BEST-r2,FP32-FINAL-CPU-BEST,2,32,actor_update_policy_start,,,,5.768864154815674,5.876953125,5.768864154815674,5.876953125,6.2100830078125,5.768864154815674,0.10808897018432617,0,0,35.310821533203125,"{""cuda:torch.float32"": 5.750783920288086}",{},"{""exp_avg:cpu:torch.float32"": 5.750783920288086, ""exp_avg_sq:cpu:torch.float32"": 5.750783920288086, ""step:cpu:torch.float32"": 1.259148120880127e-06}"
FP32-FINAL-CPU-BEST-r2,FP32-FINAL-CPU-BEST,2,32,actor_forward_start,0,0,0,5.768864154815674,5.876953125,5.768864154815674,5.876953125,6.2100830078125,5.768864154815674,0.10808897018432617,0,0,35.310821533203125,"{""cuda:torch.float32"": 5.750783920288086}",{},"{""exp_avg:cpu:torch.float32"": 5.750783920288086, ""exp_avg_sq:cpu:torch.float32"": 5.750783920288086, ""step:cpu:torch.float32"": 1.259148120880127e-06}"
FP32-FINAL-CPU-BEST-r2,FP32-FINAL-CPU-BEST,2,32,actor_forward_end,0,0,0,6.344898700714111,6.5859375,6.381992816925049,6.5859375,6.9190673828125,6.344898700714111,0.11799192428588867,0,0,35.310821533203125,"{""cuda:torch.float32"": 5.750783920288086}",{},"{""exp_avg:cpu:torch.float32"": 5.750783920288086, ""exp_avg_sq:cpu:torch.float32"": 5.750783920288086, ""step:cpu:torch.float32"": 1.259148120880127e-06}"
FP32-FINAL-CPU-BEST-r2,FP32-FINAL-CPU-BEST,2,32,actor_backward_end,0,0,0,5.76889181137085,10.11328125,8.377046585083008,10.11328125,10.4464111328125,5.76889181137085,0.10806131362915039,0,0,40.215972900390625,"{""cuda:torch.float32"": 5.750783920288086}",{},"{""exp_avg:cpu:torch.float32"": 5.750783920288086, ""exp_avg_sq:cpu:torch.float32"": 5.750783920288086, ""step:cpu:torch.float32"": 1.259148120880127e-06}"
FP32-FINAL-CPU-BEST-r2,FP32-FINAL-CPU-BEST,2,32,actor_optimizer_start,0,0,,5.768880367279053,10.11328125,8.377046585083008,10.11328125,10.4464111328125,5.768880367279053,0.10807275772094727,0,0,40.215972900390625,"{""cuda:torch.float32"": 5.750783920288086}",{},"{""exp_avg:cpu:torch.float32"": 5.750783920288086, ""exp_avg_sq:cpu:torch.float32"": 5.750783920288086, ""step:cpu:torch.float32"": 1.259148120880127e-06}"
FP32-FINAL-CPU-BEST-r2,FP32-FINAL-CPU-BEST,2,32,actor_optimizer_end,0,0,,5.768880367279053,10.11328125,8.377046585083008,10.11328125,10.4464111328125,5.768880367279053,0.10807275772094727,0,0,35.31080627441406,"{""cuda:torch.float32"": 5.750783920288086}",{},"{""exp_avg:cpu:torch.float32"": 5.750783920288086, ""exp_avg_sq:cpu:torch.float32"": 5.750783920288086, ""step:cpu:torch.float32"": 1.259148120880127e-06}"
FP32-FINAL-CPU-BEST-r2,FP32-FINAL-CPU-BEST,2,32,actor_update_cleanup,,,,5.768880367279053,10.11328125,8.377046585083008,10.11328125,10.4464111328125,5.768880367279053,0.10807275772094727,0,0,35.31080627441406,"{""cuda:torch.float32"": 5.750783920288086}",{},"{""exp_avg:cpu:torch.float32"": 5.750783920288086, ""exp_avg_sq:cpu:torch.float32"": 5.750783920288086, ""step:cpu:torch.float32"": 1.259148120880127e-06}"
FP32-FINAL-CPU-BEST-r3,FP32-FINAL-CPU-BEST,3,3,actor_update_policy_start,,,,5.768864154815674,5.876953125,5.768864154815674,5.876953125,6.2100830078125,5.768864154815674,0.10808897018432617,0,0,34.912750244140625,"{""cuda:torch.float32"": 5.750783920288086}",{},"{""exp_avg:cpu:torch.float32"": 5.750783920288086, ""exp_avg_sq:cpu:torch.float32"": 5.750783920288086, ""step:cpu:torch.float32"": 1.259148120880127e-06}"
FP32-FINAL-CPU-BEST-r3,FP32-FINAL-CPU-BEST,3,3,actor_forward_start,0,0,0,5.768864154815674,5.876953125,5.768864154815674,5.876953125,6.2100830078125,5.768864154815674,0.10808897018432617,0,0,34.912750244140625,"{""cuda:torch.float32"": 5.750783920288086}",{},"{""exp_avg:cpu:torch.float32"": 5.750783920288086, ""exp_avg_sq:cpu:torch.float32"": 5.750783920288086, ""step:cpu:torch.float32"": 1.259148120880127e-06}"
FP32-FINAL-CPU-BEST-r3,FP32-FINAL-CPU-BEST,3,3,actor_forward_end,0,0,0,6.344898700714111,6.5859375,6.381992816925049,6.5859375,6.9190673828125,6.344898700714111,0.11799192428588867,0,0,34.912750244140625,"{""cuda:torch.float32"": 5.750783920288086}",{},"{""exp_avg:cpu:torch.float32"": 5.750783920288086, ""exp_avg_sq:cpu:torch.float32"": 5.750783920288086, ""step:cpu:torch.float32"": 1.259148120880127e-06}"
FP32-FINAL-CPU-BEST-r3,FP32-FINAL-CPU-BEST,3,3,actor_backward_end,0,0,0,5.76889181137085,10.11328125,8.377046585083008,10.11328125,10.4464111328125,5.76889181137085,0.10806131362915039,0,0,40.118804931640625,"{""cuda:torch.float32"": 5.750783920288086}",{},"{""exp_avg:cpu:torch.float32"": 5.750783920288086, ""exp_avg_sq:cpu:torch.float32"": 5.750783920288086, ""step:cpu:torch.float32"": 1.259148120880127e-06}"
FP32-FINAL-CPU-BEST-r3,FP32-FINAL-CPU-BEST,3,3,actor_optimizer_start,0,0,,5.768880367279053,10.11328125,8.377046585083008,10.11328125,10.4464111328125,5.768880367279053,0.10807275772094727,0,0,40.118804931640625,"{""cuda:torch.float32"": 5.750783920288086}",{},"{""exp_avg:cpu:torch.float32"": 5.750783920288086, ""exp_avg_sq:cpu:torch.float32"": 5.750783920288086, ""step:cpu:torch.float32"": 1.259148120880127e-06}"
FP32-FINAL-CPU-BEST-r3,FP32-FINAL-CPU-BEST,3,3,actor_optimizer_end,0,0,,5.768880367279053,10.11328125,8.377046585083008,10.11328125,10.4464111328125,5.768880367279053,0.10807275772094727,0,0,35.0452995300293,"{""cuda:torch.float32"": 5.750783920288086}",{},"{""exp_avg:cpu:torch.float32"": 5.750783920288086, ""exp_avg_sq:cpu:torch.float32"": 5.750783920288086, ""step:cpu:torch.float32"": 1.259148120880127e-06}"
FP32-FINAL-CPU-BEST-r3,FP32-FINAL-CPU-BEST,3,3,actor_update_cleanup,,,,5.768880367279053,10.11328125,8.377046585083008,10.11328125,10.4464111328125,5.768880367279053,0.10807275772094727,0,0,35.0452995300293,"{""cuda:torch.float32"": 5.750783920288086}",{},"{""exp_avg:cpu:torch.float32"": 5.750783920288086, ""exp_avg_sq:cpu:torch.float32"": 5.750783920288086, ""step:cpu:torch.float32"": 1.259148120880127e-06}"
FP32-FINAL-CPU-BEST-r3,FP32-FINAL-CPU-BEST,3,4,actor_update_policy_start,,,,5.768864154815674,5.876953125,5.768864154815674,5.876953125,6.2100830078125,5.768864154815674,0.10808897018432617,0,0,34.974979400634766,"{""cuda:torch.float32"": 5.750783920288086}",{},"{""exp_avg:cpu:torch.float32"": 5.750783920288086, ""exp_avg_sq:cpu:torch.float32"": 5.750783920288086, ""step:cpu:torch.float32"": 1.259148120880127e-06}"
FP32-FINAL-CPU-BEST-r3,FP32-FINAL-CPU-BEST,3,4,actor_forward_start,0,0,0,5.768864154815674,5.876953125,5.768864154815674,5.876953125,6.2100830078125,5.768864154815674,0.10808897018432617,0,0,34.974979400634766,"{""cuda:torch.float32"": 5.750783920288086}",{},"{""exp_avg:cpu:torch.float32"": 5.750783920288086, ""exp_avg_sq:cpu:torch.float32"": 5.750783920288086, ""step:cpu:torch.float32"": 1.259148120880127e-06}"
FP32-FINAL-CPU-BEST-r3,FP32-FINAL-CPU-BEST,3,4,actor_forward_end,0,0,0,6.344898700714111,6.5859375,6.381992816925049,6.5859375,6.9190673828125,6.344898700714111,0.11799192428588867,0,0,34.974979400634766,"{""cuda:torch.float32"": 5.750783920288086}",{},"{""exp_avg:cpu:torch.float32"": 5.750783920288086, ""exp_avg_sq:cpu:torch.float32"": 5.750783920288086, ""step:cpu:torch.float32"": 1.259148120880127e-06}"
FP32-FINAL-CPU-BEST-r3,FP32-FINAL-CPU-BEST,3,4,actor_backward_end,0,0,0,5.76889181137085,10.11328125,8.377046585083008,10.11328125,10.4464111328125,5.76889181137085,0.10806131362915039,0,0,40.13697052001953,"{""cuda:torch.float32"": 5.750783920288086}",{},"{""exp_avg:cpu:torch.float32"": 5.750783920288086, ""exp_avg_sq:cpu:torch.float32"": 5.750783920288086, ""step:cpu:torch.float32"": 1.259148120880127e-06}"
FP32-FINAL-CPU-BEST-r3,FP32-FINAL-CPU-BEST,3,4,actor_optimizer_start,0,0,,5.768880367279053,10.11328125,8.377046585083008,10.11328125,10.4464111328125,5.768880367279053,0.10807275772094727,0,0,40.13697052001953,"{""cuda:torch.float32"": 5.750783920288086}",{},"{""exp_avg:cpu:torch.float32"": 5.750783920288086, ""exp_avg_sq:cpu:torch.float32"": 5.750783920288086, ""step:cpu:torch.float32"": 1.259148120880127e-06}"
FP32-FINAL-CPU-BEST-r3,FP32-FINAL-CPU-BEST,3,4,actor_optimizer_end,0,0,,5.768880367279053,10.11328125,8.377046585083008,10.11328125,10.4464111328125,5.768880367279053,0.10807275772094727,0,0,35.03684616088867,"{""cuda:torch.float32"": 5.750783920288086}",{},"{""exp_avg:cpu:torch.float32"": 5.750783920288086, ""exp_avg_sq:cpu:torch.float32"": 5.750783920288086, ""step:cpu:torch.float32"": 1.259148120880127e-06}"
FP32-FINAL-CPU-BEST-r3,FP32-FINAL-CPU-BEST,3,4,actor_update_cleanup,,,,5.768880367279053,10.11328125,8.377046585083008,10.11328125,10.4464111328125,5.768880367279053,0.10807275772094727,0,0,35.03684616088867,"{""cuda:torch.float32"": 5.750783920288086}",{},"{""exp_avg:cpu:torch.float32"": 5.750783920288086, ""exp_avg_sq:cpu:torch.float32"": 5.750783920288086, ""step:cpu:torch.float32"": 1.259148120880127e-06}"
FP32-FINAL-CPU-BEST-r3,FP32-FINAL-CPU-BEST,3,5,actor_update_policy_start,,,,5.768864154815674,5.876953125,5.768864154815674,5.876953125,6.2100830078125,5.768864154815674,0.10808897018432617,0,0,35.03709030151367,"{""cuda:torch.float32"": 5.750783920288086}",{},"{""exp_avg:cpu:torch.float32"": 5.750783920288086, ""exp_avg_sq:cpu:torch.float32"": 5.750783920288086, ""step:cpu:torch.float32"": 1.259148120880127e-06}"
FP32-FINAL-CPU-BEST-r3,FP32-FINAL-CPU-BEST,3,5,actor_forward_start,0,0,0,5.768864154815674,5.876953125,5.768864154815674,5.876953125,6.2100830078125,5.768864154815674,0.10808897018432617,0,0,35.03709030151367,"{""cuda:torch.float32"": 5.750783920288086}",{},"{""exp_avg:cpu:torch.float32"": 5.750783920288086, ""exp_avg_sq:cpu:torch.float32"": 5.750783920288086, ""step:cpu:torch.float32"": 1.259148120880127e-06}"
FP32-FINAL-CPU-BEST-r3,FP32-FINAL-CPU-BEST,3,5,actor_forward_end,0,0,0,6.344898700714111,6.5859375,6.381992816925049,6.5859375,6.9190673828125,6.344898700714111,0.11799192428588867,0,0,35.03709030151367,"{""cuda:torch.float32"": 5.750783920288086}",{},"{""exp_avg:cpu:torch.float32"": 5.750783920288086, ""exp_avg_sq:cpu:torch.float32"": 5.750783920288086, ""step:cpu:torch.float32"": 1.259148120880127e-06}"
FP32-FINAL-CPU-BEST-r3,FP32-FINAL-CPU-BEST,3,5,actor_backward_end,0,0,0,5.76889181137085,10.11328125,8.377046585083008,10.11328125,10.4464111328125,5.76889181137085,0.10806131362915039,0,0,40.11387252807617,"{""cuda:torch.float32"": 5.750783920288086}",{},"{""exp_avg:cpu:torch.float32"": 5.750783920288086, ""exp_avg_sq:cpu:torch.float32"": 5.750783920288086, ""step:cpu:torch.float32"": 1.259148120880127e-06}"
FP32-FINAL-CPU-BEST-r3,FP32-FINAL-CPU-BEST,3,5,actor_optimizer_start,0,0,,5.768880367279053,10.11328125,8.377046585083008,10.11328125,10.4464111328125,5.768880367279053,0.10807275772094727,0,0,40.11387252807617,"{""cuda:torch.float32"": 5.750783920288086}",{},"{""exp_avg:cpu:torch.float32"": 5.750783920288086, ""exp_avg_sq:cpu:torch.float32"": 5.750783920288086, ""step:cpu:torch.float32"": 1.259148120880127e-06}"
FP32-FINAL-CPU-BEST-r3,FP32-FINAL-CPU-BEST,3,5,actor_optimizer_end,0,0,,5.768880367279053,10.11328125,8.377046585083008,10.11328125,10.4464111328125,5.768880367279053,0.10807275772094727,0,0,35.03730773925781,"{""cuda:torch.float32"": 5.750783920288086}",{},"{""exp_avg:cpu:torch.float32"": 5.750783920288086, ""exp_avg_sq:cpu:torch.float32"": 5.750783920288086, ""step:cpu:torch.float32"": 1.259148120880127e-06}"
FP32-FINAL-CPU-BEST-r3,FP32-FINAL-CPU-BEST,3,5,actor_update_cleanup,,,,5.768880367279053,10.11328125,8.377046585083008,10.11328125,10.4464111328125,5.768880367279053,0.10807275772094727,0,0,35.03730773925781,"{""cuda:torch.float32"": 5.750783920288086}",{},"{""exp_avg:cpu:torch.float32"": 5.750783920288086, ""exp_avg_sq:cpu:torch.float32"": 5.750783920288086, ""step:cpu:torch.float32"": 1.259148120880127e-06}"
FP32-FINAL-CPU-BEST-r3,FP32-FINAL-CPU-BEST,3,6,actor_update_policy_start,,,,5.768864154815674,5.876953125,5.768864154815674,5.876953125,6.2100830078125,5.768864154815674,0.10808897018432617,0,0,35.03742980957031,"{""cuda:torch.float32"": 5.750783920288086}",{},"{""exp_avg:cpu:torch.float32"": 5.750783920288086, ""exp_avg_sq:cpu:torch.float32"": 5.750783920288086, ""step:cpu:torch.float32"": 1.259148120880127e-06}"
FP32-FINAL-CPU-BEST-r3,FP32-FINAL-CPU-BEST,3,6,actor_forward_start,0,0,0,5.768864154815674,5.876953125,5.768864154815674,5.876953125,6.2100830078125,5.768864154815674,0.10808897018432617,0,0,35.03742980957031,"{""cuda:torch.float32"": 5.750783920288086}",{},"{""exp_avg:cpu:torch.float32"": 5.750783920288086, ""exp_avg_sq:cpu:torch.float32"": 5.750783920288086, ""step:cpu:torch.float32"": 1.259148120880127e-06}"
FP32-FINAL-CPU-BEST-r3,FP32-FINAL-CPU-BEST,3,6,actor_forward_end,0,0,0,6.344898700714111,6.5859375,6.381992816925049,6.5859375,6.9190673828125,6.344898700714111,0.11799192428588867,0,0,35.03742980957031,"{""cuda:torch.float32"": 5.750783920288086}",{},"{""exp_avg:cpu:torch.float32"": 5.750783920288086, ""exp_avg_sq:cpu:torch.float32"": 5.750783920288086, ""step:cpu:torch.float32"": 1.259148120880127e-06}"
FP32-FINAL-CPU-BEST-r3,FP32-FINAL-CPU-BEST,3,6,actor_backward_end,0,0,0,5.76889181137085,10.11328125,8.377046585083008,10.11328125,10.4464111328125,5.76889181137085,0.10806131362915039,0,0,40.12312316894531,"{""cuda:torch.float32"": 5.750783920288086}",{},"{""exp_avg:cpu:torch.float32"": 5.750783920288086, ""exp_avg_sq:cpu:torch.float32"": 5.750783920288086, ""step:cpu:torch.float32"": 1.259148120880127e-06}"
FP32-FINAL-CPU-BEST-r3,FP32-FINAL-CPU-BEST,3,6,actor_optimizer_start,0,0,,5.768880367279053,10.11328125,8.377046585083008,10.11328125,10.4464111328125,5.768880367279053,0.10807275772094727,0,0,40.12312316894531,"{""cuda:torch.float32"": 5.750783920288086}",{},"{""exp_avg:cpu:torch.float32"": 5.750783920288086, ""exp_avg_sq:cpu:torch.float32"": 5.750783920288086, ""step:cpu:torch.float32"": 1.259148120880127e-06}"
FP32-FINAL-CPU-BEST-r3,FP32-FINAL-CPU-BEST,3,6,actor_optimizer_end,0,0,,5.768880367279053,10.11328125,8.377046585083008,10.11328125,10.4464111328125,5.768880367279053,0.10807275772094727,0,0,35.099308013916016,"{""cuda:torch.float32"": 5.750783920288086}",{},"{""exp_avg:cpu:torch.float32"": 5.750783920288086, ""exp_avg_sq:cpu:torch.float32"": 5.750783920288086, ""step:cpu:torch.float32"": 1.259148120880127e-06}"
FP32-FINAL-CPU-BEST-r3,FP32-FINAL-CPU-BEST,3,6,actor_update_cleanup,,,,5.768880367279053,10.11328125,8.377046585083008,10.11328125,10.4464111328125,5.768880367279053,0.10807275772094727,0,0,35.099308013916016,"{""cuda:torch.float32"": 5.750783920288086}",{},"{""exp_avg:cpu:torch.float32"": 5.750783920288086, ""exp_avg_sq:cpu:torch.float32"": 5.750783920288086, ""step:cpu:torch.float32"": 1.259148120880127e-06}"
FP32-FINAL-CPU-BEST-r3,FP32-FINAL-CPU-BEST,3,7,actor_update_policy_start,,,,5.768864154815674,5.876953125,5.768864154815674,5.876953125,6.2100830078125,5.768864154815674,0.10808897018432617,0,0,35.099430084228516,"{""cuda:torch.float32"": 5.750783920288086}",{},"{""exp_avg:cpu:torch.float32"": 5.750783920288086, ""exp_avg_sq:cpu:torch.float32"": 5.750783920288086, ""step:cpu:torch.float32"": 1.259148120880127e-06}"
FP32-FINAL-CPU-BEST-r3,FP32-FINAL-CPU-BEST,3,7,actor_forward_start,0,0,0,5.768864154815674,5.876953125,5.768864154815674,5.876953125,6.2100830078125,5.768864154815674,0.10808897018432617,0,0,35.099430084228516,"{""cuda:torch.float32"": 5.750783920288086}",{},"{""exp_avg:cpu:torch.float32"": 5.750783920288086, ""exp_avg_sq:cpu:torch.float32"": 5.750783920288086, ""step:cpu:torch.float32"": 1.259148120880127e-06}"
FP32-FINAL-CPU-BEST-r3,FP32-FINAL-CPU-BEST,3,7,actor_forward_end,0,0,0,6.344898700714111,6.5859375,6.381992816925049,6.5859375,6.9190673828125,6.344898700714111,0.11799192428588867,0,0,35.03790283203125,"{""cuda:torch.float32"": 5.750783920288086}",{},"{""exp_avg:cpu:torch.float32"": 5.750783920288086, ""exp_avg_sq:cpu:torch.float32"": 5.750783920288086, ""step:cpu:torch.float32"": 1.259148120880127e-06}"
FP32-FINAL-CPU-BEST-r3,FP32-FINAL-CPU-BEST,3,7,actor_backward_end,0,0,0,5.76889181137085,10.11328125,8.377046585083008,10.11328125,10.4464111328125,5.76889181137085,0.10806131362915039,0,0,40.13226318359375,"{""cuda:torch.float32"": 5.750783920288086}",{},"{""exp_avg:cpu:torch.float32"": 5.750783920288086, ""exp_avg_sq:cpu:torch.float32"": 5.750783920288086, ""step:cpu:torch.float32"": 1.259148120880127e-06}"
FP32-FINAL-CPU-BEST-r3,FP32-FINAL-CPU-BEST,3,7,actor_optimizer_start,0,0,,5.768880367279053,10.11328125,8.377046585083008,10.11328125,10.4464111328125,5.768880367279053,0.10807275772094727,0,0,40.13226318359375,"{""cuda:torch.float32"": 5.750783920288086}",{},"{""exp_avg:cpu:torch.float32"": 5.750783920288086, ""exp_avg_sq:cpu:torch.float32"": 5.750783920288086, ""step:cpu:torch.float32"": 1.259148120880127e-06}"
FP32-FINAL-CPU-BEST-r3,FP32-FINAL-CPU-BEST,3,7,actor_optimizer_end,0,0,,5.768880367279053,10.11328125,8.377046585083008,10.11328125,10.4464111328125,5.768880367279053,0.10807275772094727,0,0,35.038490295410156,"{""cuda:torch.float32"": 5.750783920288086}",{},"{""exp_avg:cpu:torch.float32"": 5.750783920288086, ""exp_avg_sq:cpu:torch.float32"": 5.750783920288086, ""step:cpu:torch.float32"": 1.259148120880127e-06}"
FP32-FINAL-CPU-BEST-r3,FP32-FINAL-CPU-BEST,3,7,actor_update_cleanup,,,,5.768880367279053,10.11328125,8.377046585083008,10.11328125,10.4464111328125,5.768880367279053,0.10807275772094727,0,0,35.038490295410156,"{""cuda:torch.float32"": 5.750783920288086}",{},"{""exp_avg:cpu:torch.float32"": 5.750783920288086, ""exp_avg_sq:cpu:torch.float32"": 5.750783920288086, ""step:cpu:torch.float32"": 1.259148120880127e-06}"
FP32-FINAL-CPU-BEST-r3,FP32-FINAL-CPU-BEST,3,8,actor_update_policy_start,,,,5.768864154815674,5.876953125,5.768864154815674,5.876953125,6.2100830078125,5.768864154815674,0.10808897018432617,0,0,35.038490295410156,"{""cuda:torch.float32"": 5.750783920288086}",{},"{""exp_avg:cpu:torch.float32"": 5.750783920288086, ""exp_avg_sq:cpu:torch.float32"": 5.750783920288086, ""step:cpu:torch.float32"": 1.259148120880127e-06}"
FP32-FINAL-CPU-BEST-r3,FP32-FINAL-CPU-BEST,3,8,actor_forward_start,0,0,0,5.768864154815674,5.876953125,5.768864154815674,5.876953125,6.2100830078125,5.768864154815674,0.10808897018432617,0,0,35.038490295410156,"{""cuda:torch.float32"": 5.750783920288086}",{},"{""exp_avg:cpu:torch.float32"": 5.750783920288086, ""exp_avg_sq:cpu:torch.float32"": 5.750783920288086, ""step:cpu:torch.float32"": 1.259148120880127e-06}"
FP32-FINAL-CPU-BEST-r3,FP32-FINAL-CPU-BEST,3,8,actor_forward_end,0,0,0,6.344898700714111,6.5859375,6.381992816925049,6.5859375,6.9190673828125,6.344898700714111,0.11799192428588867,0,0,35.038490295410156,"{""cuda:torch.float32"": 5.750783920288086}",{},"{""exp_avg:cpu:torch.float32"": 5.750783920288086, ""exp_avg_sq:cpu:torch.float32"": 5.750783920288086, ""step:cpu:torch.float32"": 1.259148120880127e-06}"
FP32-FINAL-CPU-BEST-r3,FP32-FINAL-CPU-BEST,3,8,actor_backward_end,0,0,0,5.76889181137085,10.11328125,8.377046585083008,10.11328125,10.4464111328125,5.76889181137085,0.10806131362915039,0,0,40.150550842285156,"{""cuda:torch.float32"": 5.750783920288086}",{},"{""exp_avg:cpu:torch.float32"": 5.750783920288086, ""exp_avg_sq:cpu:torch.float32"": 5.750783920288086, ""step:cpu:torch.float32"": 1.259148120880127e-06}"
FP32-FINAL-CPU-BEST-r3,FP32-FINAL-CPU-BEST,3,8,actor_optimizer_start,0,0,,5.768880367279053,10.11328125,8.377046585083008,10.11328125,10.4464111328125,5.768880367279053,0.10807275772094727,0,0,40.150550842285156,"{""cuda:torch.float32"": 5.750783920288086}",{},"{""exp_avg:cpu:torch.float32"": 5.750783920288086, ""exp_avg_sq:cpu:torch.float32"": 5.750783920288086, ""step:cpu:torch.float32"": 1.259148120880127e-06}"
FP32-FINAL-CPU-BEST-r3,FP32-FINAL-CPU-BEST,3,8,actor_optimizer_end,0,0,,5.768880367279053,10.11328125,8.377046585083008,10.11328125,10.4464111328125,5.768880367279053,0.10807275772094727,0,0,35.10021209716797,"{""cuda:torch.float32"": 5.750783920288086}",{},"{""exp_avg:cpu:torch.float32"": 5.750783920288086, ""exp_avg_sq:cpu:torch.float32"": 5.750783920288086, ""step:cpu:torch.float32"": 1.259148120880127e-06}"
FP32-FINAL-CPU-BEST-r3,FP32-FINAL-CPU-BEST,3,8,actor_update_cleanup,,,,5.768880367279053,10.11328125,8.377046585083008,10.11328125,10.4464111328125,5.768880367279053,0.10807275772094727,0,0,35.10021209716797,"{""cuda:torch.float32"": 5.750783920288086}",{},"{""exp_avg:cpu:torch.float32"": 5.750783920288086, ""exp_avg_sq:cpu:torch.float32"": 5.750783920288086, ""step:cpu:torch.float32"": 1.259148120880127e-06}"
FP32-FINAL-CPU-BEST-r3,FP32-FINAL-CPU-BEST,3,9,actor_update_policy_start,,,,5.768864154815674,5.876953125,5.768864154815674,5.876953125,6.2100830078125,5.768864154815674,0.10808897018432617,0,0,35.10021209716797,"{""cuda:torch.float32"": 5.750783920288086}",{},"{""exp_avg:cpu:torch.float32"": 5.750783920288086, ""exp_avg_sq:cpu:torch.float32"": 5.750783920288086, ""step:cpu:torch.float32"": 1.259148120880127e-06}"
FP32-FINAL-CPU-BEST-r3,FP32-FINAL-CPU-BEST,3,9,actor_forward_start,0,0,0,5.768864154815674,5.876953125,5.768864154815674,5.876953125,6.2100830078125,5.768864154815674,0.10808897018432617,0,0,35.10021209716797,"{""cuda:torch.float32"": 5.750783920288086}",{},"{""exp_avg:cpu:torch.float32"": 5.750783920288086, ""exp_avg_sq:cpu:torch.float32"": 5.750783920288086, ""step:cpu:torch.float32"": 1.259148120880127e-06}"
FP32-FINAL-CPU-BEST-r3,FP32-FINAL-CPU-BEST,3,9,actor_forward_end,0,0,0,6.344898700714111,6.5859375,6.381992816925049,6.5859375,6.9190673828125,6.344898700714111,0.11799192428588867,0,0,35.10021209716797,"{""cuda:torch.float32"": 5.750783920288086}",{},"{""exp_avg:cpu:torch.float32"": 5.750783920288086, ""exp_avg_sq:cpu:torch.float32"": 5.750783920288086, ""step:cpu:torch.float32"": 1.259148120880127e-06}"
FP32-FINAL-CPU-BEST-r3,FP32-FINAL-CPU-BEST,3,9,actor_backward_end,0,0,0,5.76889181137085,10.11328125,8.377046585083008,10.11328125,10.4464111328125,5.76889181137085,0.10806131362915039,0,0,40.12584686279297,"{""cuda:torch.float32"": 5.750783920288086}",{},"{""exp_avg:cpu:torch.float32"": 5.750783920288086, ""exp_avg_sq:cpu:torch.float32"": 5.750783920288086, ""step:cpu:torch.float32"": 1.259148120880127e-06}"
FP32-FINAL-CPU-BEST-r3,FP32-FINAL-CPU-BEST,3,9,actor_optimizer_start,0,0,,5.768880367279053,10.11328125,8.377046585083008,10.11328125,10.4464111328125,5.768880367279053,0.10807275772094727,0,0,40.12584686279297,"{""cuda:torch.float32"": 5.750783920288086}",{},"{""exp_avg:cpu:torch.float32"": 5.750783920288086, ""exp_avg_sq:cpu:torch.float32"": 5.750783920288086, ""step:cpu:torch.float32"": 1.259148120880127e-06}"
FP32-FINAL-CPU-BEST-r3,FP32-FINAL-CPU-BEST,3,9,actor_optimizer_end,0,0,,5.768880367279053,10.11328125,8.377046585083008,10.11328125,10.4464111328125,5.768880367279053,0.10807275772094727,0,0,35.16202163696289,"{""cuda:torch.float32"": 5.750783920288086}",{},"{""exp_avg:cpu:torch.float32"": 5.750783920288086, ""exp_avg_sq:cpu:torch.float32"": 5.750783920288086, ""step:cpu:torch.float32"": 1.259148120880127e-06}"
FP32-FINAL-CPU-BEST-r3,FP32-FINAL-CPU-BEST,3,9,actor_update_cleanup,,,,5.768880367279053,10.11328125,8.377046585083008,10.11328125,10.4464111328125,5.768880367279053,0.10807275772094727,0,0,35.16202163696289,"{""cuda:torch.float32"": 5.750783920288086}",{},"{""exp_avg:cpu:torch.float32"": 5.750783920288086, ""exp_avg_sq:cpu:torch.float32"": 5.750783920288086, ""step:cpu:torch.float32"": 1.259148120880127e-06}"
FP32-FINAL-CPU-BEST-r3,FP32-FINAL-CPU-BEST,3,10,actor_update_policy_start,,,,5.768864154815674,5.876953125,5.768864154815674,5.876953125,6.2100830078125,5.768864154815674,0.10808897018432617,0,0,35.16226577758789,"{""cuda:torch.float32"": 5.750783920288086}",{},"{""exp_avg:cpu:torch.float32"": 5.750783920288086, ""exp_avg_sq:cpu:torch.float32"": 5.750783920288086, ""step:cpu:torch.float32"": 1.259148120880127e-06}"
FP32-FINAL-CPU-BEST-r3,FP32-FINAL-CPU-BEST,3,10,actor_forward_start,0,0,0,5.768864154815674,5.876953125,5.768864154815674,5.876953125,6.2100830078125,5.768864154815674,0.10808897018432617,0,0,35.16226577758789,"{""cuda:torch.float32"": 5.750783920288086}",{},"{""exp_avg:cpu:torch.float32"": 5.750783920288086, ""exp_avg_sq:cpu:torch.float32"": 5.750783920288086, ""step:cpu:torch.float32"": 1.259148120880127e-06}"
FP32-FINAL-CPU-BEST-r3,FP32-FINAL-CPU-BEST,3,10,actor_forward_end,0,0,0,6.344898700714111,6.5859375,6.381992816925049,6.5859375,6.9190673828125,6.344898700714111,0.11799192428588867,0,0,35.16226577758789,"{""cuda:torch.float32"": 5.750783920288086}",{},"{""exp_avg:cpu:torch.float32"": 5.750783920288086, ""exp_avg_sq:cpu:torch.float32"": 5.750783920288086, ""step:cpu:torch.float32"": 1.259148120880127e-06}"
FP32-FINAL-CPU-BEST-r3,FP32-FINAL-CPU-BEST,3,10,actor_backward_end,0,0,0,5.76889181137085,10.11328125,8.377046585083008,10.11328125,10.4464111328125,5.76889181137085,0.10806131362915039,0,0,40.13675308227539,"{""cuda:torch.float32"": 5.750783920288086}",{},"{""exp_avg:cpu:torch.float32"": 5.750783920288086, ""exp_avg_sq:cpu:torch.float32"": 5.750783920288086, ""step:cpu:torch.float32"": 1.259148120880127e-06}"
FP32-FINAL-CPU-BEST-r3,FP32-FINAL-CPU-BEST,3,10,actor_optimizer_start,0,0,,5.768880367279053,10.11328125,8.377046585083008,10.11328125,10.4464111328125,5.768880367279053,0.10807275772094727,0,0,40.13675308227539,"{""cuda:torch.float32"": 5.750783920288086}",{},"{""exp_avg:cpu:torch.float32"": 5.750783920288086, ""exp_avg_sq:cpu:torch.float32"": 5.750783920288086, ""step:cpu:torch.float32"": 1.259148120880127e-06}"
FP32-FINAL-CPU-BEST-r3,FP32-FINAL-CPU-BEST,3,10,actor_optimizer_end,0,0,,5.768880367279053,10.11328125,8.377046585083008,10.11328125,10.4464111328125,5.768880367279053,0.10807275772094727,0,0,35.16261672973633,"{""cuda:torch.float32"": 5.750783920288086}",{},"{""exp_avg:cpu:torch.float32"": 5.750783920288086, ""exp_avg_sq:cpu:torch.float32"": 5.750783920288086, ""step:cpu:torch.float32"": 1.259148120880127e-06}"
FP32-FINAL-CPU-BEST-r3,FP32-FINAL-CPU-BEST,3,10,actor_update_cleanup,,,,5.768880367279053,10.11328125,8.377046585083008,10.11328125,10.4464111328125,5.768880367279053,0.10807275772094727,0,0,35.16261672973633,"{""cuda:torch.float32"": 5.750783920288086}",{},"{""exp_avg:cpu:torch.float32"": 5.750783920288086, ""exp_avg_sq:cpu:torch.float32"": 5.750783920288086, ""step:cpu:torch.float32"": 1.259148120880127e-06}"
FP32-FINAL-CPU-BEST-r3,FP32-FINAL-CPU-BEST,3,11,actor_update_policy_start,,,,5.768864154815674,5.876953125,5.768864154815674,5.876953125,6.2100830078125,5.768864154815674,0.10808897018432617,0,0,35.16273880004883,"{""cuda:torch.float32"": 5.750783920288086}",{},"{""exp_avg:cpu:torch.float32"": 5.750783920288086, ""exp_avg_sq:cpu:torch.float32"": 5.750783920288086, ""step:cpu:torch.float32"": 1.259148120880127e-06}"
FP32-FINAL-CPU-BEST-r3,FP32-FINAL-CPU-BEST,3,11,actor_forward_start,0,0,0,5.768864154815674,5.876953125,5.768864154815674,5.876953125,6.2100830078125,5.768864154815674,0.10808897018432617,0,0,35.16273880004883,"{""cuda:torch.float32"": 5.750783920288086}",{},"{""exp_avg:cpu:torch.float32"": 5.750783920288086, ""exp_avg_sq:cpu:torch.float32"": 5.750783920288086, ""step:cpu:torch.float32"": 1.259148120880127e-06}"
FP32-FINAL-CPU-BEST-r3,FP32-FINAL-CPU-BEST,3,11,actor_forward_end,0,0,0,6.344898700714111,6.5859375,6.381992816925049,6.5859375,6.9190673828125,6.344898700714111,0.11799192428588867,0,0,35.16273880004883,"{""cuda:torch.float32"": 5.750783920288086}",{},"{""exp_avg:cpu:torch.float32"": 5.750783920288086, ""exp_avg_sq:cpu:torch.float32"": 5.750783920288086, ""step:cpu:torch.float32"": 1.259148120880127e-06}"
FP32-FINAL-CPU-BEST-r3,FP32-FINAL-CPU-BEST,3,11,actor_backward_end,0,0,0,5.76889181137085,10.11328125,8.377046585083008,10.11328125,10.4464111328125,5.76889181137085,0.10806131362915039,0,0,40.11940383911133,"{""cuda:torch.float32"": 5.750783920288086}",{},"{""exp_avg:cpu:torch.float32"": 5.750783920288086, ""exp_avg_sq:cpu:torch.float32"": 5.750783920288086, ""step:cpu:torch.float32"": 1.259148120880127e-06}"
FP32-FINAL-CPU-BEST-r3,FP32-FINAL-CPU-BEST,3,11,actor_optimizer_start,0,0,,5.768880367279053,10.11328125,8.377046585083008,10.11328125,10.4464111328125,5.768880367279053,0.10807275772094727,0,0,40.11940383911133,"{""cuda:torch.float32"": 5.750783920288086}",{},"{""exp_avg:cpu:torch.float32"": 5.750783920288086, ""exp_avg_sq:cpu:torch.float32"": 5.750783920288086, ""step:cpu:torch.float32"": 1.259148120880127e-06}"
FP32-FINAL-CPU-BEST-r3,FP32-FINAL-CPU-BEST,3,11,actor_optimizer_end,0,0,,5.768880367279053,10.11328125,8.377046585083008,10.11328125,10.4464111328125,5.768880367279053,0.10807275772094727,0,0,35.16304397583008,"{""cuda:torch.float32"": 5.750783920288086}",{},"{""exp_avg:cpu:torch.float32"": 5.750783920288086, ""exp_avg_sq:cpu:torch.float32"": 5.750783920288086, ""step:cpu:torch.float32"": 1.259148120880127e-06}"
FP32-FINAL-CPU-BEST-r3,FP32-FINAL-CPU-BEST,3,11,actor_update_cleanup,,,,5.768880367279053,10.11328125,8.377046585083008,10.11328125,10.4464111328125,5.768880367279053,0.10807275772094727,0,0,35.16304397583008,"{""cuda:torch.float32"": 5.750783920288086}",{},"{""exp_avg:cpu:torch.float32"": 5.750783920288086, ""exp_avg_sq:cpu:torch.float32"": 5.750783920288086, ""step:cpu:torch.float32"": 1.259148120880127e-06}"
FP32-FINAL-CPU-BEST-r3,FP32-FINAL-CPU-BEST,3,12,actor_update_policy_start,,,,5.768864154815674,5.876953125,5.768864154815674,5.876953125,6.2100830078125,5.768864154815674,0.10808897018432617,0,0,35.16304397583008,"{""cuda:torch.float32"": 5.750783920288086}",{},"{""exp_avg:cpu:torch.float32"": 5.750783920288086, ""exp_avg_sq:cpu:torch.float32"": 5.750783920288086, ""step:cpu:torch.float32"": 1.259148120880127e-06}"
FP32-FINAL-CPU-BEST-r3,FP32-FINAL-CPU-BEST,3,12,actor_forward_start,0,0,0,5.768864154815674,5.876953125,5.768864154815674,5.876953125,6.2100830078125,5.768864154815674,0.10808897018432617,0,0,35.16304397583008,"{""cuda:torch.float32"": 5.750783920288086}",{},"{""exp_avg:cpu:torch.float32"": 5.750783920288086, ""exp_avg_sq:cpu:torch.float32"": 5.750783920288086, ""step:cpu:torch.float32"": 1.259148120880127e-06}"
FP32-FINAL-CPU-BEST-r3,FP32-FINAL-CPU-BEST,3,12,actor_forward_end,0,0,0,6.344898700714111,6.5859375,6.381992816925049,6.5859375,6.9190673828125,6.344898700714111,0.11799192428588867,0,0,35.16304397583008,"{""cuda:torch.float32"": 5.750783920288086}",{},"{""exp_avg:cpu:torch.float32"": 5.750783920288086, ""exp_avg_sq:cpu:torch.float32"": 5.750783920288086, ""step:cpu:torch.float32"": 1.259148120880127e-06}"
FP32-FINAL-CPU-BEST-r3,FP32-FINAL-CPU-BEST,3,12,actor_backward_end,0,0,0,5.76889181137085,10.11328125,8.377046585083008,10.11328125,10.4464111328125,5.76889181137085,0.10806131362915039,0,0,40.11079788208008,"{""cuda:torch.float32"": 5.750783920288086}",{},"{""exp_avg:cpu:torch.float32"": 5.750783920288086, ""exp_avg_sq:cpu:torch.float32"": 5.750783920288086, ""step:cpu:torch.float32"": 1.259148120880127e-06}"
FP32-FINAL-CPU-BEST-r3,FP32-FINAL-CPU-BEST,3,12,actor_optimizer_start,0,0,,5.768880367279053,10.11328125,8.377046585083008,10.11328125,10.4464111328125,5.768880367279053,0.10807275772094727,0,0,40.11079788208008,"{""cuda:torch.float32"": 5.750783920288086}",{},"{""exp_avg:cpu:torch.float32"": 5.750783920288086, ""exp_avg_sq:cpu:torch.float32"": 5.750783920288086, ""step:cpu:torch.float32"": 1.259148120880127e-06}"
FP32-FINAL-CPU-BEST-r3,FP32-FINAL-CPU-BEST,3,12,actor_optimizer_end,0,0,,5.768880367279053,10.11328125,8.377046585083008,10.11328125,10.4464111328125,5.768880367279053,0.10807275772094727,0,0,35.16300582885742,"{""cuda:torch.float32"": 5.750783920288086}",{},"{""exp_avg:cpu:torch.float32"": 5.750783920288086, ""exp_avg_sq:cpu:torch.float32"": 5.750783920288086, ""step:cpu:torch.float32"": 1.259148120880127e-06}"
FP32-FINAL-CPU-BEST-r3,FP32-FINAL-CPU-BEST,3,12,actor_update_cleanup,,,,5.768880367279053,10.11328125,8.377046585083008,10.11328125,10.4464111328125,5.768880367279053,0.10807275772094727,0,0,35.16300582885742,"{""cuda:torch.float32"": 5.750783920288086}",{},"{""exp_avg:cpu:torch.float32"": 5.750783920288086, ""exp_avg_sq:cpu:torch.float32"": 5.750783920288086, ""step:cpu:torch.float32"": 1.259148120880127e-06}"
FP32-FINAL-CPU-BEST-r3,FP32-FINAL-CPU-BEST,3,13,actor_update_policy_start,,,,5.768864154815674,5.876953125,5.768864154815674,5.876953125,6.2100830078125,5.768864154815674,0.10808897018432617,0,0,35.16300582885742,"{""cuda:torch.float32"": 5.750783920288086}",{},"{""exp_avg:cpu:torch.float32"": 5.750783920288086, ""exp_avg_sq:cpu:torch.float32"": 5.750783920288086, ""step:cpu:torch.float32"": 1.259148120880127e-06}"
FP32-FINAL-CPU-BEST-r3,FP32-FINAL-CPU-BEST,3,13,actor_forward_start,0,0,0,5.768864154815674,5.876953125,5.768864154815674,5.876953125,6.2100830078125,5.768864154815674,0.10808897018432617,0,0,35.16300582885742,"{""cuda:torch.float32"": 5.750783920288086}",{},"{""exp_avg:cpu:torch.float32"": 5.750783920288086, ""exp_avg_sq:cpu:torch.float32"": 5.750783920288086, ""step:cpu:torch.float32"": 1.259148120880127e-06}"
FP32-FINAL-CPU-BEST-r3,FP32-FINAL-CPU-BEST,3,13,actor_forward_end,0,0,0,6.344898700714111,6.5859375,6.381992816925049,6.5859375,6.9190673828125,6.344898700714111,0.11799192428588867,0,0,35.16300582885742,"{""cuda:torch.float32"": 5.750783920288086}",{},"{""exp_avg:cpu:torch.float32"": 5.750783920288086, ""exp_avg_sq:cpu:torch.float32"": 5.750783920288086, ""step:cpu:torch.float32"": 1.259148120880127e-06}"
FP32-FINAL-CPU-BEST-r3,FP32-FINAL-CPU-BEST,3,13,actor_backward_end,0,0,0,5.76889181137085,10.11328125,8.377046585083008,10.11328125,10.4464111328125,5.76889181137085,0.10806131362915039,0,0,40.11967086791992,"{""cuda:torch.float32"": 5.750783920288086}",{},"{""exp_avg:cpu:torch.float32"": 5.750783920288086, ""exp_avg_sq:cpu:torch.float32"": 5.750783920288086, ""step:cpu:torch.float32"": 1.259148120880127e-06}"
FP32-FINAL-CPU-BEST-r3,FP32-FINAL-CPU-BEST,3,13,actor_optimizer_start,0,0,,5.768880367279053,10.11328125,8.377046585083008,10.11328125,10.4464111328125,5.768880367279053,0.10807275772094727,0,0,40.11967086791992,"{""cuda:torch.float32"": 5.750783920288086}",{},"{""exp_avg:cpu:torch.float32"": 5.750783920288086, ""exp_avg_sq:cpu:torch.float32"": 5.750783920288086, ""step:cpu:torch.float32"": 1.259148120880127e-06}"
FP32-FINAL-CPU-BEST-r3,FP32-FINAL-CPU-BEST,3,13,actor_optimizer_end,0,0,,5.768880367279053,10.11328125,8.377046585083008,10.11328125,10.4464111328125,5.768880367279053,0.10807275772094727,0,0,35.163063049316406,"{""cuda:torch.float32"": 5.750783920288086}",{},"{""exp_avg:cpu:torch.float32"": 5.750783920288086, ""exp_avg_sq:cpu:torch.float32"": 5.750783920288086, ""step:cpu:torch.float32"": 1.259148120880127e-06}"
FP32-FINAL-CPU-BEST-r3,FP32-FINAL-CPU-BEST,3,13,actor_update_cleanup,,,,5.768880367279053,10.11328125,8.377046585083008,10.11328125,10.4464111328125,5.768880367279053,0.10807275772094727,0,0,35.163063049316406,"{""cuda:torch.float32"": 5.750783920288086}",{},"{""exp_avg:cpu:torch.float32"": 5.750783920288086, ""exp_avg_sq:cpu:torch.float32"": 5.750783920288086, ""step:cpu:torch.float32"": 1.259148120880127e-06}"
FP32-FINAL-CPU-BEST-r3,FP32-FINAL-CPU-BEST,3,14,actor_update_policy_start,,,,5.768864154815674,5.876953125,5.768864154815674,5.876953125,6.2100830078125,5.768864154815674,0.10808897018432617,0,0,35.163063049316406,"{""cuda:torch.float32"": 5.750783920288086}",{},"{""exp_avg:cpu:torch.float32"": 5.750783920288086, ""exp_avg_sq:cpu:torch.float32"": 5.750783920288086, ""step:cpu:torch.float32"": 1.259148120880127e-06}"
FP32-FINAL-CPU-BEST-r3,FP32-FINAL-CPU-BEST,3,14,actor_forward_start,0,0,0,5.768864154815674,5.876953125,5.768864154815674,5.876953125,6.2100830078125,5.768864154815674,0.10808897018432617,0,0,35.163063049316406,"{""cuda:torch.float32"": 5.750783920288086}",{},"{""exp_avg:cpu:torch.float32"": 5.750783920288086, ""exp_avg_sq:cpu:torch.float32"": 5.750783920288086, ""step:cpu:torch.float32"": 1.259148120880127e-06}"
FP32-FINAL-CPU-BEST-r3,FP32-FINAL-CPU-BEST,3,14,actor_forward_end,0,0,0,6.344898700714111,6.5859375,6.381992816925049,6.5859375,6.9190673828125,6.344898700714111,0.11799192428588867,0,0,35.163063049316406,"{""cuda:torch.float32"": 5.750783920288086}",{},"{""exp_avg:cpu:torch.float32"": 5.750783920288086, ""exp_avg_sq:cpu:torch.float32"": 5.750783920288086, ""step:cpu:torch.float32"": 1.259148120880127e-06}"
FP32-FINAL-CPU-BEST-r3,FP32-FINAL-CPU-BEST,3,14,actor_backward_end,0,0,0,5.76889181137085,10.11328125,8.377046585083008,10.11328125,10.4464111328125,5.76889181137085,0.10806131362915039,0,0,40.128395080566406,"{""cuda:torch.float32"": 5.750783920288086}",{},"{""exp_avg:cpu:torch.float32"": 5.750783920288086, ""exp_avg_sq:cpu:torch.float32"": 5.750783920288086, ""step:cpu:torch.float32"": 1.259148120880127e-06}"
FP32-FINAL-CPU-BEST-r3,FP32-FINAL-CPU-BEST,3,14,actor_optimizer_start,0,0,,5.768880367279053,10.11328125,8.377046585083008,10.11328125,10.4464111328125,5.768880367279053,0.10807275772094727,0,0,40.128395080566406,"{""cuda:torch.float32"": 5.750783920288086}",{},"{""exp_avg:cpu:torch.float32"": 5.750783920288086, ""exp_avg_sq:cpu:torch.float32"": 5.750783920288086, ""step:cpu:torch.float32"": 1.259148120880127e-06}"
FP32-FINAL-CPU-BEST-r3,FP32-FINAL-CPU-BEST,3,14,actor_optimizer_end,0,0,,5.768880367279053,10.11328125,8.377046585083008,10.11328125,10.4464111328125,5.768880367279053,0.10807275772094727,0,0,35.22476577758789,"{""cuda:torch.float32"": 5.750783920288086}",{},"{""exp_avg:cpu:torch.float32"": 5.750783920288086, ""exp_avg_sq:cpu:torch.float32"": 5.750783920288086, ""step:cpu:torch.float32"": 1.259148120880127e-06}"
FP32-FINAL-CPU-BEST-r3,FP32-FINAL-CPU-BEST,3,14,actor_update_cleanup,,,,5.768880367279053,10.11328125,8.377046585083008,10.11328125,10.4464111328125,5.768880367279053,0.10807275772094727,0,0,35.22476577758789,"{""cuda:torch.float32"": 5.750783920288086}",{},"{""exp_avg:cpu:torch.float32"": 5.750783920288086, ""exp_avg_sq:cpu:torch.float32"": 5.750783920288086, ""step:cpu:torch.float32"": 1.259148120880127e-06}"
FP32-FINAL-CPU-BEST-r3,FP32-FINAL-CPU-BEST,3,15,actor_update_policy_start,,,,5.768864154815674,5.876953125,5.768864154815674,5.876953125,6.2100830078125,5.768864154815674,0.10808897018432617,0,0,35.22476577758789,"{""cuda:torch.float32"": 5.750783920288086}",{},"{""exp_avg:cpu:torch.float32"": 5.750783920288086, ""exp_avg_sq:cpu:torch.float32"": 5.750783920288086, ""step:cpu:torch.float32"": 1.259148120880127e-06}"
FP32-FINAL-CPU-BEST-r3,FP32-FINAL-CPU-BEST,3,15,actor_forward_start,0,0,0,5.768864154815674,5.876953125,5.768864154815674,5.876953125,6.2100830078125,5.768864154815674,0.10808897018432617,0,0,35.22476577758789,"{""cuda:torch.float32"": 5.750783920288086}",{},"{""exp_avg:cpu:torch.float32"": 5.750783920288086, ""exp_avg_sq:cpu:torch.float32"": 5.750783920288086, ""step:cpu:torch.float32"": 1.259148120880127e-06}"
FP32-FINAL-CPU-BEST-r3,FP32-FINAL-CPU-BEST,3,15,actor_forward_end,0,0,0,6.344898700714111,6.5859375,6.381992816925049,6.5859375,6.9190673828125,6.344898700714111,0.11799192428588867,0,0,35.22476577758789,"{""cuda:torch.float32"": 5.750783920288086}",{},"{""exp_avg:cpu:torch.float32"": 5.750783920288086, ""exp_avg_sq:cpu:torch.float32"": 5.750783920288086, ""step:cpu:torch.float32"": 1.259148120880127e-06}"
FP32-FINAL-CPU-BEST-r3,FP32-FINAL-CPU-BEST,3,15,actor_backward_end,0,0,0,5.76889181137085,10.11328125,8.377046585083008,10.11328125,10.4464111328125,5.76889181137085,0.10806131362915039,0,0,40.110870361328125,"{""cuda:torch.float32"": 5.750783920288086}",{},"{""exp_avg:cpu:torch.float32"": 5.750783920288086, ""exp_avg_sq:cpu:torch.float32"": 5.750783920288086, ""step:cpu:torch.float32"": 1.259148120880127e-06}"
FP32-FINAL-CPU-BEST-r3,FP32-FINAL-CPU-BEST,3,15,actor_optimizer_start,0,0,,5.768880367279053,10.11328125,8.377046585083008,10.11328125,10.4464111328125,5.768880367279053,0.10807275772094727,0,0,40.110870361328125,"{""cuda:torch.float32"": 5.750783920288086}",{},"{""exp_avg:cpu:torch.float32"": 5.750783920288086, ""exp_avg_sq:cpu:torch.float32"": 5.750783920288086, ""step:cpu:torch.float32"": 1.259148120880127e-06}"
FP32-FINAL-CPU-BEST-r3,FP32-FINAL-CPU-BEST,3,15,actor_optimizer_end,0,0,,5.768880367279053,10.11328125,8.377046585083008,10.11328125,10.4464111328125,5.768880367279053,0.10807275772094727,0,0,35.22503662109375,"{""cuda:torch.float32"": 5.750783920288086}",{},"{""exp_avg:cpu:torch.float32"": 5.750783920288086, ""exp_avg_sq:cpu:torch.float32"": 5.750783920288086, ""step:cpu:torch.float32"": 1.259148120880127e-06}"
FP32-FINAL-CPU-BEST-r3,FP32-FINAL-CPU-BEST,3,15,actor_update_cleanup,,,,5.768880367279053,10.11328125,8.377046585083008,10.11328125,10.4464111328125,5.768880367279053,0.10807275772094727,0,0,35.22503662109375,"{""cuda:torch.float32"": 5.750783920288086}",{},"{""exp_avg:cpu:torch.float32"": 5.750783920288086, ""exp_avg_sq:cpu:torch.float32"": 5.750783920288086, ""step:cpu:torch.float32"": 1.259148120880127e-06}"
FP32-FINAL-CPU-BEST-r3,FP32-FINAL-CPU-BEST,3,16,actor_update_policy_start,,,,5.768864154815674,5.876953125,5.768864154815674,5.876953125,6.2100830078125,5.768864154815674,0.10808897018432617,0,0,35.17242431640625,"{""cuda:torch.float32"": 5.750783920288086}",{},"{""exp_avg:cpu:torch.float32"": 5.750783920288086, ""exp_avg_sq:cpu:torch.float32"": 5.750783920288086, ""step:cpu:torch.float32"": 1.259148120880127e-06}"
FP32-FINAL-CPU-BEST-r3,FP32-FINAL-CPU-BEST,3,16,actor_forward_start,0,0,0,5.768864154815674,5.876953125,5.768864154815674,5.876953125,6.2100830078125,5.768864154815674,0.10808897018432617,0,0,35.17242431640625,"{""cuda:torch.float32"": 5.750783920288086}",{},"{""exp_avg:cpu:torch.float32"": 5.750783920288086, ""exp_avg_sq:cpu:torch.float32"": 5.750783920288086, ""step:cpu:torch.float32"": 1.259148120880127e-06}"
FP32-FINAL-CPU-BEST-r3,FP32-FINAL-CPU-BEST,3,16,actor_forward_end,0,0,0,6.344898700714111,6.5859375,6.381992816925049,6.5859375,6.9190673828125,6.344898700714111,0.11799192428588867,0,0,35.17242431640625,"{""cuda:torch.float32"": 5.750783920288086}",{},"{""exp_avg:cpu:torch.float32"": 5.750783920288086, ""exp_avg_sq:cpu:torch.float32"": 5.750783920288086, ""step:cpu:torch.float32"": 1.259148120880127e-06}"
FP32-FINAL-CPU-BEST-r3,FP32-FINAL-CPU-BEST,3,16,actor_backward_end,0,0,0,5.76889181137085,10.11328125,8.377046585083008,10.11328125,10.4464111328125,5.76889181137085,0.10806131362915039,0,0,40.11838150024414,"{""cuda:torch.float32"": 5.750783920288086}",{},"{""exp_avg:cpu:torch.float32"": 5.750783920288086, ""exp_avg_sq:cpu:torch.float32"": 5.750783920288086, ""step:cpu:torch.float32"": 1.259148120880127e-06}"
FP32-FINAL-CPU-BEST-r3,FP32-FINAL-CPU-BEST,3,16,actor_optimizer_start,0,0,,5.768880367279053,10.11328125,8.377046585083008,10.11328125,10.4464111328125,5.768880367279053,0.10807275772094727,0,0,40.11838150024414,"{""cuda:torch.float32"": 5.750783920288086}",{},"{""exp_avg:cpu:torch.float32"": 5.750783920288086, ""exp_avg_sq:cpu:torch.float32"": 5.750783920288086, ""step:cpu:torch.float32"": 1.259148120880127e-06}"
FP32-FINAL-CPU-BEST-r3,FP32-FINAL-CPU-BEST,3,16,actor_optimizer_end,0,0,,5.768880367279053,10.11328125,8.377046585083008,10.11328125,10.4464111328125,5.768880367279053,0.10807275772094727,0,0,35.16349792480469,"{""cuda:torch.float32"": 5.750783920288086}",{},"{""exp_avg:cpu:torch.float32"": 5.750783920288086, ""exp_avg_sq:cpu:torch.float32"": 5.750783920288086, ""step:cpu:torch.float32"": 1.259148120880127e-06}"
FP32-FINAL-CPU-BEST-r3,FP32-FINAL-CPU-BEST,3,16,actor_update_cleanup,,,,5.768880367279053,10.11328125,8.377046585083008,10.11328125,10.4464111328125,5.768880367279053,0.10807275772094727,0,0,35.16349792480469,"{""cuda:torch.float32"": 5.750783920288086}",{},"{""exp_avg:cpu:torch.float32"": 5.750783920288086, ""exp_avg_sq:cpu:torch.float32"": 5.750783920288086, ""step:cpu:torch.float32"": 1.259148120880127e-06}"
FP32-FINAL-CPU-BEST-r3,FP32-FINAL-CPU-BEST,3,17,actor_update_policy_start,,,,5.768864154815674,5.876953125,5.768864154815674,5.876953125,6.2100830078125,5.768864154815674,0.10808897018432617,0,0,35.16361999511719,"{""cuda:torch.float32"": 5.750783920288086}",{},"{""exp_avg:cpu:torch.float32"": 5.750783920288086, ""exp_avg_sq:cpu:torch.float32"": 5.750783920288086, ""step:cpu:torch.float32"": 1.259148120880127e-06}"
FP32-FINAL-CPU-BEST-r3,FP32-FINAL-CPU-BEST,3,17,actor_forward_start,0,0,0,5.768864154815674,5.876953125,5.768864154815674,5.876953125,6.2100830078125,5.768864154815674,0.10808897018432617,0,0,35.16361999511719,"{""cuda:torch.float32"": 5.750783920288086}",{},"{""exp_avg:cpu:torch.float32"": 5.750783920288086, ""exp_avg_sq:cpu:torch.float32"": 5.750783920288086, ""step:cpu:torch.float32"": 1.259148120880127e-06}"
FP32-FINAL-CPU-BEST-r3,FP32-FINAL-CPU-BEST,3,17,actor_forward_end,0,0,0,6.344898700714111,6.5859375,6.381992816925049,6.5859375,6.9190673828125,6.344898700714111,0.11799192428588867,0,0,35.16361999511719,"{""cuda:torch.float32"": 5.750783920288086}",{},"{""exp_avg:cpu:torch.float32"": 5.750783920288086, ""exp_avg_sq:cpu:torch.float32"": 5.750783920288086, ""step:cpu:torch.float32"": 1.259148120880127e-06}"
FP32-FINAL-CPU-BEST-r3,FP32-FINAL-CPU-BEST,3,17,actor_backward_end,0,0,0,5.76889181137085,10.11328125,8.377046585083008,10.11328125,10.4464111328125,5.76889181137085,0.10806131362915039,0,0,40.11857604980469,"{""cuda:torch.float32"": 5.750783920288086}",{},"{""exp_avg:cpu:torch.float32"": 5.750783920288086, ""exp_avg_sq:cpu:torch.float32"": 5.750783920288086, ""step:cpu:torch.float32"": 1.259148120880127e-06}"
FP32-FINAL-CPU-BEST-r3,FP32-FINAL-CPU-BEST,3,17,actor_optimizer_start,0,0,,5.768880367279053,10.11328125,8.377046585083008,10.11328125,10.4464111328125,5.768880367279053,0.10807275772094727,0,0,40.11857604980469,"{""cuda:torch.float32"": 5.750783920288086}",{},"{""exp_avg:cpu:torch.float32"": 5.750783920288086, ""exp_avg_sq:cpu:torch.float32"": 5.750783920288086, ""step:cpu:torch.float32"": 1.259148120880127e-06}"
FP32-FINAL-CPU-BEST-r3,FP32-FINAL-CPU-BEST,3,17,actor_optimizer_end,0,0,,5.768880367279053,10.11328125,8.377046585083008,10.11328125,10.4464111328125,5.768880367279053,0.10807275772094727,0,0,35.163414001464844,"{""cuda:torch.float32"": 5.750783920288086}",{},"{""exp_avg:cpu:torch.float32"": 5.750783920288086, ""exp_avg_sq:cpu:torch.float32"": 5.750783920288086, ""step:cpu:torch.float32"": 1.259148120880127e-06}"
FP32-FINAL-CPU-BEST-r3,FP32-FINAL-CPU-BEST,3,17,actor_update_cleanup,,,,5.768880367279053,10.11328125,8.377046585083008,10.11328125,10.4464111328125,5.768880367279053,0.10807275772094727,0,0,35.163414001464844,"{""cuda:torch.float32"": 5.750783920288086}",{},"{""exp_avg:cpu:torch.float32"": 5.750783920288086, ""exp_avg_sq:cpu:torch.float32"": 5.750783920288086, ""step:cpu:torch.float32"": 1.259148120880127e-06}"
FP32-FINAL-CPU-BEST-r3,FP32-FINAL-CPU-BEST,3,18,actor_update_policy_start,,,,5.768864154815674,5.876953125,5.768864154815674,5.876953125,6.2100830078125,5.768864154815674,0.10808897018432617,0,0,35.163414001464844,"{""cuda:torch.float32"": 5.750783920288086}",{},"{""exp_avg:cpu:torch.float32"": 5.750783920288086, ""exp_avg_sq:cpu:torch.float32"": 5.750783920288086, ""step:cpu:torch.float32"": 1.259148120880127e-06}"
FP32-FINAL-CPU-BEST-r3,FP32-FINAL-CPU-BEST,3,18,actor_forward_start,0,0,0,5.768864154815674,5.876953125,5.768864154815674,5.876953125,6.2100830078125,5.768864154815674,0.10808897018432617,0,0,35.163414001464844,"{""cuda:torch.float32"": 5.750783920288086}",{},"{""exp_avg:cpu:torch.float32"": 5.750783920288086, ""exp_avg_sq:cpu:torch.float32"": 5.750783920288086, ""step:cpu:torch.float32"": 1.259148120880127e-06}"
FP32-FINAL-CPU-BEST-r3,FP32-FINAL-CPU-BEST,3,18,actor_forward_end,0,0,0,6.344898700714111,6.5859375,6.381992816925049,6.5859375,6.9190673828125,6.344898700714111,0.11799192428588867,0,0,35.163414001464844,"{""cuda:torch.float32"": 5.750783920288086}",{},"{""exp_avg:cpu:torch.float32"": 5.750783920288086, ""exp_avg_sq:cpu:torch.float32"": 5.750783920288086, ""step:cpu:torch.float32"": 1.259148120880127e-06}"
FP32-FINAL-CPU-BEST-r3,FP32-FINAL-CPU-BEST,3,18,actor_backward_end,0,0,0,5.76889181137085,10.11328125,8.377046585083008,10.11328125,10.4464111328125,5.76889181137085,0.10806131362915039,0,0,40.111045837402344,"{""cuda:torch.float32"": 5.750783920288086}",{},"{""exp_avg:cpu:torch.float32"": 5.750783920288086, ""exp_avg_sq:cpu:torch.float32"": 5.750783920288086, ""step:cpu:torch.float32"": 1.259148120880127e-06}"
FP32-FINAL-CPU-BEST-r3,FP32-FINAL-CPU-BEST,3,18,actor_optimizer_start,0,0,,5.768880367279053,10.11328125,8.377046585083008,10.11328125,10.4464111328125,5.768880367279053,0.10807275772094727,0,0,40.111045837402344,"{""cuda:torch.float32"": 5.750783920288086}",{},"{""exp_avg:cpu:torch.float32"": 5.750783920288086, ""exp_avg_sq:cpu:torch.float32"": 5.750783920288086, ""step:cpu:torch.float32"": 1.259148120880127e-06}"
FP32-FINAL-CPU-BEST-r3,FP32-FINAL-CPU-BEST,3,18,actor_optimizer_end,0,0,,5.768880367279053,10.11328125,8.377046585083008,10.11328125,10.4464111328125,5.768880367279053,0.10807275772094727,0,0,35.16332244873047,"{""cuda:torch.float32"": 5.750783920288086}",{},"{""exp_avg:cpu:torch.float32"": 5.750783920288086, ""exp_avg_sq:cpu:torch.float32"": 5.750783920288086, ""step:cpu:torch.float32"": 1.259148120880127e-06}"
FP32-FINAL-CPU-BEST-r3,FP32-FINAL-CPU-BEST,3,18,actor_update_cleanup,,,,5.768880367279053,10.11328125,8.377046585083008,10.11328125,10.4464111328125,5.768880367279053,0.10807275772094727,0,0,35.16332244873047,"{""cuda:torch.float32"": 5.750783920288086}",{},"{""exp_avg:cpu:torch.float32"": 5.750783920288086, ""exp_avg_sq:cpu:torch.float32"": 5.750783920288086, ""step:cpu:torch.float32"": 1.259148120880127e-06}"
FP32-FINAL-CPU-BEST-r3,FP32-FINAL-CPU-BEST,3,19,actor_update_policy_start,,,,5.768864154815674,5.876953125,5.768864154815674,5.876953125,6.2100830078125,5.768864154815674,0.10808897018432617,0,0,35.16332244873047,"{""cuda:torch.float32"": 5.750783920288086}",{},"{""exp_avg:cpu:torch.float32"": 5.750783920288086, ""exp_avg_sq:cpu:torch.float32"": 5.750783920288086, ""step:cpu:torch.float32"": 1.259148120880127e-06}"
FP32-FINAL-CPU-BEST-r3,FP32-FINAL-CPU-BEST,3,19,actor_forward_start,0,0,0,5.768864154815674,5.876953125,5.768864154815674,5.876953125,6.2100830078125,5.768864154815674,0.10808897018432617,0,0,35.16332244873047,"{""cuda:torch.float32"": 5.750783920288086}",{},"{""exp_avg:cpu:torch.float32"": 5.750783920288086, ""exp_avg_sq:cpu:torch.float32"": 5.750783920288086, ""step:cpu:torch.float32"": 1.259148120880127e-06}"
FP32-FINAL-CPU-BEST-r3,FP32-FINAL-CPU-BEST,3,19,actor_forward_end,0,0,0,6.344898700714111,6.5859375,6.381992816925049,6.5859375,6.9190673828125,6.344898700714111,0.11799192428588867,0,0,35.16332244873047,"{""cuda:torch.float32"": 5.750783920288086}",{},"{""exp_avg:cpu:torch.float32"": 5.750783920288086, ""exp_avg_sq:cpu:torch.float32"": 5.750783920288086, ""step:cpu:torch.float32"": 1.259148120880127e-06}"
FP32-FINAL-CPU-BEST-r3,FP32-FINAL-CPU-BEST,3,19,actor_backward_end,0,0,0,5.76889181137085,10.11328125,8.377046585083008,10.11328125,10.4464111328125,5.76889181137085,0.10806131362915039,0,0,40.11095428466797,"{""cuda:torch.float32"": 5.750783920288086}",{},"{""exp_avg:cpu:torch.float32"": 5.750783920288086, ""exp_avg_sq:cpu:torch.float32"": 5.750783920288086, ""step:cpu:torch.float32"": 1.259148120880127e-06}"
FP32-FINAL-CPU-BEST-r3,FP32-FINAL-CPU-BEST,3,19,actor_optimizer_start,0,0,,5.768880367279053,10.11328125,8.377046585083008,10.11328125,10.4464111328125,5.768880367279053,0.10807275772094727,0,0,40.11095428466797,"{""cuda:torch.float32"": 5.750783920288086}",{},"{""exp_avg:cpu:torch.float32"": 5.750783920288086, ""exp_avg_sq:cpu:torch.float32"": 5.750783920288086, ""step:cpu:torch.float32"": 1.259148120880127e-06}"
FP32-FINAL-CPU-BEST-r3,FP32-FINAL-CPU-BEST,3,19,actor_optimizer_end,0,0,,5.768880367279053,10.11328125,8.377046585083008,10.11328125,10.4464111328125,5.768880367279053,0.10807275772094727,0,0,35.16324234008789,"{""cuda:torch.float32"": 5.750783920288086}",{},"{""exp_avg:cpu:torch.float32"": 5.750783920288086, ""exp_avg_sq:cpu:torch.float32"": 5.750783920288086, ""step:cpu:torch.float32"": 1.259148120880127e-06}"
FP32-FINAL-CPU-BEST-r3,FP32-FINAL-CPU-BEST,3,19,actor_update_cleanup,,,,5.768880367279053,10.11328125,8.377046585083008,10.11328125,10.4464111328125,5.768880367279053,0.10807275772094727,0,0,35.16324234008789,"{""cuda:torch.float32"": 5.750783920288086}",{},"{""exp_avg:cpu:torch.float32"": 5.750783920288086, ""exp_avg_sq:cpu:torch.float32"": 5.750783920288086, ""step:cpu:torch.float32"": 1.259148120880127e-06}"
FP32-FINAL-CPU-BEST-r3,FP32-FINAL-CPU-BEST,3,20,actor_update_policy_start,,,,5.768864154815674,5.876953125,5.768864154815674,5.876953125,6.2100830078125,5.768864154815674,0.10808897018432617,0,0,35.16324234008789,"{""cuda:torch.float32"": 5.750783920288086}",{},"{""exp_avg:cpu:torch.float32"": 5.750783920288086, ""exp_avg_sq:cpu:torch.float32"": 5.750783920288086, ""step:cpu:torch.float32"": 1.259148120880127e-06}"
FP32-FINAL-CPU-BEST-r3,FP32-FINAL-CPU-BEST,3,20,actor_forward_start,0,0,0,5.768864154815674,5.876953125,5.768864154815674,5.876953125,6.2100830078125,5.768864154815674,0.10808897018432617,0,0,35.16324234008789,"{""cuda:torch.float32"": 5.750783920288086}",{},"{""exp_avg:cpu:torch.float32"": 5.750783920288086, ""exp_avg_sq:cpu:torch.float32"": 5.750783920288086, ""step:cpu:torch.float32"": 1.259148120880127e-06}"
FP32-FINAL-CPU-BEST-r3,FP32-FINAL-CPU-BEST,3,20,actor_forward_end,0,0,0,6.344898700714111,6.5859375,6.381992816925049,6.5859375,6.9190673828125,6.344898700714111,0.11799192428588867,0,0,35.16324234008789,"{""cuda:torch.float32"": 5.750783920288086}",{},"{""exp_avg:cpu:torch.float32"": 5.750783920288086, ""exp_avg_sq:cpu:torch.float32"": 5.750783920288086, ""step:cpu:torch.float32"": 1.259148120880127e-06}"
FP32-FINAL-CPU-BEST-r3,FP32-FINAL-CPU-BEST,3,20,actor_backward_end,0,0,0,5.76889181137085,10.11328125,8.377046585083008,10.11328125,10.4464111328125,5.76889181137085,0.10806131362915039,0,0,40.11966323852539,"{""cuda:torch.float32"": 5.750783920288086}",{},"{""exp_avg:cpu:torch.float32"": 5.750783920288086, ""exp_avg_sq:cpu:torch.float32"": 5.750783920288086, ""step:cpu:torch.float32"": 1.259148120880127e-06}"
FP32-FINAL-CPU-BEST-r3,FP32-FINAL-CPU-BEST,3,20,actor_optimizer_start,0,0,,5.768880367279053,10.11328125,8.377046585083008,10.11328125,10.4464111328125,5.768880367279053,0.10807275772094727,0,0,40.11966323852539,"{""cuda:torch.float32"": 5.750783920288086}",{},"{""exp_avg:cpu:torch.float32"": 5.750783920288086, ""exp_avg_sq:cpu:torch.float32"": 5.750783920288086, ""step:cpu:torch.float32"": 1.259148120880127e-06}"
FP32-FINAL-CPU-BEST-r3,FP32-FINAL-CPU-BEST,3,20,actor_optimizer_end,0,0,,5.768880367279053,10.11328125,8.377046585083008,10.11328125,10.4464111328125,5.768880367279053,0.10807275772094727,0,0,35.16343307495117,"{""cuda:torch.float32"": 5.750783920288086}",{},"{""exp_avg:cpu:torch.float32"": 5.750783920288086, ""exp_avg_sq:cpu:torch.float32"": 5.750783920288086, ""step:cpu:torch.float32"": 1.259148120880127e-06}"
FP32-FINAL-CPU-BEST-r3,FP32-FINAL-CPU-BEST,3,20,actor_update_cleanup,,,,5.768880367279053,10.11328125,8.377046585083008,10.11328125,10.4464111328125,5.768880367279053,0.10807275772094727,0,0,35.16343307495117,"{""cuda:torch.float32"": 5.750783920288086}",{},"{""exp_avg:cpu:torch.float32"": 5.750783920288086, ""exp_avg_sq:cpu:torch.float32"": 5.750783920288086, ""step:cpu:torch.float32"": 1.259148120880127e-06}"
FP32-FINAL-CPU-BEST-r3,FP32-FINAL-CPU-BEST,3,21,actor_update_policy_start,,,,5.768864154815674,5.876953125,5.768864154815674,5.876953125,6.2100830078125,5.768864154815674,0.10808897018432617,0,0,35.16343307495117,"{""cuda:torch.float32"": 5.750783920288086}",{},"{""exp_avg:cpu:torch.float32"": 5.750783920288086, ""exp_avg_sq:cpu:torch.float32"": 5.750783920288086, ""step:cpu:torch.float32"": 1.259148120880127e-06}"
FP32-FINAL-CPU-BEST-r3,FP32-FINAL-CPU-BEST,3,21,actor_forward_start,0,0,0,5.768864154815674,5.876953125,5.768864154815674,5.876953125,6.2100830078125,5.768864154815674,0.10808897018432617,0,0,35.16343307495117,"{""cuda:torch.float32"": 5.750783920288086}",{},"{""exp_avg:cpu:torch.float32"": 5.750783920288086, ""exp_avg_sq:cpu:torch.float32"": 5.750783920288086, ""step:cpu:torch.float32"": 1.259148120880127e-06}"
FP32-FINAL-CPU-BEST-r3,FP32-FINAL-CPU-BEST,3,21,actor_forward_end,0,0,0,6.344898700714111,6.5859375,6.381992816925049,6.5859375,6.9190673828125,6.344898700714111,0.11799192428588867,0,0,35.16343307495117,"{""cuda:torch.float32"": 5.750783920288086}",{},"{""exp_avg:cpu:torch.float32"": 5.750783920288086, ""exp_avg_sq:cpu:torch.float32"": 5.750783920288086, ""step:cpu:torch.float32"": 1.259148120880127e-06}"
FP32-FINAL-CPU-BEST-r3,FP32-FINAL-CPU-BEST,3,21,actor_backward_end,0,0,0,5.76889181137085,10.11328125,8.377046585083008,10.11328125,10.4464111328125,5.76889181137085,0.10806131362915039,0,0,40.11240768432617,"{""cuda:torch.float32"": 5.750783920288086}",{},"{""exp_avg:cpu:torch.float32"": 5.750783920288086, ""exp_avg_sq:cpu:torch.float32"": 5.750783920288086, ""step:cpu:torch.float32"": 1.259148120880127e-06}"
FP32-FINAL-CPU-BEST-r3,FP32-FINAL-CPU-BEST,3,21,actor_optimizer_start,0,0,,5.768880367279053,10.11328125,8.377046585083008,10.11328125,10.4464111328125,5.768880367279053,0.10807275772094727,0,0,40.11240768432617,"{""cuda:torch.float32"": 5.750783920288086}",{},"{""exp_avg:cpu:torch.float32"": 5.750783920288086, ""exp_avg_sq:cpu:torch.float32"": 5.750783920288086, ""step:cpu:torch.float32"": 1.259148120880127e-06}"
FP32-FINAL-CPU-BEST-r3,FP32-FINAL-CPU-BEST,3,21,actor_optimizer_end,0,0,,5.768880367279053,10.11328125,8.377046585083008,10.11328125,10.4464111328125,5.768880367279053,0.10807275772094727,0,0,35.172080993652344,"{""cuda:torch.float32"": 5.750783920288086}",{},"{""exp_avg:cpu:torch.float32"": 5.750783920288086, ""exp_avg_sq:cpu:torch.float32"": 5.750783920288086, ""step:cpu:torch.float32"": 1.259148120880127e-06}"
FP32-FINAL-CPU-BEST-r3,FP32-FINAL-CPU-BEST,3,21,actor_update_cleanup,,,,5.768880367279053,10.11328125,8.377046585083008,10.11328125,10.4464111328125,5.768880367279053,0.10807275772094727,0,0,35.172080993652344,"{""cuda:torch.float32"": 5.750783920288086}",{},"{""exp_avg:cpu:torch.float32"": 5.750783920288086, ""exp_avg_sq:cpu:torch.float32"": 5.750783920288086, ""step:cpu:torch.float32"": 1.259148120880127e-06}"
FP32-FINAL-CPU-BEST-r3,FP32-FINAL-CPU-BEST,3,22,actor_update_policy_start,,,,5.768864154815674,5.876953125,5.768864154815674,5.876953125,6.2100830078125,5.768864154815674,0.10808897018432617,0,0,35.16316604614258,"{""cuda:torch.float32"": 5.750783920288086}",{},"{""exp_avg:cpu:torch.float32"": 5.750783920288086, ""exp_avg_sq:cpu:torch.float32"": 5.750783920288086, ""step:cpu:torch.float32"": 1.259148120880127e-06}"
FP32-FINAL-CPU-BEST-r3,FP32-FINAL-CPU-BEST,3,22,actor_forward_start,0,0,0,5.768864154815674,5.876953125,5.768864154815674,5.876953125,6.2100830078125,5.768864154815674,0.10808897018432617,0,0,35.16316604614258,"{""cuda:torch.float32"": 5.750783920288086}",{},"{""exp_avg:cpu:torch.float32"": 5.750783920288086, ""exp_avg_sq:cpu:torch.float32"": 5.750783920288086, ""step:cpu:torch.float32"": 1.259148120880127e-06}"
FP32-FINAL-CPU-BEST-r3,FP32-FINAL-CPU-BEST,3,22,actor_forward_end,0,0,0,6.344898700714111,6.5859375,6.381992816925049,6.5859375,6.9190673828125,6.344898700714111,0.11799192428588867,0,0,35.16316604614258,"{""cuda:torch.float32"": 5.750783920288086}",{},"{""exp_avg:cpu:torch.float32"": 5.750783920288086, ""exp_avg_sq:cpu:torch.float32"": 5.750783920288086, ""step:cpu:torch.float32"": 1.259148120880127e-06}"
FP32-FINAL-CPU-BEST-r3,FP32-FINAL-CPU-BEST,3,22,actor_backward_end,0,0,0,5.76889181137085,10.11328125,8.377046585083008,10.11328125,10.4464111328125,5.76889181137085,0.10806131362915039,0,0,40.11970901489258,"{""cuda:torch.float32"": 5.750783920288086}",{},"{""exp_avg:cpu:torch.float32"": 5.750783920288086, ""exp_avg_sq:cpu:torch.float32"": 5.750783920288086, ""step:cpu:torch.float32"": 1.259148120880127e-06}"
FP32-FINAL-CPU-BEST-r3,FP32-FINAL-CPU-BEST,3,22,actor_optimizer_start,0,0,,5.768880367279053,10.11328125,8.377046585083008,10.11328125,10.4464111328125,5.768880367279053,0.10807275772094727,0,0,40.11970901489258,"{""cuda:torch.float32"": 5.750783920288086}",{},"{""exp_avg:cpu:torch.float32"": 5.750783920288086, ""exp_avg_sq:cpu:torch.float32"": 5.750783920288086, ""step:cpu:torch.float32"": 1.259148120880127e-06}"
FP32-FINAL-CPU-BEST-r3,FP32-FINAL-CPU-BEST,3,22,actor_optimizer_end,0,0,,5.768880367279053,10.11328125,8.377046585083008,10.11328125,10.4464111328125,5.768880367279053,0.10807275772094727,0,0,35.16339874267578,"{""cuda:torch.float32"": 5.750783920288086}",{},"{""exp_avg:cpu:torch.float32"": 5.750783920288086, ""exp_avg_sq:cpu:torch.float32"": 5.750783920288086, ""step:cpu:torch.float32"": 1.259148120880127e-06}"
FP32-FINAL-CPU-BEST-r3,FP32-FINAL-CPU-BEST,3,22,actor_update_cleanup,,,,5.768880367279053,10.11328125,8.377046585083008,10.11328125,10.4464111328125,5.768880367279053,0.10807275772094727,0,0,35.16339874267578,"{""cuda:torch.float32"": 5.750783920288086}",{},"{""exp_avg:cpu:torch.float32"": 5.750783920288086, ""exp_avg_sq:cpu:torch.float32"": 5.750783920288086, ""step:cpu:torch.float32"": 1.259148120880127e-06}"
FP32-FINAL-CPU-BEST-r3,FP32-FINAL-CPU-BEST,3,23,actor_update_policy_start,,,,5.768864154815674,5.876953125,5.768864154815674,5.876953125,6.2100830078125,5.768864154815674,0.10808897018432617,0,0,35.16352081298828,"{""cuda:torch.float32"": 5.750783920288086}",{},"{""exp_avg:cpu:torch.float32"": 5.750783920288086, ""exp_avg_sq:cpu:torch.float32"": 5.750783920288086, ""step:cpu:torch.float32"": 1.259148120880127e-06}"
FP32-FINAL-CPU-BEST-r3,FP32-FINAL-CPU-BEST,3,23,actor_forward_start,0,0,0,5.768864154815674,5.876953125,5.768864154815674,5.876953125,6.2100830078125,5.768864154815674,0.10808897018432617,0,0,35.16352081298828,"{""cuda:torch.float32"": 5.750783920288086}",{},"{""exp_avg:cpu:torch.float32"": 5.750783920288086, ""exp_avg_sq:cpu:torch.float32"": 5.750783920288086, ""step:cpu:torch.float32"": 1.259148120880127e-06}"
FP32-FINAL-CPU-BEST-r3,FP32-FINAL-CPU-BEST,3,23,actor_forward_end,0,0,0,6.344898700714111,6.5859375,6.381992816925049,6.5859375,6.9190673828125,6.344898700714111,0.11799192428588867,0,0,35.16352081298828,"{""cuda:torch.float32"": 5.750783920288086}",{},"{""exp_avg:cpu:torch.float32"": 5.750783920288086, ""exp_avg_sq:cpu:torch.float32"": 5.750783920288086, ""step:cpu:torch.float32"": 1.259148120880127e-06}"
FP32-FINAL-CPU-BEST-r3,FP32-FINAL-CPU-BEST,3,23,actor_backward_end,0,0,0,5.76889181137085,10.11328125,8.377046585083008,10.11328125,10.4464111328125,5.76889181137085,0.10806131362915039,0,0,40.11139678955078,"{""cuda:torch.float32"": 5.750783920288086}",{},"{""exp_avg:cpu:torch.float32"": 5.750783920288086, ""exp_avg_sq:cpu:torch.float32"": 5.750783920288086, ""step:cpu:torch.float32"": 1.259148120880127e-06}"
FP32-FINAL-CPU-BEST-r3,FP32-FINAL-CPU-BEST,3,23,actor_optimizer_start,0,0,,5.768880367279053,10.11328125,8.377046585083008,10.11328125,10.4464111328125,5.768880367279053,0.10807275772094727,0,0,40.11139678955078,"{""cuda:torch.float32"": 5.750783920288086}",{},"{""exp_avg:cpu:torch.float32"": 5.750783920288086, ""exp_avg_sq:cpu:torch.float32"": 5.750783920288086, ""step:cpu:torch.float32"": 1.259148120880127e-06}"
FP32-FINAL-CPU-BEST-r3,FP32-FINAL-CPU-BEST,3,23,actor_optimizer_end,0,0,,5.768880367279053,10.11328125,8.377046585083008,10.11328125,10.4464111328125,5.768880367279053,0.10807275772094727,0,0,35.16373062133789,"{""cuda:torch.float32"": 5.750783920288086}",{},"{""exp_avg:cpu:torch.float32"": 5.750783920288086, ""exp_avg_sq:cpu:torch.float32"": 5.750783920288086, ""step:cpu:torch.float32"": 1.259148120880127e-06}"
FP32-FINAL-CPU-BEST-r3,FP32-FINAL-CPU-BEST,3,23,actor_update_cleanup,,,,5.768880367279053,10.11328125,8.377046585083008,10.11328125,10.4464111328125,5.768880367279053,0.10807275772094727,0,0,35.16373062133789,"{""cuda:torch.float32"": 5.750783920288086}",{},"{""exp_avg:cpu:torch.float32"": 5.750783920288086, ""exp_avg_sq:cpu:torch.float32"": 5.750783920288086, ""step:cpu:torch.float32"": 1.259148120880127e-06}"
FP32-FINAL-CPU-BEST-r3,FP32-FINAL-CPU-BEST,3,24,actor_update_policy_start,,,,5.768864154815674,5.876953125,5.768864154815674,5.876953125,6.2100830078125,5.768864154815674,0.10808897018432617,0,0,35.16373062133789,"{""cuda:torch.float32"": 5.750783920288086}",{},"{""exp_avg:cpu:torch.float32"": 5.750783920288086, ""exp_avg_sq:cpu:torch.float32"": 5.750783920288086, ""step:cpu:torch.float32"": 1.259148120880127e-06}"
FP32-FINAL-CPU-BEST-r3,FP32-FINAL-CPU-BEST,3,24,actor_forward_start,0,0,0,5.768864154815674,5.876953125,5.768864154815674,5.876953125,6.2100830078125,5.768864154815674,0.10808897018432617,0,0,35.16373062133789,"{""cuda:torch.float32"": 5.750783920288086}",{},"{""exp_avg:cpu:torch.float32"": 5.750783920288086, ""exp_avg_sq:cpu:torch.float32"": 5.750783920288086, ""step:cpu:torch.float32"": 1.259148120880127e-06}"
FP32-FINAL-CPU-BEST-r3,FP32-FINAL-CPU-BEST,3,24,actor_forward_end,0,0,0,6.344898700714111,6.5859375,6.381992816925049,6.5859375,6.9190673828125,6.344898700714111,0.11799192428588867,0,0,35.16373062133789,"{""cuda:torch.float32"": 5.750783920288086}",{},"{""exp_avg:cpu:torch.float32"": 5.750783920288086, ""exp_avg_sq:cpu:torch.float32"": 5.750783920288086, ""step:cpu:torch.float32"": 1.259148120880127e-06}"
FP32-FINAL-CPU-BEST-r3,FP32-FINAL-CPU-BEST,3,24,actor_backward_end,0,0,0,5.76889181137085,10.11328125,8.377046585083008,10.11328125,10.4464111328125,5.76889181137085,0.10806131362915039,0,0,40.11124038696289,"{""cuda:torch.float32"": 5.750783920288086}",{},"{""exp_avg:cpu:torch.float32"": 5.750783920288086, ""exp_avg_sq:cpu:torch.float32"": 5.750783920288086, ""step:cpu:torch.float32"": 1.259148120880127e-06}"
FP32-FINAL-CPU-BEST-r3,FP32-FINAL-CPU-BEST,3,24,actor_optimizer_start,0,0,,5.768880367279053,10.11328125,8.377046585083008,10.11328125,10.4464111328125,5.768880367279053,0.10807275772094727,0,0,40.11124038696289,"{""cuda:torch.float32"": 5.750783920288086}",{},"{""exp_avg:cpu:torch.float32"": 5.750783920288086, ""exp_avg_sq:cpu:torch.float32"": 5.750783920288086, ""step:cpu:torch.float32"": 1.259148120880127e-06}"
FP32-FINAL-CPU-BEST-r3,FP32-FINAL-CPU-BEST,3,24,actor_optimizer_end,0,0,,5.768880367279053,10.11328125,8.377046585083008,10.11328125,10.4464111328125,5.768880367279053,0.10807275772094727,0,0,35.17266845703125,"{""cuda:torch.float32"": 5.750783920288086}",{},"{""exp_avg:cpu:torch.float32"": 5.750783920288086, ""exp_avg_sq:cpu:torch.float32"": 5.750783920288086, ""step:cpu:torch.float32"": 1.259148120880127e-06}"
FP32-FINAL-CPU-BEST-r3,FP32-FINAL-CPU-BEST,3,24,actor_update_cleanup,,,,5.768880367279053,10.11328125,8.377046585083008,10.11328125,10.4464111328125,5.768880367279053,0.10807275772094727,0,0,35.17266845703125,"{""cuda:torch.float32"": 5.750783920288086}",{},"{""exp_avg:cpu:torch.float32"": 5.750783920288086, ""exp_avg_sq:cpu:torch.float32"": 5.750783920288086, ""step:cpu:torch.float32"": 1.259148120880127e-06}"
FP32-FINAL-CPU-BEST-r3,FP32-FINAL-CPU-BEST,3,25,actor_update_policy_start,,,,5.768864154815674,5.876953125,5.768864154815674,5.876953125,6.2100830078125,5.768864154815674,0.10808897018432617,0,0,35.17266845703125,"{""cuda:torch.float32"": 5.750783920288086}",{},"{""exp_avg:cpu:torch.float32"": 5.750783920288086, ""exp_avg_sq:cpu:torch.float32"": 5.750783920288086, ""step:cpu:torch.float32"": 1.259148120880127e-06}"
FP32-FINAL-CPU-BEST-r3,FP32-FINAL-CPU-BEST,3,25,actor_forward_start,0,0,0,5.768864154815674,5.876953125,5.768864154815674,5.876953125,6.2100830078125,5.768864154815674,0.10808897018432617,0,0,35.17266845703125,"{""cuda:torch.float32"": 5.750783920288086}",{},"{""exp_avg:cpu:torch.float32"": 5.750783920288086, ""exp_avg_sq:cpu:torch.float32"": 5.750783920288086, ""step:cpu:torch.float32"": 1.259148120880127e-06}"
FP32-FINAL-CPU-BEST-r3,FP32-FINAL-CPU-BEST,3,25,actor_forward_end,0,0,0,6.344898700714111,6.5859375,6.381992816925049,6.5859375,6.9190673828125,6.344898700714111,0.11799192428588867,0,0,35.17266845703125,"{""cuda:torch.float32"": 5.750783920288086}",{},"{""exp_avg:cpu:torch.float32"": 5.750783920288086, ""exp_avg_sq:cpu:torch.float32"": 5.750783920288086, ""step:cpu:torch.float32"": 1.259148120880127e-06}"
FP32-FINAL-CPU-BEST-r3,FP32-FINAL-CPU-BEST,3,25,actor_backward_end,0,0,0,5.76889181137085,10.11328125,8.377046585083008,10.11328125,10.4464111328125,5.76889181137085,0.10806131362915039,0,0,40.11883544921875,"{""cuda:torch.float32"": 5.750783920288086}",{},"{""exp_avg:cpu:torch.float32"": 5.750783920288086, ""exp_avg_sq:cpu:torch.float32"": 5.750783920288086, ""step:cpu:torch.float32"": 1.259148120880127e-06}"
FP32-FINAL-CPU-BEST-r3,FP32-FINAL-CPU-BEST,3,25,actor_optimizer_start,0,0,,5.768880367279053,10.11328125,8.377046585083008,10.11328125,10.4464111328125,5.768880367279053,0.10807275772094727,0,0,40.11883544921875,"{""cuda:torch.float32"": 5.750783920288086}",{},"{""exp_avg:cpu:torch.float32"": 5.750783920288086, ""exp_avg_sq:cpu:torch.float32"": 5.750783920288086, ""step:cpu:torch.float32"": 1.259148120880127e-06}"
FP32-FINAL-CPU-BEST-r3,FP32-FINAL-CPU-BEST,3,25,actor_optimizer_end,0,0,,5.768880367279053,10.11328125,8.377046585083008,10.11328125,10.4464111328125,5.768880367279053,0.10807275772094727,0,0,35.16355895996094,"{""cuda:torch.float32"": 5.750783920288086}",{},"{""exp_avg:cpu:torch.float32"": 5.750783920288086, ""exp_avg_sq:cpu:torch.float32"": 5.750783920288086, ""step:cpu:torch.float32"": 1.259148120880127e-06}"
FP32-FINAL-CPU-BEST-r3,FP32-FINAL-CPU-BEST,3,25,actor_update_cleanup,,,,5.768880367279053,10.11328125,8.377046585083008,10.11328125,10.4464111328125,5.768880367279053,0.10807275772094727,0,0,35.16355895996094,"{""cuda:torch.float32"": 5.750783920288086}",{},"{""exp_avg:cpu:torch.float32"": 5.750783920288086, ""exp_avg_sq:cpu:torch.float32"": 5.750783920288086, ""step:cpu:torch.float32"": 1.259148120880127e-06}"
FP32-FINAL-CPU-BEST-r3,FP32-FINAL-CPU-BEST,3,26,actor_update_policy_start,,,,5.768864154815674,5.876953125,5.768864154815674,5.876953125,6.2100830078125,5.768864154815674,0.10808897018432617,0,0,35.16368103027344,"{""cuda:torch.float32"": 5.750783920288086}",{},"{""exp_avg:cpu:torch.float32"": 5.750783920288086, ""exp_avg_sq:cpu:torch.float32"": 5.750783920288086, ""step:cpu:torch.float32"": 1.259148120880127e-06}"
FP32-FINAL-CPU-BEST-r3,FP32-FINAL-CPU-BEST,3,26,actor_forward_start,0,0,0,5.768864154815674,5.876953125,5.768864154815674,5.876953125,6.2100830078125,5.768864154815674,0.10808897018432617,0,0,35.16368103027344,"{""cuda:torch.float32"": 5.750783920288086}",{},"{""exp_avg:cpu:torch.float32"": 5.750783920288086, ""exp_avg_sq:cpu:torch.float32"": 5.750783920288086, ""step:cpu:torch.float32"": 1.259148120880127e-06}"
FP32-FINAL-CPU-BEST-r3,FP32-FINAL-CPU-BEST,3,26,actor_forward_end,0,0,0,6.344898700714111,6.5859375,6.381992816925049,6.5859375,6.9190673828125,6.344898700714111,0.11799192428588867,0,0,35.16368103027344,"{""cuda:torch.float32"": 5.750783920288086}",{},"{""exp_avg:cpu:torch.float32"": 5.750783920288086, ""exp_avg_sq:cpu:torch.float32"": 5.750783920288086, ""step:cpu:torch.float32"": 1.259148120880127e-06}"
FP32-FINAL-CPU-BEST-r3,FP32-FINAL-CPU-BEST,3,26,actor_backward_end,0,0,0,5.76889181137085,10.11328125,8.377046585083008,10.11328125,10.4464111328125,5.76889181137085,0.10806131362915039,0,0,40.11143493652344,"{""cuda:torch.float32"": 5.750783920288086}",{},"{""exp_avg:cpu:torch.float32"": 5.750783920288086, ""exp_avg_sq:cpu:torch.float32"": 5.750783920288086, ""step:cpu:torch.float32"": 1.259148120880127e-06}"
FP32-FINAL-CPU-BEST-r3,FP32-FINAL-CPU-BEST,3,26,actor_optimizer_start,0,0,,5.768880367279053,10.11328125,8.377046585083008,10.11328125,10.4464111328125,5.768880367279053,0.10807275772094727,0,0,40.11143493652344,"{""cuda:torch.float32"": 5.750783920288086}",{},"{""exp_avg:cpu:torch.float32"": 5.750783920288086, ""exp_avg_sq:cpu:torch.float32"": 5.750783920288086, ""step:cpu:torch.float32"": 1.259148120880127e-06}"
FP32-FINAL-CPU-BEST-r3,FP32-FINAL-CPU-BEST,3,26,actor_optimizer_end,0,0,,5.768880367279053,10.11328125,8.377046585083008,10.11328125,10.4464111328125,5.768880367279053,0.10807275772094727,0,0,35.22511291503906,"{""cuda:torch.float32"": 5.750783920288086}",{},"{""exp_avg:cpu:torch.float32"": 5.750783920288086, ""exp_avg_sq:cpu:torch.float32"": 5.750783920288086, ""step:cpu:torch.float32"": 1.259148120880127e-06}"
FP32-FINAL-CPU-BEST-r3,FP32-FINAL-CPU-BEST,3,26,actor_update_cleanup,,,,5.768880367279053,10.11328125,8.377046585083008,10.11328125,10.4464111328125,5.768880367279053,0.10807275772094727,0,0,35.22511291503906,"{""cuda:torch.float32"": 5.750783920288086}",{},"{""exp_avg:cpu:torch.float32"": 5.750783920288086, ""exp_avg_sq:cpu:torch.float32"": 5.750783920288086, ""step:cpu:torch.float32"": 1.259148120880127e-06}"
FP32-FINAL-CPU-BEST-r3,FP32-FINAL-CPU-BEST,3,27,actor_update_policy_start,,,,5.768864154815674,5.876953125,5.768864154815674,5.876953125,6.2100830078125,5.768864154815674,0.10808897018432617,0,0,35.22511291503906,"{""cuda:torch.float32"": 5.750783920288086}",{},"{""exp_avg:cpu:torch.float32"": 5.750783920288086, ""exp_avg_sq:cpu:torch.float32"": 5.750783920288086, ""step:cpu:torch.float32"": 1.259148120880127e-06}"
FP32-FINAL-CPU-BEST-r3,FP32-FINAL-CPU-BEST,3,27,actor_forward_start,0,0,0,5.768864154815674,5.876953125,5.768864154815674,5.876953125,6.2100830078125,5.768864154815674,0.10808897018432617,0,0,35.22511291503906,"{""cuda:torch.float32"": 5.750783920288086}",{},"{""exp_avg:cpu:torch.float32"": 5.750783920288086, ""exp_avg_sq:cpu:torch.float32"": 5.750783920288086, ""step:cpu:torch.float32"": 1.259148120880127e-06}"
FP32-FINAL-CPU-BEST-r3,FP32-FINAL-CPU-BEST,3,27,actor_forward_end,0,0,0,6.344898700714111,6.5859375,6.381992816925049,6.5859375,6.9190673828125,6.344898700714111,0.11799192428588867,0,0,35.22511291503906,"{""cuda:torch.float32"": 5.750783920288086}",{},"{""exp_avg:cpu:torch.float32"": 5.750783920288086, ""exp_avg_sq:cpu:torch.float32"": 5.750783920288086, ""step:cpu:torch.float32"": 1.259148120880127e-06}"
FP32-FINAL-CPU-BEST-r3,FP32-FINAL-CPU-BEST,3,27,actor_backward_end,0,0,0,5.76889181137085,10.11328125,8.377046585083008,10.11328125,10.4464111328125,5.76889181137085,0.10806131362915039,0,0,40.09523010253906,"{""cuda:torch.float32"": 5.750783920288086}",{},"{""exp_avg:cpu:torch.float32"": 5.750783920288086, ""exp_avg_sq:cpu:torch.float32"": 5.750783920288086, ""step:cpu:torch.float32"": 1.259148120880127e-06}"
FP32-FINAL-CPU-BEST-r3,FP32-FINAL-CPU-BEST,3,27,actor_optimizer_start,0,0,,5.768880367279053,10.11328125,8.377046585083008,10.11328125,10.4464111328125,5.768880367279053,0.10807275772094727,0,0,40.09523010253906,"{""cuda:torch.float32"": 5.750783920288086}",{},"{""exp_avg:cpu:torch.float32"": 5.750783920288086, ""exp_avg_sq:cpu:torch.float32"": 5.750783920288086, ""step:cpu:torch.float32"": 1.259148120880127e-06}"
FP32-FINAL-CPU-BEST-r3,FP32-FINAL-CPU-BEST,3,27,actor_optimizer_end,0,0,,5.768880367279053,10.11328125,8.377046585083008,10.11328125,10.4464111328125,5.768880367279053,0.10807275772094727,0,0,35.181270599365234,"{""cuda:torch.float32"": 5.750783920288086}",{},"{""exp_avg:cpu:torch.float32"": 5.750783920288086, ""exp_avg_sq:cpu:torch.float32"": 5.750783920288086, ""step:cpu:torch.float32"": 1.259148120880127e-06}"
FP32-FINAL-CPU-BEST-r3,FP32-FINAL-CPU-BEST,3,27,actor_update_cleanup,,,,5.768880367279053,10.11328125,8.377046585083008,10.11328125,10.4464111328125,5.768880367279053,0.10807275772094727,0,0,35.181270599365234,"{""cuda:torch.float32"": 5.750783920288086}",{},"{""exp_avg:cpu:torch.float32"": 5.750783920288086, ""exp_avg_sq:cpu:torch.float32"": 5.750783920288086, ""step:cpu:torch.float32"": 1.259148120880127e-06}"
FP32-FINAL-CPU-BEST-r3,FP32-FINAL-CPU-BEST,3,28,actor_update_policy_start,,,,5.768864154815674,5.876953125,5.768864154815674,5.876953125,6.2100830078125,5.768864154815674,0.10808897018432617,0,0,35.181270599365234,"{""cuda:torch.float32"": 5.750783920288086}",{},"{""exp_avg:cpu:torch.float32"": 5.750783920288086, ""exp_avg_sq:cpu:torch.float32"": 5.750783920288086, ""step:cpu:torch.float32"": 1.259148120880127e-06}"
FP32-FINAL-CPU-BEST-r3,FP32-FINAL-CPU-BEST,3,28,actor_forward_start,0,0,0,5.768864154815674,5.876953125,5.768864154815674,5.876953125,6.2100830078125,5.768864154815674,0.10808897018432617,0,0,35.181270599365234,"{""cuda:torch.float32"": 5.750783920288086}",{},"{""exp_avg:cpu:torch.float32"": 5.750783920288086, ""exp_avg_sq:cpu:torch.float32"": 5.750783920288086, ""step:cpu:torch.float32"": 1.259148120880127e-06}"
FP32-FINAL-CPU-BEST-r3,FP32-FINAL-CPU-BEST,3,28,actor_forward_end,0,0,0,6.344898700714111,6.5859375,6.381992816925049,6.5859375,6.9190673828125,6.344898700714111,0.11799192428588867,0,0,35.181270599365234,"{""cuda:torch.float32"": 5.750783920288086}",{},"{""exp_avg:cpu:torch.float32"": 5.750783920288086, ""exp_avg_sq:cpu:torch.float32"": 5.750783920288086, ""step:cpu:torch.float32"": 1.259148120880127e-06}"
FP32-FINAL-CPU-BEST-r3,FP32-FINAL-CPU-BEST,3,28,actor_backward_end,0,0,0,5.76889181137085,10.11328125,8.377046585083008,10.11328125,10.4464111328125,5.76889181137085,0.10806131362915039,0,0,40.136226654052734,"{""cuda:torch.float32"": 5.750783920288086}",{},"{""exp_avg:cpu:torch.float32"": 5.750783920288086, ""exp_avg_sq:cpu:torch.float32"": 5.750783920288086, ""step:cpu:torch.float32"": 1.259148120880127e-06}"
FP32-FINAL-CPU-BEST-r3,FP32-FINAL-CPU-BEST,3,28,actor_optimizer_start,0,0,,5.768880367279053,10.11328125,8.377046585083008,10.11328125,10.4464111328125,5.768880367279053,0.10807275772094727,0,0,40.136226654052734,"{""cuda:torch.float32"": 5.750783920288086}",{},"{""exp_avg:cpu:torch.float32"": 5.750783920288086, ""exp_avg_sq:cpu:torch.float32"": 5.750783920288086, ""step:cpu:torch.float32"": 1.259148120880127e-06}"
FP32-FINAL-CPU-BEST-r3,FP32-FINAL-CPU-BEST,3,28,actor_optimizer_end,0,0,,5.768880367279053,10.11328125,8.377046585083008,10.11328125,10.4464111328125,5.768880367279053,0.10807275772094727,0,0,35.181209564208984,"{""cuda:torch.float32"": 5.750783920288086}",{},"{""exp_avg:cpu:torch.float32"": 5.750783920288086, ""exp_avg_sq:cpu:torch.float32"": 5.750783920288086, ""step:cpu:torch.float32"": 1.259148120880127e-06}"
FP32-FINAL-CPU-BEST-r3,FP32-FINAL-CPU-BEST,3,28,actor_update_cleanup,,,,5.768880367279053,10.11328125,8.377046585083008,10.11328125,10.4464111328125,5.768880367279053,0.10807275772094727,0,0,35.181209564208984,"{""cuda:torch.float32"": 5.750783920288086}",{},"{""exp_avg:cpu:torch.float32"": 5.750783920288086, ""exp_avg_sq:cpu:torch.float32"": 5.750783920288086, ""step:cpu:torch.float32"": 1.259148120880127e-06}"
FP32-FINAL-CPU-BEST-r3,FP32-FINAL-CPU-BEST,3,29,actor_update_policy_start,,,,5.768864154815674,5.876953125,5.768864154815674,5.876953125,6.2100830078125,5.768864154815674,0.10808897018432617,0,0,35.181209564208984,"{""cuda:torch.float32"": 5.750783920288086}",{},"{""exp_avg:cpu:torch.float32"": 5.750783920288086, ""exp_avg_sq:cpu:torch.float32"": 5.750783920288086, ""step:cpu:torch.float32"": 1.259148120880127e-06}"
FP32-FINAL-CPU-BEST-r3,FP32-FINAL-CPU-BEST,3,29,actor_forward_start,0,0,0,5.768864154815674,5.876953125,5.768864154815674,5.876953125,6.2100830078125,5.768864154815674,0.10808897018432617,0,0,35.181209564208984,"{""cuda:torch.float32"": 5.750783920288086}",{},"{""exp_avg:cpu:torch.float32"": 5.750783920288086, ""exp_avg_sq:cpu:torch.float32"": 5.750783920288086, ""step:cpu:torch.float32"": 1.259148120880127e-06}"
FP32-FINAL-CPU-BEST-r3,FP32-FINAL-CPU-BEST,3,29,actor_forward_end,0,0,0,6.344898700714111,6.5859375,6.381992816925049,6.5859375,6.9190673828125,6.344898700714111,0.11799192428588867,0,0,35.181209564208984,"{""cuda:torch.float32"": 5.750783920288086}",{},"{""exp_avg:cpu:torch.float32"": 5.750783920288086, ""exp_avg_sq:cpu:torch.float32"": 5.750783920288086, ""step:cpu:torch.float32"": 1.259148120880127e-06}"
FP32-FINAL-CPU-BEST-r3,FP32-FINAL-CPU-BEST,3,29,actor_backward_end,0,0,0,5.76889181137085,10.11328125,8.377046585083008,10.11328125,10.4464111328125,5.76889181137085,0.10806131362915039,0,0,40.137630462646484,"{""cuda:torch.float32"": 5.750783920288086}",{},"{""exp_avg:cpu:torch.float32"": 5.750783920288086, ""exp_avg_sq:cpu:torch.float32"": 5.750783920288086, ""step:cpu:torch.float32"": 1.259148120880127e-06}"
FP32-FINAL-CPU-BEST-r3,FP32-FINAL-CPU-BEST,3,29,actor_optimizer_start,0,0,,5.768880367279053,10.11328125,8.377046585083008,10.11328125,10.4464111328125,5.768880367279053,0.10807275772094727,0,0,40.137630462646484,"{""cuda:torch.float32"": 5.750783920288086}",{},"{""exp_avg:cpu:torch.float32"": 5.750783920288086, ""exp_avg_sq:cpu:torch.float32"": 5.750783920288086, ""step:cpu:torch.float32"": 1.259148120880127e-06}"
FP32-FINAL-CPU-BEST-r3,FP32-FINAL-CPU-BEST,3,29,actor_optimizer_end,0,0,,5.768880367279053,10.11328125,8.377046585083008,10.11328125,10.4464111328125,5.768880367279053,0.10807275772094727,0,0,35.18125534057617,"{""cuda:torch.float32"": 5.750783920288086}",{},"{""exp_avg:cpu:torch.float32"": 5.750783920288086, ""exp_avg_sq:cpu:torch.float32"": 5.750783920288086, ""step:cpu:torch.float32"": 1.259148120880127e-06}"
FP32-FINAL-CPU-BEST-r3,FP32-FINAL-CPU-BEST,3,29,actor_update_cleanup,,,,5.768880367279053,10.11328125,8.377046585083008,10.11328125,10.4464111328125,5.768880367279053,0.10807275772094727,0,0,35.18125534057617,"{""cuda:torch.float32"": 5.750783920288086}",{},"{""exp_avg:cpu:torch.float32"": 5.750783920288086, ""exp_avg_sq:cpu:torch.float32"": 5.750783920288086, ""step:cpu:torch.float32"": 1.259148120880127e-06}"
FP32-FINAL-CPU-BEST-r3,FP32-FINAL-CPU-BEST,3,30,actor_update_policy_start,,,,5.768864154815674,5.876953125,5.768864154815674,5.876953125,6.2100830078125,5.768864154815674,0.10808897018432617,0,0,35.18137741088867,"{""cuda:torch.float32"": 5.750783920288086}",{},"{""exp_avg:cpu:torch.float32"": 5.750783920288086, ""exp_avg_sq:cpu:torch.float32"": 5.750783920288086, ""step:cpu:torch.float32"": 1.259148120880127e-06}"
FP32-FINAL-CPU-BEST-r3,FP32-FINAL-CPU-BEST,3,30,actor_forward_start,0,0,0,5.768864154815674,5.876953125,5.768864154815674,5.876953125,6.2100830078125,5.768864154815674,0.10808897018432617,0,0,35.18137741088867,"{""cuda:torch.float32"": 5.750783920288086}",{},"{""exp_avg:cpu:torch.float32"": 5.750783920288086, ""exp_avg_sq:cpu:torch.float32"": 5.750783920288086, ""step:cpu:torch.float32"": 1.259148120880127e-06}"
FP32-FINAL-CPU-BEST-r3,FP32-FINAL-CPU-BEST,3,30,actor_forward_end,0,0,0,6.344898700714111,6.5859375,6.381992816925049,6.5859375,6.9190673828125,6.344898700714111,0.11799192428588867,0,0,35.18137741088867,"{""cuda:torch.float32"": 5.750783920288086}",{},"{""exp_avg:cpu:torch.float32"": 5.750783920288086, ""exp_avg_sq:cpu:torch.float32"": 5.750783920288086, ""step:cpu:torch.float32"": 1.259148120880127e-06}"
FP32-FINAL-CPU-BEST-r3,FP32-FINAL-CPU-BEST,3,30,actor_backward_end,0,0,0,5.76889181137085,10.11328125,8.377046585083008,10.11328125,10.4464111328125,5.76889181137085,0.10806131362915039,0,0,40.12913131713867,"{""cuda:torch.float32"": 5.750783920288086}",{},"{""exp_avg:cpu:torch.float32"": 5.750783920288086, ""exp_avg_sq:cpu:torch.float32"": 5.750783920288086, ""step:cpu:torch.float32"": 1.259148120880127e-06}"
FP32-FINAL-CPU-BEST-r3,FP32-FINAL-CPU-BEST,3,30,actor_optimizer_start,0,0,,5.768880367279053,10.11328125,8.377046585083008,10.11328125,10.4464111328125,5.768880367279053,0.10807275772094727,0,0,40.12913131713867,"{""cuda:torch.float32"": 5.750783920288086}",{},"{""exp_avg:cpu:torch.float32"": 5.750783920288086, ""exp_avg_sq:cpu:torch.float32"": 5.750783920288086, ""step:cpu:torch.float32"": 1.259148120880127e-06}"
FP32-FINAL-CPU-BEST-r3,FP32-FINAL-CPU-BEST,3,30,actor_optimizer_end,0,0,,5.768880367279053,10.11328125,8.377046585083008,10.11328125,10.4464111328125,5.768880367279053,0.10807275772094727,0,0,35.1815299987793,"{""cuda:torch.float32"": 5.750783920288086}",{},"{""exp_avg:cpu:torch.float32"": 5.750783920288086, ""exp_avg_sq:cpu:torch.float32"": 5.750783920288086, ""step:cpu:torch.float32"": 1.259148120880127e-06}"
FP32-FINAL-CPU-BEST-r3,FP32-FINAL-CPU-BEST,3,30,actor_update_cleanup,,,,5.768880367279053,10.11328125,8.377046585083008,10.11328125,10.4464111328125,5.768880367279053,0.10807275772094727,0,0,35.1815299987793,"{""cuda:torch.float32"": 5.750783920288086}",{},"{""exp_avg:cpu:torch.float32"": 5.750783920288086, ""exp_avg_sq:cpu:torch.float32"": 5.750783920288086, ""step:cpu:torch.float32"": 1.259148120880127e-06}"
FP32-FINAL-CPU-BEST-r3,FP32-FINAL-CPU-BEST,3,31,actor_update_policy_start,,,,5.768864154815674,5.876953125,5.768864154815674,5.876953125,6.2100830078125,5.768864154815674,0.10808897018432617,0,0,35.1815299987793,"{""cuda:torch.float32"": 5.750783920288086}",{},"{""exp_avg:cpu:torch.float32"": 5.750783920288086, ""exp_avg_sq:cpu:torch.float32"": 5.750783920288086, ""step:cpu:torch.float32"": 1.259148120880127e-06}"
FP32-FINAL-CPU-BEST-r3,FP32-FINAL-CPU-BEST,3,31,actor_forward_start,0,0,0,5.768864154815674,5.876953125,5.768864154815674,5.876953125,6.2100830078125,5.768864154815674,0.10808897018432617,0,0,35.1815299987793,"{""cuda:torch.float32"": 5.750783920288086}",{},"{""exp_avg:cpu:torch.float32"": 5.750783920288086, ""exp_avg_sq:cpu:torch.float32"": 5.750783920288086, ""step:cpu:torch.float32"": 1.259148120880127e-06}"
FP32-FINAL-CPU-BEST-r3,FP32-FINAL-CPU-BEST,3,31,actor_forward_end,0,0,0,6.344898700714111,6.5859375,6.381992816925049,6.5859375,6.9190673828125,6.344898700714111,0.11799192428588867,0,0,35.1815299987793,"{""cuda:torch.float32"": 5.750783920288086}",{},"{""exp_avg:cpu:torch.float32"": 5.750783920288086, ""exp_avg_sq:cpu:torch.float32"": 5.750783920288086, ""step:cpu:torch.float32"": 1.259148120880127e-06}"
FP32-FINAL-CPU-BEST-r3,FP32-FINAL-CPU-BEST,3,31,actor_backward_end,0,0,0,5.76889181137085,10.11328125,8.377046585083008,10.11328125,10.4464111328125,5.76889181137085,0.10806131362915039,0,0,40.142032623291016,"{""cuda:torch.float32"": 5.750783920288086}",{},"{""exp_avg:cpu:torch.float32"": 5.750783920288086, ""exp_avg_sq:cpu:torch.float32"": 5.750783920288086, ""step:cpu:torch.float32"": 1.259148120880127e-06}"
FP32-FINAL-CPU-BEST-r3,FP32-FINAL-CPU-BEST,3,31,actor_optimizer_start,0,0,,5.768880367279053,10.11328125,8.377046585083008,10.11328125,10.4464111328125,5.768880367279053,0.10807275772094727,0,0,40.142032623291016,"{""cuda:torch.float32"": 5.750783920288086}",{},"{""exp_avg:cpu:torch.float32"": 5.750783920288086, ""exp_avg_sq:cpu:torch.float32"": 5.750783920288086, ""step:cpu:torch.float32"": 1.259148120880127e-06}"
FP32-FINAL-CPU-BEST-r3,FP32-FINAL-CPU-BEST,3,31,actor_optimizer_end,0,0,,5.768880367279053,10.11328125,8.377046585083008,10.11328125,10.4464111328125,5.768880367279053,0.10807275772094727,0,0,35.238502502441406,"{""cuda:torch.float32"": 5.750783920288086}",{},"{""exp_avg:cpu:torch.float32"": 5.750783920288086, ""exp_avg_sq:cpu:torch.float32"": 5.750783920288086, ""step:cpu:torch.float32"": 1.259148120880127e-06}"
FP32-FINAL-CPU-BEST-r3,FP32-FINAL-CPU-BEST,3,31,actor_update_cleanup,,,,5.768880367279053,10.11328125,8.377046585083008,10.11328125,10.4464111328125,5.768880367279053,0.10807275772094727,0,0,35.238502502441406,"{""cuda:torch.float32"": 5.750783920288086}",{},"{""exp_avg:cpu:torch.float32"": 5.750783920288086, ""exp_avg_sq:cpu:torch.float32"": 5.750783920288086, ""step:cpu:torch.float32"": 1.259148120880127e-06}"
FP32-FINAL-CPU-BEST-r3,FP32-FINAL-CPU-BEST,3,32,actor_update_policy_start,,,,5.768864154815674,5.876953125,5.768864154815674,5.876953125,6.2100830078125,5.768864154815674,0.10808897018432617,0,0,35.238502502441406,"{""cuda:torch.float32"": 5.750783920288086}",{},"{""exp_avg:cpu:torch.float32"": 5.750783920288086, ""exp_avg_sq:cpu:torch.float32"": 5.750783920288086, ""step:cpu:torch.float32"": 1.259148120880127e-06}"
FP32-FINAL-CPU-BEST-r3,FP32-FINAL-CPU-BEST,3,32,actor_forward_start,0,0,0,5.768864154815674,5.876953125,5.768864154815674,5.876953125,6.2100830078125,5.768864154815674,0.10808897018432617,0,0,35.238502502441406,"{""cuda:torch.float32"": 5.750783920288086}",{},"{""exp_avg:cpu:torch.float32"": 5.750783920288086, ""exp_avg_sq:cpu:torch.float32"": 5.750783920288086, ""step:cpu:torch.float32"": 1.259148120880127e-06}"
FP32-FINAL-CPU-BEST-r3,FP32-FINAL-CPU-BEST,3,32,actor_forward_end,0,0,0,6.344898700714111,6.5859375,6.381992816925049,6.5859375,6.9190673828125,6.344898700714111,0.11799192428588867,0,0,35.238502502441406,"{""cuda:torch.float32"": 5.750783920288086}",{},"{""exp_avg:cpu:torch.float32"": 5.750783920288086, ""exp_avg_sq:cpu:torch.float32"": 5.750783920288086, ""step:cpu:torch.float32"": 1.259148120880127e-06}"
FP32-FINAL-CPU-BEST-r3,FP32-FINAL-CPU-BEST,3,32,actor_backward_end,0,0,0,5.76889181137085,10.11328125,8.377046585083008,10.11328125,10.4464111328125,5.76889181137085,0.10806131362915039,0,0,40.152442932128906,"{""cuda:torch.float32"": 5.750783920288086}",{},"{""exp_avg:cpu:torch.float32"": 5.750783920288086, ""exp_avg_sq:cpu:torch.float32"": 5.750783920288086, ""step:cpu:torch.float32"": 1.259148120880127e-06}"
FP32-FINAL-CPU-BEST-r3,FP32-FINAL-CPU-BEST,3,32,actor_optimizer_start,0,0,,5.768880367279053,10.11328125,8.377046585083008,10.11328125,10.4464111328125,5.768880367279053,0.10807275772094727,0,0,40.152442932128906,"{""cuda:torch.float32"": 5.750783920288086}",{},"{""exp_avg:cpu:torch.float32"": 5.750783920288086, ""exp_avg_sq:cpu:torch.float32"": 5.750783920288086, ""step:cpu:torch.float32"": 1.259148120880127e-06}"
FP32-FINAL-CPU-BEST-r3,FP32-FINAL-CPU-BEST,3,32,actor_optimizer_end,0,0,,5.768880367279053,10.11328125,8.377046585083008,10.11328125,10.4464111328125,5.768880367279053,0.10807275772094727,0,0,35.23856735229492,"{""cuda:torch.float32"": 5.750783920288086}",{},"{""exp_avg:cpu:torch.float32"": 5.750783920288086, ""exp_avg_sq:cpu:torch.float32"": 5.750783920288086, ""step:cpu:torch.float32"": 1.259148120880127e-06}"
FP32-FINAL-CPU-BEST-r3,FP32-FINAL-CPU-BEST,3,32,actor_update_cleanup,,,,5.768880367279053,10.11328125,8.377046585083008,10.11328125,10.4464111328125,5.768880367279053,0.10807275772094727,0,0,35.23856735229492,"{""cuda:torch.float32"": 5.750783920288086}",{},"{""exp_avg:cpu:torch.float32"": 5.750783920288086, ""exp_avg_sq:cpu:torch.float32"": 5.750783920288086, ""step:cpu:torch.float32"": 1.259148120880127e-06}"
