run_id,config_id,repeat,status,ref_param,actor_optimizer,cpu_optimizer,activation,actor_param,step,measured,phase,phase_complete,phase_duration_s,snapshot_count,start_tag,end_tag,start_gpu_allocated_gb,end_gpu_allocated_gb,peak_gpu_allocated_gb,end_minus_start_gpu_allocated_gb,start_gpu_reserved_gb,end_gpu_reserved_gb,peak_gpu_reserved_gb,end_minus_start_gpu_reserved_gb,start_gpu_device_used_gb,end_gpu_device_used_gb,peak_gpu_device_used_gb,end_minus_start_gpu_device_used_gb,start_cpu_rss_gb,end_cpu_rss_gb,peak_cpu_rss_gb,end_minus_start_cpu_rss_gb,allocator_peak_allocated_gb,allocator_peak_reserved_gb,allocated_released_from_peak_gb,reserved_released_from_peak_gb
FP32-FINAL-CPU-BEST-r1,FP32-FINAL-CPU-BEST,1,ok,True,False,False,False,True,1,False,actor_log_prob,True,1.096364725381136,2,before_actor_log_prob,after_actor_log_prob,5.760929584503174,0.009913444519042969,5.760929584503174,-5.751016139984131,5.869140625,0.041015625,5.869140625,-5.828125,6.1944580078125,0.3663330078125,6.1944580078125,-5.828125,22.958839416503906,22.961891174316406,22.961891174316406,0.0030517578125,5.944553375244141,6.07421875,5.934639930725098,6.033203125
FP32-FINAL-CPU-BEST-r1,FP32-FINAL-CPU-BEST,1,ok,True,False,False,False,True,1,False,actor_update,True,23.907413084059954,11,before_actor_load,after_actor_offload,0.0098876953125,0.017822265625,6.336964130401611,0.0079345703125,0.041015625,0.06640625,10.10546875,0.025390625,0.3663330078125,0.3995361328125,10.4385986328125,0.033203125,22.962135314941406,34.899898529052734,34.899898529052734,11.937763214111328,8.377046585083008,10.10546875,8.359224319458008,10.0390625
FP32-FINAL-CPU-BEST-r1,FP32-FINAL-CPU-BEST,1,ok,True,False,False,False,True,1,False,reference_log_prob,True,1.630589783191681,4,before_reference_log_prob,after_reference_offload,0.0098876953125,0.009913444519042969,5.760955333709717,2.574920654296875e-05,0.041015625,0.041015625,6.037109375,0.0,0.3663330078125,0.3663330078125,6.3624267578125,0.0,22.962013244628906,22.962135314941406,22.962135314941406,0.0001220703125,5.907443523406982,6.037109375,5.8975300788879395,5.99609375
FP32-FINAL-CPU-BEST-r1,FP32-FINAL-CPU-BEST,1,ok,True,False,False,False,True,1,False,rollout,True,5.141944278031588,3,before_rollout,after_rollout_cleanup,0.0019588470458984375,5.760935306549072,5.760958194732666,5.758976459503174,0.021484375,5.869140625,5.892578125,5.84765625,0.2315673828125,6.1944580078125,6.1944580078125,5.962890625,22.77129364013672,22.958473205566406,22.958473205566406,0.1871795654296875,5.806488513946533,5.93359375,0.04555320739746094,0.064453125
FP32-FINAL-CPU-BEST-r1,FP32-FINAL-CPU-BEST,1,ok,True,False,False,False,True,2,False,actor_log_prob,True,1.0911767818033695,2,before_actor_log_prob,after_actor_log_prob,5.768864154815674,0.01784801483154297,5.768864154815674,-5.751016139984131,5.876953125,0.068359375,5.876953125,-5.80859375,6.2100830078125,0.4014892578125,6.2100830078125,-5.80859375,34.899898529052734,34.899898529052734,34.899898529052734,0.0,5.952487945556641,6.08203125,5.934639930725098,6.013671875
FP32-FINAL-CPU-BEST-r1,FP32-FINAL-CPU-BEST,1,ok,True,False,False,False,True,2,False,actor_update,True,18.975113220512867,11,before_actor_load,after_actor_offload,0.017822265625,0.017822265625,6.344898700714111,0.0,0.068359375,0.06640625,10.11328125,-0.001953125,0.4014892578125,0.3995361328125,10.4464111328125,-0.001953125,34.900020599365234,34.92704772949219,40.173824310302734,0.027027130126953125,8.377046585083008,10.11328125,8.359224319458008,10.046875
FP32-FINAL-CPU-BEST-r1,FP32-FINAL-CPU-BEST,1,ok,True,False,False,False,True,2,False,reference_log_prob,True,1.5955313630402088,4,before_reference_log_prob,after_reference_offload,0.017822265625,0.01784801483154297,5.768889904022217,2.574920654296875e-05,0.068359375,0.068359375,6.044921875,0.0,0.4014892578125,0.4014892578125,6.3780517578125,0.0,34.899898529052734,34.899898529052734,34.899898529052734,0.0,5.915378093719482,6.044921875,5.8975300788879395,5.9765625
FP32-FINAL-CPU-BEST-r1,FP32-FINAL-CPU-BEST,1,ok,True,False,False,False,True,2,False,rollout,True,4.989660799503326,3,before_rollout,after_rollout_cleanup,0.017827987670898438,5.768869876861572,5.768892765045166,5.751041889190674,0.068359375,5.876953125,5.900390625,5.80859375,0.4014892578125,6.2100830078125,6.2335205078125,5.80859375,34.899898529052734,34.899898529052734,34.899898529052734,0.0,5.814423084259033,5.94140625,0.04555320739746094,0.064453125
FP32-FINAL-CPU-BEST-r1,FP32-FINAL-CPU-BEST,1,ok,True,False,False,False,True,3,True,actor_log_prob,True,1.0946226865053177,2,before_actor_log_prob,after_actor_log_prob,5.768864154815674,0.01784801483154297,5.768864154815674,-5.751016139984131,5.876953125,0.068359375,5.876953125,-5.80859375,6.2100830078125,0.4014892578125,6.2100830078125,-5.80859375,34.92704772949219,34.92704772949219,34.92704772949219,0.0,5.952487945556641,6.08203125,5.934639930725098,6.013671875
FP32-FINAL-CPU-BEST-r1,FP32-FINAL-CPU-BEST,1,ok,True,False,False,False,True,3,True,actor_update,True,18.434431098401546,11,before_actor_load,after_actor_offload,0.017822265625,0.017822265625,6.344898700714111,0.0,0.068359375,0.06640625,10.11328125,-0.001953125,0.4014892578125,0.3995361328125,10.4464111328125,-0.001953125,34.92704772949219,34.927574157714844,40.19169616699219,0.00052642822265625,8.377046585083008,10.11328125,8.359224319458008,10.046875
FP32-FINAL-CPU-BEST-r1,FP32-FINAL-CPU-BEST,1,ok,True,False,False,False,True,3,True,reference_log_prob,True,1.6124290972948074,4,before_reference_log_prob,after_reference_offload,0.017822265625,0.01784801483154297,5.768889904022217,2.574920654296875e-05,0.068359375,0.068359375,6.044921875,0.0,0.4014892578125,0.4014892578125,6.3780517578125,0.0,34.92704772949219,34.92704772949219,34.92704772949219,0.0,5.915378093719482,6.044921875,5.8975300788879395,5.9765625
FP32-FINAL-CPU-BEST-r1,FP32-FINAL-CPU-BEST,1,ok,True,False,False,False,True,3,True,rollout,True,4.998789668083191,3,before_rollout,after_rollout_cleanup,0.017827987670898438,5.768869876861572,5.768892765045166,5.751041889190674,0.068359375,5.876953125,5.900390625,5.80859375,0.4014892578125,6.2100830078125,6.2335205078125,5.80859375,34.92704772949219,34.92704772949219,34.92704772949219,0.0,5.814423084259033,5.94140625,0.04555320739746094,0.064453125
FP32-FINAL-CPU-BEST-r1,FP32-FINAL-CPU-BEST,1,ok,True,False,False,False,True,4,True,actor_log_prob,True,1.1112277694046497,2,before_actor_log_prob,after_actor_log_prob,5.768864154815674,0.01784801483154297,5.768864154815674,-5.751016139984131,5.876953125,0.068359375,5.876953125,-5.80859375,6.2100830078125,0.4014892578125,6.2100830078125,-5.80859375,34.927696228027344,34.927696228027344,34.927696228027344,0.0,5.952487945556641,6.08203125,5.934639930725098,6.013671875
FP32-FINAL-CPU-BEST-r1,FP32-FINAL-CPU-BEST,1,ok,True,False,False,False,True,4,True,actor_update,True,18.1780346930027,11,before_actor_load,after_actor_offload,0.017822265625,0.017822265625,6.344898700714111,0.0,0.068359375,0.06640625,10.11328125,-0.001953125,0.4014892578125,0.3995361328125,10.4464111328125,-0.001953125,34.927696228027344,34.98971939086914,40.183433532714844,0.062023162841796875,8.377046585083008,10.11328125,8.359224319458008,10.046875
FP32-FINAL-CPU-BEST-r1,FP32-FINAL-CPU-BEST,1,ok,True,False,False,False,True,4,True,reference_log_prob,True,1.6063317768275738,4,before_reference_log_prob,after_reference_offload,0.017822265625,0.01784801483154297,5.768889904022217,2.574920654296875e-05,0.068359375,0.068359375,6.044921875,0.0,0.4014892578125,0.4014892578125,6.3780517578125,0.0,34.927696228027344,34.927696228027344,34.927696228027344,0.0,5.915378093719482,6.044921875,5.8975300788879395,5.9765625
FP32-FINAL-CPU-BEST-r1,FP32-FINAL-CPU-BEST,1,ok,True,False,False,False,True,4,True,rollout,True,5.054702498018742,3,before_rollout,after_rollout_cleanup,0.017827987670898438,5.768869876861572,5.768892765045166,5.751041889190674,0.068359375,5.876953125,5.900390625,5.80859375,0.4014892578125,6.2100830078125,6.2335205078125,5.80859375,34.927574157714844,34.927574157714844,34.927574157714844,0.0,5.814423084259033,5.94140625,0.04555320739746094,0.064453125
FP32-FINAL-CPU-BEST-r1,FP32-FINAL-CPU-BEST,1,ok,True,False,False,False,True,5,True,actor_log_prob,True,1.0971171781420708,2,before_actor_log_prob,after_actor_log_prob,5.768864154815674,0.01784801483154297,5.768864154815674,-5.751016139984131,5.876953125,0.068359375,5.876953125,-5.80859375,6.2100830078125,0.4014892578125,6.2100830078125,-5.80859375,34.98984146118164,34.98984146118164,34.98984146118164,0.0,5.952487945556641,6.08203125,5.934639930725098,6.013671875
FP32-FINAL-CPU-BEST-r1,FP32-FINAL-CPU-BEST,1,ok,True,False,False,False,True,5,True,actor_update,True,18.13764863461256,11,before_actor_load,after_actor_offload,0.017822265625,0.017822265625,6.344898700714111,0.0,0.068359375,0.06640625,10.11328125,-0.001953125,0.4014892578125,0.3995361328125,10.4464111328125,-0.001953125,34.98984146118164,34.91991424560547,40.15903091430664,-0.06992721557617188,8.377046585083008,10.11328125,8.359224319458008,10.046875
FP32-FINAL-CPU-BEST-r1,FP32-FINAL-CPU-BEST,1,ok,True,False,False,False,True,5,True,reference_log_prob,True,1.6088823787868023,4,before_reference_log_prob,after_reference_offload,0.017822265625,0.01784801483154297,5.768889904022217,2.574920654296875e-05,0.068359375,0.068359375,6.044921875,0.0,0.4014892578125,0.4014892578125,6.3780517578125,0.0,34.98984146118164,34.98984146118164,34.98984146118164,0.0,5.915378093719482,6.044921875,5.8975300788879395,5.9765625
FP32-FINAL-CPU-BEST-r1,FP32-FINAL-CPU-BEST,1,ok,True,False,False,False,True,5,True,rollout,True,5.005866050720215,3,before_rollout,after_rollout_cleanup,0.017827987670898438,5.768869876861572,5.768892765045166,5.751041889190674,0.068359375,5.876953125,5.900390625,5.80859375,0.4014892578125,6.2100830078125,6.2335205078125,5.80859375,34.98984146118164,34.98984146118164,34.98984146118164,0.0,5.814423084259033,5.94140625,0.04555320739746094,0.064453125
FP32-FINAL-CPU-BEST-r1,FP32-FINAL-CPU-BEST,1,ok,True,False,False,False,True,6,True,actor_log_prob,True,1.1063732206821442,2,before_actor_log_prob,after_actor_log_prob,5.768864154815674,0.01784801483154297,5.768864154815674,-5.751016139984131,5.876953125,0.068359375,5.876953125,-5.80859375,6.2100830078125,0.4014892578125,6.2100830078125,-5.80859375,34.92003631591797,34.92003631591797,34.92003631591797,0.0,5.952487945556641,6.08203125,5.934639930725098,6.013671875
FP32-FINAL-CPU-BEST-r1,FP32-FINAL-CPU-BEST,1,ok,True,False,False,False,True,6,True,actor_update,True,18.16777440905571,11,before_actor_load,after_actor_offload,0.017822265625,0.017822265625,6.344898700714111,0.0,0.068359375,0.06640625,10.11328125,-0.001953125,0.4014892578125,0.3995361328125,10.4464111328125,-0.001953125,34.92003631591797,34.99056625366211,40.19310760498047,0.07052993774414062,8.377046585083008,10.11328125,8.359224319458008,10.046875
FP32-FINAL-CPU-BEST-r1,FP32-FINAL-CPU-BEST,1,ok,True,False,False,False,True,6,True,reference_log_prob,True,1.6181263215839863,4,before_reference_log_prob,after_reference_offload,0.017822265625,0.01784801483154297,5.768889904022217,2.574920654296875e-05,0.068359375,0.068359375,6.044921875,0.0,0.4014892578125,0.4014892578125,6.3780517578125,0.0,34.92003631591797,34.92003631591797,34.92003631591797,0.0,5.915378093719482,6.044921875,5.8975300788879395,5.9765625
FP32-FINAL-CPU-BEST-r1,FP32-FINAL-CPU-BEST,1,ok,True,False,False,False,True,6,True,rollout,True,5.000637877732515,3,before_rollout,after_rollout_cleanup,0.017827987670898438,5.768869876861572,5.768892765045166,5.751041889190674,0.068359375,5.876953125,5.900390625,5.80859375,0.4014892578125,6.2100830078125,6.2335205078125,5.80859375,34.91991424560547,34.91991424560547,34.91991424560547,0.0,5.814423084259033,5.94140625,0.04555320739746094,0.064453125
FP32-FINAL-CPU-BEST-r1,FP32-FINAL-CPU-BEST,1,ok,True,False,False,False,True,7,True,actor_log_prob,True,1.091242704540491,2,before_actor_log_prob,after_actor_log_prob,5.768864154815674,0.01784801483154297,5.768864154815674,-5.751016139984131,5.876953125,0.068359375,5.876953125,-5.80859375,6.2100830078125,0.4014892578125,6.2100830078125,-5.80859375,34.99056625366211,34.99056625366211,34.99056625366211,0.0,5.952487945556641,6.08203125,5.934639930725098,6.013671875
FP32-FINAL-CPU-BEST-r1,FP32-FINAL-CPU-BEST,1,ok,True,False,False,False,True,7,True,actor_update,True,17.95293541625142,11,before_actor_load,after_actor_offload,0.017822265625,0.017822265625,6.344898700714111,0.0,0.068359375,0.06640625,10.11328125,-0.001953125,0.4014892578125,0.3995361328125,10.4464111328125,-0.001953125,34.99056625366211,34.99115753173828,40.202415466308594,0.000591278076171875,8.377046585083008,10.11328125,8.359224319458008,10.046875
FP32-FINAL-CPU-BEST-r1,FP32-FINAL-CPU-BEST,1,ok,True,False,False,False,True,7,True,reference_log_prob,True,1.6162259578704834,4,before_reference_log_prob,after_reference_offload,0.017822265625,0.01784801483154297,5.768889904022217,2.574920654296875e-05,0.068359375,0.068359375,6.044921875,0.0,0.4014892578125,0.4014892578125,6.3780517578125,0.0,34.99056625366211,34.99056625366211,34.99056625366211,0.0,5.915378093719482,6.044921875,5.8975300788879395,5.9765625
FP32-FINAL-CPU-BEST-r1,FP32-FINAL-CPU-BEST,1,ok,True,False,False,False,True,7,True,rollout,True,5.017451822757721,3,before_rollout,after_rollout_cleanup,0.017827987670898438,5.768869876861572,5.768892765045166,5.751041889190674,0.068359375,5.876953125,5.900390625,5.80859375,0.4014892578125,6.2100830078125,6.2335205078125,5.80859375,34.99056625366211,34.99056625366211,34.99056625366211,0.0,5.814423084259033,5.94140625,0.04555320739746094,0.064453125
FP32-FINAL-CPU-BEST-r1,FP32-FINAL-CPU-BEST,1,ok,True,False,False,False,True,8,True,actor_log_prob,True,1.0947124399244785,2,before_actor_log_prob,after_actor_log_prob,5.768864154815674,0.01784801483154297,5.768864154815674,-5.751016139984131,5.876953125,0.068359375,5.876953125,-5.80859375,6.2100830078125,0.4014892578125,6.2100830078125,-5.80859375,34.99115753173828,34.99115753173828,34.99115753173828,0.0,5.952487945556641,6.08203125,5.934639930725098,6.013671875
FP32-FINAL-CPU-BEST-r1,FP32-FINAL-CPU-BEST,1,ok,True,False,False,False,True,8,True,actor_update,True,18.044945284724236,11,before_actor_load,after_actor_offload,0.017822265625,0.017822265625,6.344898700714111,0.0,0.068359375,0.06640625,10.11328125,-0.001953125,0.4014892578125,0.3995361328125,10.4464111328125,-0.001953125,34.929630279541016,34.991493225097656,40.185245513916016,0.061862945556640625,8.377046585083008,10.11328125,8.359224319458008,10.046875
FP32-FINAL-CPU-BEST-r1,FP32-FINAL-CPU-BEST,1,ok,True,False,False,False,True,8,True,reference_log_prob,True,1.618682362139225,4,before_reference_log_prob,after_reference_offload,0.017822265625,0.01784801483154297,5.768889904022217,2.574920654296875e-05,0.068359375,0.068359375,6.044921875,0.0,0.4014892578125,0.4014892578125,6.3780517578125,0.0,34.929630279541016,34.929630279541016,34.929630279541016,0.0,5.915378093719482,6.044921875,5.8975300788879395,5.9765625
FP32-FINAL-CPU-BEST-r1,FP32-FINAL-CPU-BEST,1,ok,True,False,False,False,True,8,True,rollout,True,4.985874727368355,3,before_rollout,after_rollout_cleanup,0.017827987670898438,5.768869876861572,5.768892765045166,5.751041889190674,0.068359375,5.876953125,5.900390625,5.80859375,0.4014892578125,6.2100830078125,6.2335205078125,5.80859375,34.99115753173828,34.99115753173828,34.99115753173828,0.0,5.814423084259033,5.94140625,0.04555320739746094,0.064453125
FP32-FINAL-CPU-BEST-r1,FP32-FINAL-CPU-BEST,1,ok,True,False,False,False,True,9,True,actor_log_prob,True,1.082887452095747,2,before_actor_log_prob,after_actor_log_prob,5.768864154815674,0.01784801483154297,5.768864154815674,-5.751016139984131,5.876953125,0.068359375,5.876953125,-5.80859375,6.2100830078125,0.4014892578125,6.2100830078125,-5.80859375,34.991493225097656,34.991493225097656,34.991493225097656,0.0,5.952487945556641,6.08203125,5.934639930725098,6.013671875
FP32-FINAL-CPU-BEST-r1,FP32-FINAL-CPU-BEST,1,ok,True,False,False,False,True,9,True,actor_update,True,18.15031909197569,11,before_actor_load,after_actor_offload,0.017822265625,0.017822265625,6.344898700714111,0.0,0.068359375,0.06640625,10.11328125,-0.001953125,0.4014892578125,0.3995361328125,10.4464111328125,-0.001953125,34.991493225097656,34.98323440551758,40.160560607910156,-0.008258819580078125,8.377046585083008,10.11328125,8.359224319458008,10.046875
FP32-FINAL-CPU-BEST-r1,FP32-FINAL-CPU-BEST,1,ok,True,False,False,False,True,9,True,reference_log_prob,True,1.6140383295714855,4,before_reference_log_prob,after_reference_offload,0.017822265625,0.01784801483154297,5.768889904022217,2.574920654296875e-05,0.068359375,0.068359375,6.044921875,0.0,0.4014892578125,0.4014892578125,6.3780517578125,0.0,34.991493225097656,34.991493225097656,34.991493225097656,0.0,5.915378093719482,6.044921875,5.8975300788879395,5.9765625
FP32-FINAL-CPU-BEST-r1,FP32-FINAL-CPU-BEST,1,ok,True,False,False,False,True,9,True,rollout,True,5.077002555131912,3,before_rollout,after_rollout_cleanup,0.017827987670898438,5.768869876861572,5.768892765045166,5.751041889190674,0.068359375,5.876953125,5.900390625,5.80859375,0.4014892578125,6.2100830078125,6.2335205078125,5.80859375,34.991493225097656,34.991493225097656,34.991493225097656,0.0,5.814423084259033,5.94140625,0.04555320739746094,0.064453125
FP32-FINAL-CPU-BEST-r1,FP32-FINAL-CPU-BEST,1,ok,True,False,False,False,True,10,True,actor_log_prob,True,1.131897211074829,2,before_actor_log_prob,after_actor_log_prob,5.768864154815674,0.01784801483154297,5.768864154815674,-5.751016139984131,5.876953125,0.068359375,5.876953125,-5.80859375,6.2100830078125,0.4014892578125,6.2100830078125,-5.80859375,34.98335647583008,34.98335647583008,34.98335647583008,0.0,5.952487945556641,6.08203125,5.934639930725098,6.013671875
FP32-FINAL-CPU-BEST-r1,FP32-FINAL-CPU-BEST,1,ok,True,False,False,False,True,10,True,actor_update,True,17.968465015292168,11,before_actor_load,after_actor_offload,0.017822265625,0.017822265625,6.344898700714111,0.0,0.068359375,0.06640625,10.11328125,-0.001953125,0.4014892578125,0.3995361328125,10.4464111328125,-0.001953125,34.98335647583008,34.93113327026367,40.17024612426758,-0.05222320556640625,8.377046585083008,10.11328125,8.359224319458008,10.046875
FP32-FINAL-CPU-BEST-r1,FP32-FINAL-CPU-BEST,1,ok,True,False,False,False,True,10,True,reference_log_prob,True,1.6140256077051163,4,before_reference_log_prob,after_reference_offload,0.017822265625,0.01784801483154297,5.768889904022217,2.574920654296875e-05,0.068359375,0.068359375,6.044921875,0.0,0.4014892578125,0.4014892578125,6.3780517578125,0.0,34.98335647583008,34.98335647583008,34.98335647583008,0.0,5.915378093719482,6.044921875,5.8975300788879395,5.9765625
FP32-FINAL-CPU-BEST-r1,FP32-FINAL-CPU-BEST,1,ok,True,False,False,False,True,10,True,rollout,True,5.0415005795657635,3,before_rollout,after_rollout_cleanup,0.017827987670898438,5.768869876861572,5.768892765045166,5.751041889190674,0.068359375,5.876953125,5.900390625,5.80859375,0.4014892578125,6.2100830078125,6.2335205078125,5.80859375,34.98323440551758,34.98323440551758,34.98323440551758,0.0,5.814423084259033,5.94140625,0.04555320739746094,0.064453125
FP32-FINAL-CPU-BEST-r1,FP32-FINAL-CPU-BEST,1,ok,True,False,False,False,True,11,True,actor_log_prob,True,1.2533957436680794,2,before_actor_log_prob,after_actor_log_prob,5.768864154815674,0.01784801483154297,5.768864154815674,-5.751016139984131,5.876953125,0.068359375,5.876953125,-5.80859375,6.2100830078125,0.4014892578125,6.2100830078125,-5.80859375,34.93113327026367,34.93113327026367,34.93113327026367,0.0,5.952487945556641,6.08203125,5.934639930725098,6.013671875
FP32-FINAL-CPU-BEST-r1,FP32-FINAL-CPU-BEST,1,ok,True,False,False,False,True,11,True,actor_update,True,18.016462221741676,11,before_actor_load,after_actor_offload,0.017822265625,0.017822265625,6.344898700714111,0.0,0.068359375,0.06640625,10.11328125,-0.001953125,0.4014892578125,0.3995361328125,10.4464111328125,-0.001953125,34.93113327026367,34.93114471435547,40.17795944213867,1.1444091796875e-05,8.377046585083008,10.11328125,8.359224319458008,10.046875
FP32-FINAL-CPU-BEST-r1,FP32-FINAL-CPU-BEST,1,ok,True,False,False,False,True,11,True,reference_log_prob,True,1.6111309565603733,4,before_reference_log_prob,after_reference_offload,0.017822265625,0.01784801483154297,5.768889904022217,2.574920654296875e-05,0.068359375,0.068359375,6.044921875,0.0,0.4014892578125,0.4014892578125,6.3780517578125,0.0,34.93113327026367,34.93113327026367,34.93113327026367,0.0,5.915378093719482,6.044921875,5.8975300788879395,5.9765625
FP32-FINAL-CPU-BEST-r1,FP32-FINAL-CPU-BEST,1,ok,True,False,False,False,True,11,True,rollout,True,5.001965746283531,3,before_rollout,after_rollout_cleanup,0.017827987670898438,5.768869876861572,5.768892765045166,5.751041889190674,0.068359375,5.876953125,5.900390625,5.80859375,0.4014892578125,6.2100830078125,6.2335205078125,5.80859375,34.93113327026367,34.93113327026367,34.93113327026367,0.0,5.814423084259033,5.94140625,0.04555320739746094,0.064453125
FP32-FINAL-CPU-BEST-r1,FP32-FINAL-CPU-BEST,1,ok,True,False,False,False,True,12,True,actor_log_prob,True,1.100290834903717,2,before_actor_log_prob,after_actor_log_prob,5.768864154815674,0.01784801483154297,5.768864154815674,-5.751016139984131,5.876953125,0.068359375,5.876953125,-5.80859375,6.2100830078125,0.4014892578125,6.2100830078125,-5.80859375,34.93114471435547,34.93114471435547,34.93114471435547,0.0,5.952487945556641,6.08203125,5.934639930725098,6.013671875
FP32-FINAL-CPU-BEST-r1,FP32-FINAL-CPU-BEST,1,ok,True,False,False,False,True,12,True,actor_update,True,18.11986856162548,11,before_actor_load,after_actor_offload,0.017822265625,0.017822265625,6.344898700714111,0.0,0.068359375,0.06640625,10.11328125,-0.001953125,0.4014892578125,0.3995361328125,10.4464111328125,-0.001953125,34.93126678466797,34.931278228759766,40.16905975341797,1.1444091796875e-05,8.377046585083008,10.11328125,8.359224319458008,10.046875
FP32-FINAL-CPU-BEST-r1,FP32-FINAL-CPU-BEST,1,ok,True,False,False,False,True,12,True,reference_log_prob,True,1.6021502278745174,4,before_reference_log_prob,after_reference_offload,0.017822265625,0.01784801483154297,5.768889904022217,2.574920654296875e-05,0.068359375,0.068359375,6.044921875,0.0,0.4014892578125,0.4014892578125,6.3780517578125,0.0,34.93114471435547,34.93114471435547,34.93114471435547,0.0,5.915378093719482,6.044921875,5.8975300788879395,5.9765625
FP32-FINAL-CPU-BEST-r1,FP32-FINAL-CPU-BEST,1,ok,True,False,False,False,True,12,True,rollout,True,4.975841868668795,3,before_rollout,after_rollout_cleanup,0.017827987670898438,5.768869876861572,5.768892765045166,5.751041889190674,0.068359375,5.876953125,5.900390625,5.80859375,0.4014892578125,6.2100830078125,6.2335205078125,5.80859375,34.93114471435547,34.93114471435547,34.93114471435547,0.0,5.814423084259033,5.94140625,0.04555320739746094,0.064453125
FP32-FINAL-CPU-BEST-r1,FP32-FINAL-CPU-BEST,1,ok,True,False,False,False,True,13,True,actor_log_prob,True,1.096888430416584,2,before_actor_log_prob,after_actor_log_prob,5.768864154815674,0.01784801483154297,5.768864154815674,-5.751016139984131,5.876953125,0.068359375,5.876953125,-5.80859375,6.2100830078125,0.4014892578125,6.2100830078125,-5.80859375,34.931278228759766,34.931278228759766,34.931278228759766,0.0,5.952487945556641,6.08203125,5.934639930725098,6.013671875
FP32-FINAL-CPU-BEST-r1,FP32-FINAL-CPU-BEST,1,ok,True,False,False,False,True,13,True,actor_update,True,17.896302331238985,11,before_actor_load,after_actor_offload,0.017822265625,0.017822265625,6.344898700714111,0.0,0.068359375,0.06640625,10.11328125,-0.001953125,0.4014892578125,0.3995361328125,10.4464111328125,-0.001953125,34.931400299072266,34.93159103393555,40.169071197509766,0.00019073486328125,8.377046585083008,10.11328125,8.359224319458008,10.046875
FP32-FINAL-CPU-BEST-r1,FP32-FINAL-CPU-BEST,1,ok,True,False,False,False,True,13,True,reference_log_prob,True,1.782480351626873,4,before_reference_log_prob,after_reference_offload,0.017822265625,0.01784801483154297,5.768889904022217,2.574920654296875e-05,0.068359375,0.068359375,6.044921875,0.0,0.4014892578125,0.4014892578125,6.3780517578125,0.0,34.931278228759766,34.931278228759766,34.931278228759766,0.0,5.915378093719482,6.044921875,5.8975300788879395,5.9765625
FP32-FINAL-CPU-BEST-r1,FP32-FINAL-CPU-BEST,1,ok,True,False,False,False,True,13,True,rollout,True,4.998880073428154,3,before_rollout,after_rollout_cleanup,0.017827987670898438,5.768869876861572,5.768892765045166,5.751041889190674,0.068359375,5.876953125,5.900390625,5.80859375,0.4014892578125,6.2100830078125,6.2335205078125,5.80859375,34.931278228759766,34.931278228759766,34.931278228759766,0.0,5.814423084259033,5.94140625,0.04555320739746094,0.064453125
FP32-FINAL-CPU-BEST-r1,FP32-FINAL-CPU-BEST,1,ok,True,False,False,False,True,14,True,actor_log_prob,True,1.0872216895222664,2,before_actor_log_prob,after_actor_log_prob,5.768864154815674,0.01784801483154297,5.768864154815674,-5.751016139984131,5.876953125,0.068359375,5.876953125,-5.80859375,6.2100830078125,0.4014892578125,6.2100830078125,-5.80859375,34.93159103393555,34.93159103393555,34.93159103393555,0.0,5.952487945556641,6.08203125,5.934639930725098,6.013671875
FP32-FINAL-CPU-BEST-r1,FP32-FINAL-CPU-BEST,1,ok,True,False,False,False,True,14,True,actor_update,True,18.05727158114314,11,before_actor_load,after_actor_offload,0.017822265625,0.017822265625,6.344898700714111,0.0,0.068359375,0.06640625,10.11328125,-0.001953125,0.4014892578125,0.3995361328125,10.4464111328125,-0.001953125,34.93159103393555,34.931644439697266,40.16950607299805,5.340576171875e-05,8.377046585083008,10.11328125,8.359224319458008,10.046875
FP32-FINAL-CPU-BEST-r1,FP32-FINAL-CPU-BEST,1,ok,True,False,False,False,True,14,True,reference_log_prob,True,1.6110092662274837,4,before_reference_log_prob,after_reference_offload,0.017822265625,0.01784801483154297,5.768889904022217,2.574920654296875e-05,0.068359375,0.068359375,6.044921875,0.0,0.4014892578125,0.4014892578125,6.3780517578125,0.0,34.93159103393555,34.93159103393555,34.93159103393555,0.0,5.915378093719482,6.044921875,5.8975300788879395,5.9765625
FP32-FINAL-CPU-BEST-r1,FP32-FINAL-CPU-BEST,1,ok,True,False,False,False,True,14,True,rollout,True,4.985562041401863,3,before_rollout,after_rollout_cleanup,0.017827987670898438,5.768869876861572,5.768892765045166,5.751041889190674,0.068359375,5.876953125,5.900390625,5.80859375,0.4014892578125,6.2100830078125,6.2335205078125,5.80859375,34.93159103393555,34.93159103393555,34.93159103393555,0.0,5.814423084259033,5.94140625,0.04555320739746094,0.064453125
FP32-FINAL-CPU-BEST-r1,FP32-FINAL-CPU-BEST,1,ok,True,False,False,False,True,15,True,actor_log_prob,True,1.0926126763224602,2,before_actor_log_prob,after_actor_log_prob,5.768864154815674,0.01784801483154297,5.768864154815674,-5.751016139984131,5.876953125,0.068359375,5.876953125,-5.80859375,6.2100830078125,0.4014892578125,6.2100830078125,-5.80859375,34.931644439697266,34.931644439697266,34.931644439697266,0.0,5.952487945556641,6.08203125,5.934639930725098,6.013671875
FP32-FINAL-CPU-BEST-r1,FP32-FINAL-CPU-BEST,1,ok,True,False,False,False,True,15,True,actor_update,True,17.904532473534346,11,before_actor_load,after_actor_offload,0.017822265625,0.017822265625,6.344898700714111,0.0,0.068359375,0.06640625,10.11328125,-0.001953125,0.4014892578125,0.3995361328125,10.4464111328125,-0.001953125,34.931644439697266,34.931373596191406,40.169071197509766,-0.000270843505859375,8.377046585083008,10.11328125,8.359224319458008,10.046875
FP32-FINAL-CPU-BEST-r1,FP32-FINAL-CPU-BEST,1,ok,True,False,False,False,True,15,True,reference_log_prob,True,1.6166836246848106,4,before_reference_log_prob,after_reference_offload,0.017822265625,0.01784801483154297,5.768889904022217,2.574920654296875e-05,0.068359375,0.068359375,6.044921875,0.0,0.4014892578125,0.4014892578125,6.3780517578125,0.0,34.931644439697266,34.931644439697266,34.931644439697266,0.0,5.915378093719482,6.044921875,5.8975300788879395,5.9765625
FP32-FINAL-CPU-BEST-r1,FP32-FINAL-CPU-BEST,1,ok,True,False,False,False,True,15,True,rollout,True,4.993917502462864,3,before_rollout,after_rollout_cleanup,0.017827987670898438,5.768869876861572,5.768892765045166,5.751041889190674,0.068359375,5.876953125,5.900390625,5.80859375,0.4014892578125,6.2100830078125,6.2335205078125,5.80859375,34.931644439697266,34.931644439697266,34.931644439697266,0.0,5.814423084259033,5.94140625,0.04555320739746094,0.064453125
FP32-FINAL-CPU-BEST-r1,FP32-FINAL-CPU-BEST,1,ok,True,False,False,False,True,16,True,actor_log_prob,True,1.1031371392309666,2,before_actor_log_prob,after_actor_log_prob,5.768864154815674,0.01784801483154297,5.768864154815674,-5.751016139984131,5.876953125,0.068359375,5.876953125,-5.80859375,6.2100830078125,0.4014892578125,6.2100830078125,-5.80859375,34.931373596191406,34.931373596191406,34.931373596191406,0.0,5.952487945556641,6.08203125,5.934639930725098,6.013671875
FP32-FINAL-CPU-BEST-r1,FP32-FINAL-CPU-BEST,1,ok,True,False,False,False,True,16,True,actor_update,True,18.053935047239065,11,before_actor_load,after_actor_offload,0.017822265625,0.017822265625,6.344898700714111,0.0,0.068359375,0.06640625,10.11328125,-0.001953125,0.4014892578125,0.3995361328125,10.4464111328125,-0.001953125,34.931373596191406,34.931697845458984,40.169166564941406,0.000324249267578125,8.377046585083008,10.11328125,8.359224319458008,10.046875
FP32-FINAL-CPU-BEST-r1,FP32-FINAL-CPU-BEST,1,ok,True,False,False,False,True,16,True,reference_log_prob,True,1.611596591770649,4,before_reference_log_prob,after_reference_offload,0.017822265625,0.01784801483154297,5.768889904022217,2.574920654296875e-05,0.068359375,0.068359375,6.044921875,0.0,0.4014892578125,0.4014892578125,6.3780517578125,0.0,34.931373596191406,34.931373596191406,34.931373596191406,0.0,5.915378093719482,6.044921875,5.8975300788879395,5.9765625
FP32-FINAL-CPU-BEST-r1,FP32-FINAL-CPU-BEST,1,ok,True,False,False,False,True,16,True,rollout,True,4.985378883779049,3,before_rollout,after_rollout_cleanup,0.017827987670898438,5.768869876861572,5.768892765045166,5.751041889190674,0.068359375,5.876953125,5.900390625,5.80859375,0.4014892578125,6.2100830078125,6.2335205078125,5.80859375,34.931373596191406,34.931373596191406,34.931373596191406,0.0,5.814423084259033,5.94140625,0.04555320739746094,0.064453125
FP32-FINAL-CPU-BEST-r1,FP32-FINAL-CPU-BEST,1,ok,True,False,False,False,True,17,True,actor_log_prob,True,1.0929692909121513,2,before_actor_log_prob,after_actor_log_prob,5.768864154815674,0.01784801483154297,5.768864154815674,-5.751016139984131,5.876953125,0.068359375,5.876953125,-5.80859375,6.2100830078125,0.4014892578125,6.2100830078125,-5.80859375,34.931697845458984,34.931697845458984,34.931697845458984,0.0,5.952487945556641,6.08203125,5.934639930725098,6.013671875
FP32-FINAL-CPU-BEST-r1,FP32-FINAL-CPU-BEST,1,ok,True,False,False,False,True,17,True,actor_update,True,18.063775185495615,11,before_actor_load,after_actor_offload,0.017822265625,0.017822265625,6.344898700714111,0.0,0.068359375,0.06640625,10.11328125,-0.001953125,0.4014892578125,0.3995361328125,10.4464111328125,-0.001953125,34.931697845458984,34.931907653808594,40.169368743896484,0.000209808349609375,8.377046585083008,10.11328125,8.359224319458008,10.046875
FP32-FINAL-CPU-BEST-r1,FP32-FINAL-CPU-BEST,1,ok,True,False,False,False,True,17,True,reference_log_prob,True,1.6551896184682846,4,before_reference_log_prob,after_reference_offload,0.017822265625,0.01784801483154297,5.768889904022217,2.574920654296875e-05,0.068359375,0.068359375,6.044921875,0.0,0.4014892578125,0.4014892578125,6.3780517578125,0.0,34.931697845458984,34.931697845458984,34.931697845458984,0.0,5.915378093719482,6.044921875,5.8975300788879395,5.9765625
FP32-FINAL-CPU-BEST-r1,FP32-FINAL-CPU-BEST,1,ok,True,False,False,False,True,17,True,rollout,True,5.055292636156082,3,before_rollout,after_rollout_cleanup,0.017827987670898438,5.768869876861572,5.768892765045166,5.751041889190674,0.068359375,5.876953125,5.900390625,5.80859375,0.4014892578125,6.2100830078125,6.2335205078125,5.80859375,34.931697845458984,34.931697845458984,34.931697845458984,0.0,5.814423084259033,5.94140625,0.04555320739746094,0.064453125
FP32-FINAL-CPU-BEST-r1,FP32-FINAL-CPU-BEST,1,ok,True,False,False,False,True,18,True,actor_log_prob,True,1.0945034697651863,2,before_actor_log_prob,after_actor_log_prob,5.768864154815674,0.01784801483154297,5.768864154815674,-5.751016139984131,5.876953125,0.068359375,5.876953125,-5.80859375,6.2100830078125,0.4014892578125,6.2100830078125,-5.80859375,34.931907653808594,34.931907653808594,34.931907653808594,0.0,5.952487945556641,6.08203125,5.934639930725098,6.013671875
FP32-FINAL-CPU-BEST-r1,FP32-FINAL-CPU-BEST,1,ok,True,False,False,False,True,18,True,actor_update,True,18.057434365153313,11,before_actor_load,after_actor_offload,0.017822265625,0.017822265625,6.344898700714111,0.0,0.068359375,0.06640625,10.11328125,-0.001953125,0.4014892578125,0.3995361328125,10.4464111328125,-0.001953125,34.931907653808594,34.9316520690918,40.178245544433594,-0.000255584716796875,8.377046585083008,10.11328125,8.359224319458008,10.046875
FP32-FINAL-CPU-BEST-r1,FP32-FINAL-CPU-BEST,1,ok,True,False,False,False,True,18,True,reference_log_prob,True,1.616753276437521,4,before_reference_log_prob,after_reference_offload,0.017822265625,0.01784801483154297,5.768889904022217,2.574920654296875e-05,0.068359375,0.068359375,6.044921875,0.0,0.4014892578125,0.4014892578125,6.3780517578125,0.0,34.931907653808594,34.931907653808594,34.931907653808594,0.0,5.915378093719482,6.044921875,5.8975300788879395,5.9765625
FP32-FINAL-CPU-BEST-r1,FP32-FINAL-CPU-BEST,1,ok,True,False,False,False,True,18,True,rollout,True,5.031495820730925,3,before_rollout,after_rollout_cleanup,0.017827987670898438,5.768869876861572,5.768892765045166,5.751041889190674,0.068359375,5.876953125,5.900390625,5.80859375,0.4014892578125,6.2100830078125,6.2335205078125,5.80859375,34.931907653808594,34.931907653808594,34.931907653808594,0.0,5.814423084259033,5.94140625,0.04555320739746094,0.064453125
FP32-FINAL-CPU-BEST-r1,FP32-FINAL-CPU-BEST,1,ok,True,False,False,False,True,19,True,actor_log_prob,True,1.0970810875296593,2,before_actor_log_prob,after_actor_log_prob,5.768864154815674,0.01784801483154297,5.768864154815674,-5.751016139984131,5.876953125,0.068359375,5.876953125,-5.80859375,6.2100830078125,0.4014892578125,6.2100830078125,-5.80859375,34.9316520690918,34.9316520690918,34.9316520690918,0.0,5.952487945556641,6.08203125,5.934639930725098,6.013671875
FP32-FINAL-CPU-BEST-r1,FP32-FINAL-CPU-BEST,1,ok,True,False,False,False,True,19,True,actor_update,True,17.983239885419607,11,before_actor_load,after_actor_offload,0.017822265625,0.017822265625,6.344898700714111,0.0,0.068359375,0.06640625,10.11328125,-0.001953125,0.4014892578125,0.3995361328125,10.4464111328125,-0.001953125,34.9316520690918,34.931949615478516,40.1695671081543,0.00029754638671875,8.377046585083008,10.11328125,8.359224319458008,10.046875
FP32-FINAL-CPU-BEST-r1,FP32-FINAL-CPU-BEST,1,ok,True,False,False,False,True,19,True,reference_log_prob,True,1.6127930656075478,4,before_reference_log_prob,after_reference_offload,0.017822265625,0.01784801483154297,5.768889904022217,2.574920654296875e-05,0.068359375,0.068359375,6.044921875,0.0,0.4014892578125,0.4014892578125,6.3780517578125,0.0,34.9316520690918,34.9316520690918,34.9316520690918,0.0,5.915378093719482,6.044921875,5.8975300788879395,5.9765625
FP32-FINAL-CPU-BEST-r1,FP32-FINAL-CPU-BEST,1,ok,True,False,False,False,True,19,True,rollout,True,5.090277042239904,3,before_rollout,after_rollout_cleanup,0.017827987670898438,5.768869876861572,5.768892765045166,5.751041889190674,0.068359375,5.876953125,5.900390625,5.80859375,0.4014892578125,6.2100830078125,6.2335205078125,5.80859375,34.9316520690918,34.9316520690918,34.9316520690918,0.0,5.814423084259033,5.94140625,0.04555320739746094,0.064453125
FP32-FINAL-CPU-BEST-r1,FP32-FINAL-CPU-BEST,1,ok,True,False,False,False,True,20,True,actor_log_prob,True,1.0876968242228031,2,before_actor_log_prob,after_actor_log_prob,5.768864154815674,0.01784801483154297,5.768864154815674,-5.751016139984131,5.876953125,0.068359375,5.876953125,-5.80859375,6.2100830078125,0.4014892578125,6.2100830078125,-5.80859375,34.931949615478516,34.931949615478516,34.931949615478516,0.0,5.952487945556641,6.08203125,5.934639930725098,6.013671875
FP32-FINAL-CPU-BEST-r1,FP32-FINAL-CPU-BEST,1,ok,True,False,False,False,True,20,True,actor_update,True,18.130743976682425,11,before_actor_load,after_actor_offload,0.017822265625,0.017822265625,6.344898700714111,0.0,0.068359375,0.06640625,10.11328125,-0.001953125,0.4014892578125,0.3995361328125,10.4464111328125,-0.001953125,34.931949615478516,34.931758880615234,40.169498443603516,-0.00019073486328125,8.377046585083008,10.11328125,8.359224319458008,10.046875
FP32-FINAL-CPU-BEST-r1,FP32-FINAL-CPU-BEST,1,ok,True,False,False,False,True,20,True,reference_log_prob,True,1.6122913360595703,4,before_reference_log_prob,after_reference_offload,0.017822265625,0.01784801483154297,5.768889904022217,2.574920654296875e-05,0.068359375,0.068359375,6.044921875,0.0,0.4014892578125,0.4014892578125,6.3780517578125,0.0,34.931949615478516,34.931949615478516,34.931949615478516,0.0,5.915378093719482,6.044921875,5.8975300788879395,5.9765625
FP32-FINAL-CPU-BEST-r1,FP32-FINAL-CPU-BEST,1,ok,True,False,False,False,True,20,True,rollout,True,4.982211139053106,3,before_rollout,after_rollout_cleanup,0.017827987670898438,5.768869876861572,5.768892765045166,5.751041889190674,0.068359375,5.876953125,5.900390625,5.80859375,0.4014892578125,6.2100830078125,6.2335205078125,5.80859375,34.931949615478516,34.931949615478516,34.931949615478516,0.0,5.814423084259033,5.94140625,0.04555320739746094,0.064453125
FP32-FINAL-CPU-BEST-r1,FP32-FINAL-CPU-BEST,1,ok,True,False,False,False,True,21,True,actor_log_prob,True,1.1002202481031418,2,before_actor_log_prob,after_actor_log_prob,5.768864154815674,0.01784801483154297,5.768864154815674,-5.751016139984131,5.876953125,0.068359375,5.876953125,-5.80859375,6.2100830078125,0.4014892578125,6.2100830078125,-5.80859375,34.931880950927734,34.931880950927734,34.931880950927734,0.0,5.952487945556641,6.08203125,5.934639930725098,6.013671875
FP32-FINAL-CPU-BEST-r1,FP32-FINAL-CPU-BEST,1,ok,True,False,False,False,True,21,True,actor_update,True,17.99703397229314,11,before_actor_load,after_actor_offload,0.017822265625,0.017822265625,6.344898700714111,0.0,0.068359375,0.06640625,10.11328125,-0.001953125,0.4014892578125,0.3995361328125,10.4464111328125,-0.001953125,34.931880950927734,34.9318733215332,40.187129974365234,-7.62939453125e-06,8.377046585083008,10.11328125,8.359224319458008,10.046875
FP32-FINAL-CPU-BEST-r1,FP32-FINAL-CPU-BEST,1,ok,True,False,False,False,True,21,True,reference_log_prob,True,1.6107280142605305,4,before_reference_log_prob,after_reference_offload,0.017822265625,0.01784801483154297,5.768889904022217,2.574920654296875e-05,0.068359375,0.068359375,6.044921875,0.0,0.4014892578125,0.4014892578125,6.3780517578125,0.0,34.931880950927734,34.931880950927734,34.931880950927734,0.0,5.915378093719482,6.044921875,5.8975300788879395,5.9765625
FP32-FINAL-CPU-BEST-r1,FP32-FINAL-CPU-BEST,1,ok,True,False,False,False,True,21,True,rollout,True,4.9889323599636555,3,before_rollout,after_rollout_cleanup,0.017827987670898438,5.768869876861572,5.768892765045166,5.751041889190674,0.068359375,5.876953125,5.900390625,5.80859375,0.4014892578125,6.2100830078125,6.2335205078125,5.80859375,34.931758880615234,34.931758880615234,34.931758880615234,0.0,5.814423084259033,5.94140625,0.04555320739746094,0.064453125
FP32-FINAL-CPU-BEST-r1,FP32-FINAL-CPU-BEST,1,ok,True,False,False,False,True,22,True,actor_log_prob,True,1.0859442688524723,2,before_actor_log_prob,after_actor_log_prob,5.768864154815674,0.01784801483154297,5.768864154815674,-5.751016139984131,5.876953125,0.068359375,5.876953125,-5.80859375,6.2100830078125,0.4014892578125,6.2100830078125,-5.80859375,34.9318733215332,34.9318733215332,34.9318733215332,0.0,5.952487945556641,6.08203125,5.934639930725098,6.013671875
FP32-FINAL-CPU-BEST-r1,FP32-FINAL-CPU-BEST,1,ok,True,False,False,False,True,22,True,actor_update,True,18.05195865780115,11,before_actor_load,after_actor_offload,0.017822265625,0.017822265625,6.344898700714111,0.0,0.068359375,0.06640625,10.11328125,-0.001953125,0.4014892578125,0.3995361328125,10.4464111328125,-0.001953125,34.9318733215332,34.931983947753906,40.1784553527832,0.000110626220703125,8.377046585083008,10.11328125,8.359224319458008,10.046875
FP32-FINAL-CPU-BEST-r1,FP32-FINAL-CPU-BEST,1,ok,True,False,False,False,True,22,True,reference_log_prob,True,1.617566928267479,4,before_reference_log_prob,after_reference_offload,0.017822265625,0.01784801483154297,5.768889904022217,2.574920654296875e-05,0.068359375,0.068359375,6.044921875,0.0,0.4014892578125,0.4014892578125,6.3780517578125,0.0,34.9318733215332,34.9318733215332,34.9318733215332,0.0,5.915378093719482,6.044921875,5.8975300788879395,5.9765625
FP32-FINAL-CPU-BEST-r1,FP32-FINAL-CPU-BEST,1,ok,True,False,False,False,True,22,True,rollout,True,4.999085068702698,3,before_rollout,after_rollout_cleanup,0.017827987670898438,5.768869876861572,5.768892765045166,5.751041889190674,0.068359375,5.876953125,5.900390625,5.80859375,0.4014892578125,6.2100830078125,6.2335205078125,5.80859375,34.9318733215332,34.9318733215332,34.9318733215332,0.0,5.814423084259033,5.94140625,0.04555320739746094,0.064453125
FP32-FINAL-CPU-BEST-r1,FP32-FINAL-CPU-BEST,1,ok,True,False,False,False,True,23,True,actor_log_prob,True,1.093550056219101,2,before_actor_log_prob,after_actor_log_prob,5.768864154815674,0.01784801483154297,5.768864154815674,-5.751016139984131,5.876953125,0.068359375,5.876953125,-5.80859375,6.2100830078125,0.4014892578125,6.2100830078125,-5.80859375,34.931983947753906,34.931983947753906,34.931983947753906,0.0,5.952487945556641,6.08203125,5.934639930725098,6.013671875
FP32-FINAL-CPU-BEST-r1,FP32-FINAL-CPU-BEST,1,ok,True,False,False,False,True,23,True,actor_update,True,18.11407034099102,11,before_actor_load,after_actor_offload,0.017822265625,0.017822265625,6.344898700714111,0.0,0.068359375,0.06640625,10.11328125,-0.001953125,0.4014892578125,0.3995361328125,10.4464111328125,-0.001953125,34.931983947753906,34.99381637573242,40.169898986816406,0.061832427978515625,8.377046585083008,10.11328125,8.359224319458008,10.046875
FP32-FINAL-CPU-BEST-r1,FP32-FINAL-CPU-BEST,1,ok,True,False,False,False,True,23,True,reference_log_prob,True,1.6238809414207935,4,before_reference_log_prob,after_reference_offload,0.017822265625,0.01784801483154297,5.768889904022217,2.574920654296875e-05,0.068359375,0.068359375,6.044921875,0.0,0.4014892578125,0.4014892578125,6.3780517578125,0.0,34.931983947753906,34.931983947753906,34.931983947753906,0.0,5.915378093719482,6.044921875,5.8975300788879395,5.9765625
FP32-FINAL-CPU-BEST-r1,FP32-FINAL-CPU-BEST,1,ok,True,False,False,False,True,23,True,rollout,True,5.023217186331749,3,before_rollout,after_rollout_cleanup,0.017827987670898438,5.768869876861572,5.768892765045166,5.751041889190674,0.068359375,5.876953125,5.900390625,5.80859375,0.4014892578125,6.2100830078125,6.2335205078125,5.80859375,34.931983947753906,34.931983947753906,34.931983947753906,0.0,5.814423084259033,5.94140625,0.04555320739746094,0.064453125
FP32-FINAL-CPU-BEST-r1,FP32-FINAL-CPU-BEST,1,ok,True,False,False,False,True,24,True,actor_log_prob,True,1.0995436646044254,2,before_actor_log_prob,after_actor_log_prob,5.768864154815674,0.01784801483154297,5.768864154815674,-5.751016139984131,5.876953125,0.068359375,5.876953125,-5.80859375,6.2100830078125,0.4014892578125,6.2100830078125,-5.80859375,34.99381637573242,34.99381637573242,34.99381637573242,0.0,5.952487945556641,6.08203125,5.934639930725098,6.013671875
FP32-FINAL-CPU-BEST-r1,FP32-FINAL-CPU-BEST,1,ok,True,False,False,False,True,24,True,actor_update,True,17.967960856854916,11,before_actor_load,after_actor_offload,0.017822265625,0.017822265625,6.344898700714111,0.0,0.068359375,0.06640625,10.11328125,-0.001953125,0.4014892578125,0.3995361328125,10.4464111328125,-0.001953125,34.99381637573242,34.92338562011719,40.16251754760742,-0.07043075561523438,8.377046585083008,10.11328125,8.359224319458008,10.046875
FP32-FINAL-CPU-BEST-r1,FP32-FINAL-CPU-BEST,1,ok,True,False,False,False,True,24,True,reference_log_prob,True,1.6146803945302963,4,before_reference_log_prob,after_reference_offload,0.017822265625,0.01784801483154297,5.768889904022217,2.574920654296875e-05,0.068359375,0.068359375,6.044921875,0.0,0.4014892578125,0.4014892578125,6.3780517578125,0.0,34.99381637573242,34.99381637573242,34.99381637573242,0.0,5.915378093719482,6.044921875,5.8975300788879395,5.9765625
FP32-FINAL-CPU-BEST-r1,FP32-FINAL-CPU-BEST,1,ok,True,False,False,False,True,24,True,rollout,True,5.017779596149921,3,before_rollout,after_rollout_cleanup,0.017827987670898438,5.768869876861572,5.768892765045166,5.751041889190674,0.068359375,5.876953125,5.900390625,5.80859375,0.4014892578125,6.2100830078125,6.2335205078125,5.80859375,34.99381637573242,34.99381637573242,34.99381637573242,0.0,5.814423084259033,5.94140625,0.04555320739746094,0.064453125
FP32-FINAL-CPU-BEST-r1,FP32-FINAL-CPU-BEST,1,ok,True,False,False,False,True,25,True,actor_log_prob,True,1.0897584557533264,2,before_actor_log_prob,after_actor_log_prob,5.768864154815674,0.01784801483154297,5.768864154815674,-5.751016139984131,5.876953125,0.068359375,5.876953125,-5.80859375,6.2100830078125,0.4014892578125,6.2100830078125,-5.80859375,34.92338562011719,34.92338562011719,34.92338562011719,0.0,5.952487945556641,6.08203125,5.934639930725098,6.013671875
FP32-FINAL-CPU-BEST-r1,FP32-FINAL-CPU-BEST,1,ok,True,False,False,False,True,25,True,actor_update,True,18.019711323082447,11,before_actor_load,after_actor_offload,0.017822265625,0.017822265625,6.344898700714111,0.0,0.068359375,0.06640625,10.11328125,-0.001953125,0.4014892578125,0.3995361328125,10.4464111328125,-0.001953125,34.92338562011719,34.92314910888672,40.16093444824219,-0.00023651123046875,8.377046585083008,10.11328125,8.359224319458008,10.046875
FP32-FINAL-CPU-BEST-r1,FP32-FINAL-CPU-BEST,1,ok,True,False,False,False,True,25,True,reference_log_prob,True,1.6180309429764748,4,before_reference_log_prob,after_reference_offload,0.017822265625,0.01784801483154297,5.768889904022217,2.574920654296875e-05,0.068359375,0.068359375,6.044921875,0.0,0.4014892578125,0.4014892578125,6.3780517578125,0.0,34.92338562011719,34.92338562011719,34.92338562011719,0.0,5.915378093719482,6.044921875,5.8975300788879395,5.9765625
FP32-FINAL-CPU-BEST-r1,FP32-FINAL-CPU-BEST,1,ok,True,False,False,False,True,25,True,rollout,True,4.992636356502771,3,before_rollout,after_rollout_cleanup,0.017827987670898438,5.768869876861572,5.768892765045166,5.751041889190674,0.068359375,5.876953125,5.900390625,5.80859375,0.4014892578125,6.2100830078125,6.2335205078125,5.80859375,34.92338562011719,34.92338562011719,34.92338562011719,0.0,5.814423084259033,5.94140625,0.04555320739746094,0.064453125
FP32-FINAL-CPU-BEST-r1,FP32-FINAL-CPU-BEST,1,ok,True,False,False,False,True,26,True,actor_log_prob,True,1.103309940546751,2,before_actor_log_prob,after_actor_log_prob,5.768864154815674,0.01784801483154297,5.768864154815674,-5.751016139984131,5.876953125,0.068359375,5.876953125,-5.80859375,6.2100830078125,0.4014892578125,6.2100830078125,-5.80859375,34.92327117919922,34.92327117919922,34.92327117919922,0.0,5.952487945556641,6.08203125,5.934639930725098,6.013671875
FP32-FINAL-CPU-BEST-r1,FP32-FINAL-CPU-BEST,1,ok,True,False,False,False,True,26,True,actor_update,True,17.93452063947916,11,before_actor_load,after_actor_offload,0.017822265625,0.017822265625,6.344898700714111,0.0,0.068359375,0.06640625,10.11328125,-0.001953125,0.4014892578125,0.3995361328125,10.4464111328125,-0.001953125,34.92327117919922,34.923439025878906,40.16106414794922,0.0001678466796875,8.377046585083008,10.11328125,8.359224319458008,10.046875
FP32-FINAL-CPU-BEST-r1,FP32-FINAL-CPU-BEST,1,ok,True,False,False,False,True,26,True,reference_log_prob,True,1.6213618516921997,4,before_reference_log_prob,after_reference_offload,0.017822265625,0.01784801483154297,5.768889904022217,2.574920654296875e-05,0.068359375,0.068359375,6.044921875,0.0,0.4014892578125,0.4014892578125,6.3780517578125,0.0,34.92327117919922,34.92327117919922,34.92327117919922,0.0,5.915378093719482,6.044921875,5.8975300788879395,5.9765625
FP32-FINAL-CPU-BEST-r1,FP32-FINAL-CPU-BEST,1,ok,True,False,False,False,True,26,True,rollout,True,4.981049973517656,3,before_rollout,after_rollout_cleanup,0.017827987670898438,5.768869876861572,5.768892765045166,5.751041889190674,0.068359375,5.876953125,5.900390625,5.80859375,0.4014892578125,6.2100830078125,6.2335205078125,5.80859375,34.92327117919922,34.92327117919922,34.92327117919922,0.0,5.814423084259033,5.94140625,0.04555320739746094,0.064453125
FP32-FINAL-CPU-BEST-r1,FP32-FINAL-CPU-BEST,1,ok,True,False,False,False,True,27,True,actor_log_prob,True,1.1129661872982979,2,before_actor_log_prob,after_actor_log_prob,5.768864154815674,0.01784801483154297,5.768864154815674,-5.751016139984131,5.876953125,0.068359375,5.876953125,-5.80859375,6.2100830078125,0.4014892578125,6.2100830078125,-5.80859375,34.923439025878906,34.923439025878906,34.923439025878906,0.0,5.952487945556641,6.08203125,5.934639930725098,6.013671875
FP32-FINAL-CPU-BEST-r1,FP32-FINAL-CPU-BEST,1,ok,True,False,False,False,True,27,True,actor_update,True,18.10743384435773,11,before_actor_load,after_actor_offload,0.017822265625,0.017822265625,6.344898700714111,0.0,0.068359375,0.06640625,10.11328125,-0.001953125,0.4014892578125,0.3995361328125,10.4464111328125,-0.001953125,34.923439025878906,34.923545837402344,40.170021057128906,0.0001068115234375,8.377046585083008,10.11328125,8.359224319458008,10.046875
FP32-FINAL-CPU-BEST-r1,FP32-FINAL-CPU-BEST,1,ok,True,False,False,False,True,27,True,reference_log_prob,True,1.626182746142149,4,before_reference_log_prob,after_reference_offload,0.017822265625,0.01784801483154297,5.768889904022217,2.574920654296875e-05,0.068359375,0.068359375,6.044921875,0.0,0.4014892578125,0.4014892578125,6.3780517578125,0.0,34.923439025878906,34.923439025878906,34.923439025878906,0.0,5.915378093719482,6.044921875,5.8975300788879395,5.9765625
FP32-FINAL-CPU-BEST-r1,FP32-FINAL-CPU-BEST,1,ok,True,False,False,False,True,27,True,rollout,True,5.030245911329985,3,before_rollout,after_rollout_cleanup,0.017827987670898438,5.768869876861572,5.768892765045166,5.751041889190674,0.068359375,5.876953125,5.900390625,5.80859375,0.4014892578125,6.2100830078125,6.2335205078125,5.80859375,34.923439025878906,34.923439025878906,34.923439025878906,0.0,5.814423084259033,5.94140625,0.04555320739746094,0.064453125
FP32-FINAL-CPU-BEST-r1,FP32-FINAL-CPU-BEST,1,ok,True,False,False,False,True,28,True,actor_log_prob,True,1.098380696028471,2,before_actor_log_prob,after_actor_log_prob,5.768864154815674,0.01784801483154297,5.768864154815674,-5.751016139984131,5.876953125,0.068359375,5.876953125,-5.80859375,6.2100830078125,0.4014892578125,6.2100830078125,-5.80859375,34.923545837402344,34.923545837402344,34.923545837402344,0.0,5.952487945556641,6.08203125,5.934639930725098,6.013671875
FP32-FINAL-CPU-BEST-r1,FP32-FINAL-CPU-BEST,1,ok,True,False,False,False,True,28,True,actor_update,True,18.038305312395096,11,before_actor_load,after_actor_offload,0.017822265625,0.017822265625,6.344898700714111,0.0,0.068359375,0.06640625,10.11328125,-0.001953125,0.4014892578125,0.3995361328125,10.4464111328125,-0.001953125,34.923545837402344,34.923213958740234,40.196250915527344,-0.000331878662109375,8.377046585083008,10.11328125,8.359224319458008,10.046875
FP32-FINAL-CPU-BEST-r1,FP32-FINAL-CPU-BEST,1,ok,True,False,False,False,True,28,True,reference_log_prob,True,1.6032552793622017,4,before_reference_log_prob,after_reference_offload,0.017822265625,0.01784801483154297,5.768889904022217,2.574920654296875e-05,0.068359375,0.068359375,6.044921875,0.0,0.4014892578125,0.4014892578125,6.3780517578125,0.0,34.923545837402344,34.923545837402344,34.923545837402344,0.0,5.915378093719482,6.044921875,5.8975300788879395,5.9765625
FP32-FINAL-CPU-BEST-r1,FP32-FINAL-CPU-BEST,1,ok,True,False,False,False,True,28,True,rollout,True,5.009227007627487,3,before_rollout,after_rollout_cleanup,0.017827987670898438,5.768869876861572,5.768892765045166,5.751041889190674,0.068359375,5.876953125,5.900390625,5.80859375,0.4014892578125,6.2100830078125,6.2335205078125,5.80859375,34.923545837402344,34.923545837402344,34.923545837402344,0.0,5.814423084259033,5.94140625,0.04555320739746094,0.064453125
FP32-FINAL-CPU-BEST-r1,FP32-FINAL-CPU-BEST,1,ok,True,False,False,False,True,29,True,actor_log_prob,True,1.0894857086241245,2,before_actor_log_prob,after_actor_log_prob,5.768864154815674,0.01784801483154297,5.768864154815674,-5.751016139984131,5.876953125,0.068359375,5.876953125,-5.80859375,6.2100830078125,0.4014892578125,6.2100830078125,-5.80859375,34.923213958740234,34.923213958740234,34.923213958740234,0.0,5.952487945556641,6.08203125,5.934639930725098,6.013671875
FP32-FINAL-CPU-BEST-r1,FP32-FINAL-CPU-BEST,1,ok,True,False,False,False,True,29,True,actor_update,True,18.100854210555553,11,before_actor_load,after_actor_offload,0.017822265625,0.017822265625,6.344898700714111,0.0,0.068359375,0.06640625,10.11328125,-0.001953125,0.4014892578125,0.3995361328125,10.4464111328125,-0.001953125,34.923336029052734,34.92354965209961,40.178585052490234,0.000213623046875,8.377046585083008,10.11328125,8.359224319458008,10.046875
FP32-FINAL-CPU-BEST-r1,FP32-FINAL-CPU-BEST,1,ok,True,False,False,False,True,29,True,reference_log_prob,True,1.6657243818044662,4,before_reference_log_prob,after_reference_offload,0.017822265625,0.01784801483154297,5.768889904022217,2.574920654296875e-05,0.068359375,0.068359375,6.044921875,0.0,0.4014892578125,0.4014892578125,6.3780517578125,0.0,34.923336029052734,34.923336029052734,34.923336029052734,0.0,5.915378093719482,6.044921875,5.8975300788879395,5.9765625
FP32-FINAL-CPU-BEST-r1,FP32-FINAL-CPU-BEST,1,ok,True,False,False,False,True,29,True,rollout,True,5.010401915758848,3,before_rollout,after_rollout_cleanup,0.017827987670898438,5.768869876861572,5.768892765045166,5.751041889190674,0.068359375,5.876953125,5.900390625,5.80859375,0.4014892578125,6.2100830078125,6.2335205078125,5.80859375,34.923213958740234,34.923213958740234,34.923213958740234,0.0,5.814423084259033,5.94140625,0.04555320739746094,0.064453125
FP32-FINAL-CPU-BEST-r1,FP32-FINAL-CPU-BEST,1,ok,True,False,False,False,True,30,True,actor_log_prob,True,1.098233237862587,2,before_actor_log_prob,after_actor_log_prob,5.768864154815674,0.01784801483154297,5.768864154815674,-5.751016139984131,5.876953125,0.068359375,5.876953125,-5.80859375,6.2100830078125,0.4014892578125,6.2100830078125,-5.80859375,34.92354965209961,34.92354965209961,34.92354965209961,0.0,5.952487945556641,6.08203125,5.934639930725098,6.013671875
FP32-FINAL-CPU-BEST-r1,FP32-FINAL-CPU-BEST,1,ok,True,False,False,False,True,30,True,actor_update,True,17.972960025072098,11,before_actor_load,after_actor_offload,0.017822265625,0.017822265625,6.344898700714111,0.0,0.068359375,0.06640625,10.11328125,-0.001953125,0.4014892578125,0.3995361328125,10.4464111328125,-0.001953125,34.92354965209961,34.92341232299805,40.17000961303711,-0.0001373291015625,8.377046585083008,10.11328125,8.359224319458008,10.046875
FP32-FINAL-CPU-BEST-r1,FP32-FINAL-CPU-BEST,1,ok,True,False,False,False,True,30,True,reference_log_prob,True,1.7496347464621067,4,before_reference_log_prob,after_reference_offload,0.017822265625,0.01784801483154297,5.768889904022217,2.574920654296875e-05,0.068359375,0.068359375,6.044921875,0.0,0.4014892578125,0.4014892578125,6.3780517578125,0.0,34.92354965209961,34.92354965209961,34.92354965209961,0.0,5.915378093719482,6.044921875,5.8975300788879395,5.9765625
FP32-FINAL-CPU-BEST-r1,FP32-FINAL-CPU-BEST,1,ok,True,False,False,False,True,30,True,rollout,True,4.9969262555241585,3,before_rollout,after_rollout_cleanup,0.017827987670898438,5.768869876861572,5.768892765045166,5.751041889190674,0.068359375,5.876953125,5.900390625,5.80859375,0.4014892578125,6.2100830078125,6.2335205078125,5.80859375,34.92354965209961,34.92354965209961,34.92354965209961,0.0,5.814423084259033,5.94140625,0.04555320739746094,0.064453125
FP32-FINAL-CPU-BEST-r1,FP32-FINAL-CPU-BEST,1,ok,True,False,False,False,True,31,True,actor_log_prob,True,1.099526036530733,2,before_actor_log_prob,after_actor_log_prob,5.768864154815674,0.01784801483154297,5.768864154815674,-5.751016139984131,5.876953125,0.068359375,5.876953125,-5.80859375,6.2100830078125,0.4014892578125,6.2100830078125,-5.80859375,34.92341232299805,34.92341232299805,34.92341232299805,0.0,5.952487945556641,6.08203125,5.934639930725098,6.013671875
FP32-FINAL-CPU-BEST-r1,FP32-FINAL-CPU-BEST,1,ok,True,False,False,False,True,31,True,actor_update,True,17.864219672977924,11,before_actor_load,after_actor_offload,0.017822265625,0.017822265625,6.344898700714111,0.0,0.068359375,0.06640625,10.11328125,-0.001953125,0.4014892578125,0.3995361328125,10.4464111328125,-0.001953125,34.92341232299805,34.918800354003906,40.173954010009766,-0.004611968994140625,8.377046585083008,10.11328125,8.359224319458008,10.046875
FP32-FINAL-CPU-BEST-r1,FP32-FINAL-CPU-BEST,1,ok,True,False,False,False,True,31,True,reference_log_prob,True,1.6211998648941517,4,before_reference_log_prob,after_reference_offload,0.017822265625,0.01784801483154297,5.768889904022217,2.574920654296875e-05,0.068359375,0.068359375,6.044921875,0.0,0.4014892578125,0.4014892578125,6.3780517578125,0.0,34.92341232299805,34.92341232299805,34.92341232299805,0.0,5.915378093719482,6.044921875,5.8975300788879395,5.9765625
FP32-FINAL-CPU-BEST-r1,FP32-FINAL-CPU-BEST,1,ok,True,False,False,False,True,31,True,rollout,True,5.01346717774868,3,before_rollout,after_rollout_cleanup,0.017827987670898438,5.768869876861572,5.768892765045166,5.751041889190674,0.068359375,5.876953125,5.900390625,5.80859375,0.4014892578125,6.2100830078125,6.2335205078125,5.80859375,34.92341232299805,34.92341232299805,34.92341232299805,0.0,5.814423084259033,5.94140625,0.04555320739746094,0.064453125
FP32-FINAL-CPU-BEST-r1,FP32-FINAL-CPU-BEST,1,ok,True,False,False,False,True,32,True,actor_log_prob,True,1.0957937613129616,2,before_actor_log_prob,after_actor_log_prob,5.768864154815674,0.01784801483154297,5.768864154815674,-5.751016139984131,5.876953125,0.068359375,5.876953125,-5.80859375,6.2100830078125,0.4014892578125,6.2100830078125,-5.80859375,34.918800354003906,34.918800354003906,34.918800354003906,0.0,5.952487945556641,6.08203125,5.934639930725098,6.013671875
FP32-FINAL-CPU-BEST-r1,FP32-FINAL-CPU-BEST,1,ok,True,False,False,False,True,32,True,actor_update,True,18.091885518282652,11,before_actor_load,after_actor_offload,0.017822265625,0.017822265625,6.344898700714111,0.0,0.068359375,0.06640625,10.11328125,-0.001953125,0.4014892578125,0.3995361328125,10.4464111328125,-0.001953125,34.918800354003906,34.980289459228516,40.182716369628906,0.061489105224609375,8.377046585083008,10.11328125,8.359224319458008,10.046875
FP32-FINAL-CPU-BEST-r1,FP32-FINAL-CPU-BEST,1,ok,True,False,False,False,True,32,True,reference_log_prob,True,1.620934396982193,4,before_reference_log_prob,after_reference_offload,0.017822265625,0.01784801483154297,5.768889904022217,2.574920654296875e-05,0.068359375,0.068359375,6.044921875,0.0,0.4014892578125,0.4014892578125,6.3780517578125,0.0,34.918800354003906,34.918800354003906,34.918800354003906,0.0,5.915378093719482,6.044921875,5.8975300788879395,5.9765625
FP32-FINAL-CPU-BEST-r1,FP32-FINAL-CPU-BEST,1,ok,True,False,False,False,True,32,True,rollout,True,4.981479004025459,3,before_rollout,after_rollout_cleanup,0.017827987670898438,5.768869876861572,5.768892765045166,5.751041889190674,0.068359375,5.876953125,5.900390625,5.80859375,0.4014892578125,6.2100830078125,6.2335205078125,5.80859375,34.918800354003906,34.918800354003906,34.918800354003906,0.0,5.814423084259033,5.94140625,0.04555320739746094,0.064453125
FP32-FINAL-CPU-BEST-r2,FP32-FINAL-CPU-BEST,2,ok,True,False,False,False,True,1,False,actor_log_prob,True,1.0861344821751118,2,before_actor_log_prob,after_actor_log_prob,5.760929584503174,0.009913444519042969,5.760929584503174,-5.751016139984131,5.869140625,0.041015625,5.869140625,-5.828125,6.1944580078125,0.3663330078125,6.1944580078125,-5.828125,22.97323226928711,22.97628402709961,22.97628402709961,0.0030517578125,5.944553375244141,6.07421875,5.934639930725098,6.033203125
FP32-FINAL-CPU-BEST-r2,FP32-FINAL-CPU-BEST,2,ok,True,False,False,False,True,1,False,actor_update,True,23.767875883728266,11,before_actor_load,after_actor_offload,0.0098876953125,0.017822265625,6.336964130401611,0.0079345703125,0.041015625,0.06640625,10.10546875,0.025390625,0.3663330078125,0.3995361328125,10.4385986328125,0.033203125,22.97640609741211,34.914066314697266,34.914066314697266,11.937660217285156,8.377046585083008,10.10546875,8.359224319458008,10.0390625
FP32-FINAL-CPU-BEST-r2,FP32-FINAL-CPU-BEST,2,ok,True,False,False,False,True,1,False,reference_log_prob,True,1.5964879095554352,4,before_reference_log_prob,after_reference_offload,0.0098876953125,0.009913444519042969,5.760955333709717,2.574920654296875e-05,0.041015625,0.041015625,6.037109375,0.0,0.3663330078125,0.3663330078125,6.3624267578125,0.0,22.97628402709961,22.97640609741211,22.97640609741211,0.0001220703125,5.907443523406982,6.037109375,5.8975300788879395,5.99609375
FP32-FINAL-CPU-BEST-r2,FP32-FINAL-CPU-BEST,2,ok,True,False,False,False,True,1,False,rollout,True,4.940710354596376,3,before_rollout,after_rollout_cleanup,0.0019588470458984375,5.760935306549072,5.760958194732666,5.758976459503174,0.021484375,5.869140625,5.892578125,5.84765625,0.2315673828125,6.1944580078125,6.1944580078125,5.962890625,22.78603744506836,22.97286605834961,22.97286605834961,0.18682861328125,5.806488513946533,5.93359375,0.04555320739746094,0.064453125
FP32-FINAL-CPU-BEST-r2,FP32-FINAL-CPU-BEST,2,ok,True,False,False,False,True,2,False,actor_log_prob,True,1.0911818593740463,2,before_actor_log_prob,after_actor_log_prob,5.768864154815674,0.01784801483154297,5.768864154815674,-5.751016139984131,5.876953125,0.068359375,5.876953125,-5.80859375,6.2100830078125,0.4014892578125,6.2100830078125,-5.80859375,34.914188385009766,34.914188385009766,34.914188385009766,0.0,5.952487945556641,6.08203125,5.934639930725098,6.013671875
FP32-FINAL-CPU-BEST-r2,FP32-FINAL-CPU-BEST,2,ok,True,False,False,False,True,2,False,actor_update,True,18.98012252151966,11,before_actor_load,after_actor_offload,0.017822265625,0.017822265625,6.344898700714111,0.0,0.068359375,0.06640625,10.11328125,-0.001953125,0.4014892578125,0.3995361328125,10.4464111328125,-0.001953125,34.914432525634766,34.94134521484375,40.198123931884766,0.026912689208984375,8.377046585083008,10.11328125,8.359224319458008,10.046875
FP32-FINAL-CPU-BEST-r2,FP32-FINAL-CPU-BEST,2,ok,True,False,False,False,True,2,False,reference_log_prob,True,1.635399952530861,4,before_reference_log_prob,after_reference_offload,0.017822265625,0.01784801483154297,5.768889904022217,2.574920654296875e-05,0.068359375,0.068359375,6.044921875,0.0,0.4014892578125,0.4014892578125,6.3780517578125,0.0,34.914310455322266,34.914310455322266,34.914310455322266,0.0,5.915378093719482,6.044921875,5.8975300788879395,5.9765625
FP32-FINAL-CPU-BEST-r2,FP32-FINAL-CPU-BEST,2,ok,True,False,False,False,True,2,False,rollout,True,4.794248573482037,3,before_rollout,after_rollout_cleanup,0.017827987670898438,5.768869876861572,5.768892765045166,5.751041889190674,0.068359375,5.876953125,5.900390625,5.80859375,0.4014892578125,6.2100830078125,6.2335205078125,5.80859375,34.914066314697266,34.914066314697266,34.914066314697266,0.0,5.814423084259033,5.94140625,0.04555320739746094,0.064453125
FP32-FINAL-CPU-BEST-r2,FP32-FINAL-CPU-BEST,2,ok,True,False,False,False,True,3,True,actor_log_prob,True,1.0890368148684502,2,before_actor_log_prob,after_actor_log_prob,5.768864154815674,0.01784801483154297,5.768864154815674,-5.751016139984131,5.876953125,0.068359375,5.876953125,-5.80859375,6.2100830078125,0.4014892578125,6.2100830078125,-5.80859375,34.94134521484375,34.94134521484375,34.94134521484375,0.0,5.952487945556641,6.08203125,5.934639930725098,6.013671875
FP32-FINAL-CPU-BEST-r2,FP32-FINAL-CPU-BEST,2,ok,True,False,False,False,True,3,True,actor_update,True,18.37553045153618,11,before_actor_load,after_actor_offload,0.017822265625,0.017822265625,6.344898700714111,0.0,0.068359375,0.06640625,10.11328125,-0.001953125,0.4014892578125,0.3995361328125,10.4464111328125,-0.001953125,34.94134521484375,35.00325393676758,40.18963623046875,0.061908721923828125,8.377046585083008,10.11328125,8.359224319458008,10.046875
FP32-FINAL-CPU-BEST-r2,FP32-FINAL-CPU-BEST,2,ok,True,False,False,False,True,3,True,reference_log_prob,True,1.6088981293141842,4,before_reference_log_prob,after_reference_offload,0.017822265625,0.01784801483154297,5.768889904022217,2.574920654296875e-05,0.068359375,0.068359375,6.044921875,0.0,0.4014892578125,0.4014892578125,6.3780517578125,0.0,34.94134521484375,34.94134521484375,34.94134521484375,0.0,5.915378093719482,6.044921875,5.8975300788879395,5.9765625
FP32-FINAL-CPU-BEST-r2,FP32-FINAL-CPU-BEST,2,ok,True,False,False,False,True,3,True,rollout,True,4.817981597036123,3,before_rollout,after_rollout_cleanup,0.017827987670898438,5.768869876861572,5.768892765045166,5.751041889190674,0.068359375,5.876953125,5.900390625,5.80859375,0.4014892578125,6.2100830078125,6.2335205078125,5.80859375,34.94134521484375,34.94134521484375,34.94134521484375,0.0,5.814423084259033,5.94140625,0.04555320739746094,0.064453125
FP32-FINAL-CPU-BEST-r2,FP32-FINAL-CPU-BEST,2,ok,True,False,False,False,True,4,True,actor_log_prob,True,1.094150871038437,2,before_actor_log_prob,after_actor_log_prob,5.768864154815674,0.01784801483154297,5.768864154815674,-5.751016139984131,5.876953125,0.068359375,5.876953125,-5.80859375,6.2100830078125,0.4014892578125,6.2100830078125,-5.80859375,35.00325393676758,35.00325393676758,35.00325393676758,0.0,5.952487945556641,6.08203125,5.934639930725098,6.013671875
FP32-FINAL-CPU-BEST-r2,FP32-FINAL-CPU-BEST,2,ok,True,False,False,False,True,4,True,actor_update,True,18.086880419403315,11,before_actor_load,after_actor_offload,0.017822265625,0.017822265625,6.344898700714111,0.0,0.068359375,0.06640625,10.11328125,-0.001953125,0.4014892578125,0.3995361328125,10.4464111328125,-0.001953125,35.00325393676758,35.06524658203125,40.19160842895508,0.061992645263671875,8.377046585083008,10.11328125,8.359224319458008,10.046875
FP32-FINAL-CPU-BEST-r2,FP32-FINAL-CPU-BEST,2,ok,True,False,False,False,True,4,True,reference_log_prob,True,1.615068681538105,4,before_reference_log_prob,after_reference_offload,0.017822265625,0.01784801483154297,5.768889904022217,2.574920654296875e-05,0.068359375,0.068359375,6.044921875,0.0,0.4014892578125,0.4014892578125,6.3780517578125,0.0,35.00325393676758,35.00325393676758,35.00325393676758,0.0,5.915378093719482,6.044921875,5.8975300788879395,5.9765625
FP32-FINAL-CPU-BEST-r2,FP32-FINAL-CPU-BEST,2,ok,True,False,False,False,True,4,True,rollout,True,4.800663165748119,3,before_rollout,after_rollout_cleanup,0.017827987670898438,5.768869876861572,5.768892765045166,5.751041889190674,0.068359375,5.876953125,5.900390625,5.80859375,0.4014892578125,6.2100830078125,6.2335205078125,5.80859375,35.00325393676758,35.00325393676758,35.00325393676758,0.0,5.814423084259033,5.94140625,0.04555320739746094,0.064453125
FP32-FINAL-CPU-BEST-r2,FP32-FINAL-CPU-BEST,2,ok,True,False,False,False,True,5,True,actor_log_prob,True,1.0931893438100815,2,before_actor_log_prob,after_actor_log_prob,5.768864154815674,0.01784801483154297,5.768864154815674,-5.751016139984131,5.876953125,0.068359375,5.876953125,-5.80859375,6.2100830078125,0.4014892578125,6.2100830078125,-5.80859375,35.06524658203125,35.06524658203125,35.06524658203125,0.0,5.952487945556641,6.08203125,5.934639930725098,6.013671875
FP32-FINAL-CPU-BEST-r2,FP32-FINAL-CPU-BEST,2,ok,True,False,False,False,True,5,True,actor_update,True,17.875387713313103,11,before_actor_load,after_actor_offload,0.017822265625,0.017822265625,6.344898700714111,0.0,0.068359375,0.06640625,10.11328125,-0.001953125,0.4014892578125,0.3995361328125,10.4464111328125,-0.001953125,35.06536865234375,35.127262115478516,40.19378662109375,0.061893463134765625,8.377046585083008,10.11328125,8.359224319458008,10.046875
FP32-FINAL-CPU-BEST-r2,FP32-FINAL-CPU-BEST,2,ok,True,False,False,False,True,5,True,reference_log_prob,True,1.6036082170903683,4,before_reference_log_prob,after_reference_offload,0.017822265625,0.01784801483154297,5.768889904022217,2.574920654296875e-05,0.068359375,0.068359375,6.044921875,0.0,0.4014892578125,0.4014892578125,6.3780517578125,0.0,35.06524658203125,35.06524658203125,35.06524658203125,0.0,5.915378093719482,6.044921875,5.8975300788879395,5.9765625
FP32-FINAL-CPU-BEST-r2,FP32-FINAL-CPU-BEST,2,ok,True,False,False,False,True,5,True,rollout,True,4.82242077216506,3,before_rollout,after_rollout_cleanup,0.017827987670898438,5.768869876861572,5.768892765045166,5.751041889190674,0.068359375,5.876953125,5.900390625,5.80859375,0.4014892578125,6.2100830078125,6.2335205078125,5.80859375,35.06524658203125,35.06524658203125,35.06524658203125,0.0,5.814423084259033,5.94140625,0.04555320739746094,0.064453125
FP32-FINAL-CPU-BEST-r2,FP32-FINAL-CPU-BEST,2,ok,True,False,False,False,True,6,True,actor_log_prob,True,1.094447311013937,2,before_actor_log_prob,after_actor_log_prob,5.768864154815674,0.01784801483154297,5.768864154815674,-5.751016139984131,5.876953125,0.068359375,5.876953125,-5.80859375,6.2100830078125,0.4014892578125,6.2100830078125,-5.80859375,35.127262115478516,35.127262115478516,35.127262115478516,0.0,5.952487945556641,6.08203125,5.934639930725098,6.013671875
FP32-FINAL-CPU-BEST-r2,FP32-FINAL-CPU-BEST,2,ok,True,False,False,False,True,6,True,actor_update,True,17.98158160597086,11,before_actor_load,after_actor_offload,0.017822265625,0.017822265625,6.344898700714111,0.0,0.068359375,0.06640625,10.11328125,-0.001953125,0.4014892578125,0.3995361328125,10.4464111328125,-0.001953125,35.127262115478516,35.12779998779297,40.213077545166016,0.000537872314453125,8.377046585083008,10.11328125,8.359224319458008,10.046875
FP32-FINAL-CPU-BEST-r2,FP32-FINAL-CPU-BEST,2,ok,True,False,False,False,True,6,True,reference_log_prob,True,1.6081229262053967,4,before_reference_log_prob,after_reference_offload,0.017822265625,0.01784801483154297,5.768889904022217,2.574920654296875e-05,0.068359375,0.068359375,6.044921875,0.0,0.4014892578125,0.4014892578125,6.3780517578125,0.0,35.127262115478516,35.127262115478516,35.127262115478516,0.0,5.915378093719482,6.044921875,5.8975300788879395,5.9765625
FP32-FINAL-CPU-BEST-r2,FP32-FINAL-CPU-BEST,2,ok,True,False,False,False,True,6,True,rollout,True,4.801737934350967,3,before_rollout,after_rollout_cleanup,0.017827987670898438,5.768869876861572,5.768892765045166,5.751041889190674,0.068359375,5.876953125,5.900390625,5.80859375,0.4014892578125,6.2100830078125,6.2335205078125,5.80859375,35.127262115478516,35.127262115478516,35.127262115478516,0.0,5.814423084259033,5.94140625,0.04555320739746094,0.064453125
FP32-FINAL-CPU-BEST-r2,FP32-FINAL-CPU-BEST,2,ok,True,False,False,False,True,7,True,actor_log_prob,True,1.09387581422925,2,before_actor_log_prob,after_actor_log_prob,5.768864154815674,0.01784801483154297,5.768864154815674,-5.751016139984131,5.876953125,0.068359375,5.876953125,-5.80859375,6.2100830078125,0.4014892578125,6.2100830078125,-5.80859375,35.12779998779297,35.12779998779297,35.12779998779297,0.0,5.952487945556641,6.08203125,5.934639930725098,6.013671875
FP32-FINAL-CPU-BEST-r2,FP32-FINAL-CPU-BEST,2,ok,True,False,False,False,True,7,True,actor_update,True,18.049901753664017,11,before_actor_load,after_actor_offload,0.017822265625,0.017822265625,6.344898700714111,0.0,0.068359375,0.06640625,10.11328125,-0.001953125,0.4014892578125,0.3995361328125,10.4464111328125,-0.001953125,35.12779998779297,35.18947982788086,40.21349334716797,0.061679840087890625,8.377046585083008,10.11328125,8.359224319458008,10.046875
FP32-FINAL-CPU-BEST-r2,FP32-FINAL-CPU-BEST,2,ok,True,False,False,False,True,7,True,reference_log_prob,True,1.6134423576295376,4,before_reference_log_prob,after_reference_offload,0.017822265625,0.01784801483154297,5.768889904022217,2.574920654296875e-05,0.068359375,0.068359375,6.044921875,0.0,0.4014892578125,0.4014892578125,6.3780517578125,0.0,35.12779998779297,35.12779998779297,35.12779998779297,0.0,5.915378093719482,6.044921875,5.8975300788879395,5.9765625
FP32-FINAL-CPU-BEST-r2,FP32-FINAL-CPU-BEST,2,ok,True,False,False,False,True,7,True,rollout,True,4.824317868798971,3,before_rollout,after_rollout_cleanup,0.017827987670898438,5.768869876861572,5.768892765045166,5.751041889190674,0.068359375,5.876953125,5.900390625,5.80859375,0.4014892578125,6.2100830078125,6.2335205078125,5.80859375,35.12779998779297,35.12779998779297,35.12779998779297,0.0,5.814423084259033,5.94140625,0.04555320739746094,0.064453125
FP32-FINAL-CPU-BEST-r2,FP32-FINAL-CPU-BEST,2,ok,True,False,False,False,True,8,True,actor_log_prob,True,1.0936039797961712,2,before_actor_log_prob,after_actor_log_prob,5.768864154815674,0.01784801483154297,5.768864154815674,-5.751016139984131,5.876953125,0.068359375,5.876953125,-5.80859375,6.2100830078125,0.4014892578125,6.2100830078125,-5.80859375,35.18947982788086,35.18947982788086,35.18947982788086,0.0,5.952487945556641,6.08203125,5.934639930725098,6.013671875
FP32-FINAL-CPU-BEST-r2,FP32-FINAL-CPU-BEST,2,ok,True,False,False,False,True,8,True,actor_update,True,18.06912612915039,11,before_actor_load,after_actor_offload,0.017822265625,0.017822265625,6.344898700714111,0.0,0.068359375,0.06640625,10.11328125,-0.001953125,0.4014892578125,0.3995361328125,10.4464111328125,-0.001953125,35.18947982788086,35.251441955566406,40.20632553100586,0.061962127685546875,8.377046585083008,10.11328125,8.359224319458008,10.046875
FP32-FINAL-CPU-BEST-r2,FP32-FINAL-CPU-BEST,2,ok,True,False,False,False,True,8,True,reference_log_prob,True,1.6737234331667423,4,before_reference_log_prob,after_reference_offload,0.017822265625,0.01784801483154297,5.768889904022217,2.574920654296875e-05,0.068359375,0.068359375,6.044921875,0.0,0.4014892578125,0.4014892578125,6.3780517578125,0.0,35.18947982788086,35.18947982788086,35.18947982788086,0.0,5.915378093719482,6.044921875,5.8975300788879395,5.9765625
FP32-FINAL-CPU-BEST-r2,FP32-FINAL-CPU-BEST,2,ok,True,False,False,False,True,8,True,rollout,True,4.822492577135563,3,before_rollout,after_rollout_cleanup,0.017827987670898438,5.768869876861572,5.768892765045166,5.751041889190674,0.068359375,5.876953125,5.900390625,5.80859375,0.4014892578125,6.2100830078125,6.2335205078125,5.80859375,35.18947982788086,35.18947982788086,35.18947982788086,0.0,5.814423084259033,5.94140625,0.04555320739746094,0.064453125
FP32-FINAL-CPU-BEST-r2,FP32-FINAL-CPU-BEST,2,ok,True,False,False,False,True,9,True,actor_log_prob,True,1.0908097438514233,2,before_actor_log_prob,after_actor_log_prob,5.768864154815674,0.01784801483154297,5.768864154815674,-5.751016139984131,5.876953125,0.068359375,5.876953125,-5.80859375,6.2100830078125,0.4014892578125,6.2100830078125,-5.80859375,35.251441955566406,35.251441955566406,35.251441955566406,0.0,5.952487945556641,6.08203125,5.934639930725098,6.013671875
FP32-FINAL-CPU-BEST-r2,FP32-FINAL-CPU-BEST,2,ok,True,False,False,False,True,9,True,actor_update,True,17.928592570126057,11,before_actor_load,after_actor_offload,0.017822265625,0.017822265625,6.344898700714111,0.0,0.068359375,0.06640625,10.11328125,-0.001953125,0.4014892578125,0.3995361328125,10.4464111328125,-0.001953125,35.251441955566406,35.31355667114258,40.208229064941406,0.062114715576171875,8.377046585083008,10.11328125,8.359224319458008,10.046875
FP32-FINAL-CPU-BEST-r2,FP32-FINAL-CPU-BEST,2,ok,True,False,False,False,True,9,True,reference_log_prob,True,1.7982454933226109,4,before_reference_log_prob,after_reference_offload,0.017822265625,0.01784801483154297,5.768889904022217,2.574920654296875e-05,0.068359375,0.068359375,6.044921875,0.0,0.4014892578125,0.4014892578125,6.3780517578125,0.0,35.251441955566406,35.251441955566406,35.251441955566406,0.0,5.915378093719482,6.044921875,5.8975300788879395,5.9765625
FP32-FINAL-CPU-BEST-r2,FP32-FINAL-CPU-BEST,2,ok,True,False,False,False,True,9,True,rollout,True,4.834916096180677,3,before_rollout,after_rollout_cleanup,0.017827987670898438,5.768869876861572,5.768892765045166,5.751041889190674,0.068359375,5.876953125,5.900390625,5.80859375,0.4014892578125,6.2100830078125,6.2335205078125,5.80859375,35.251441955566406,35.251441955566406,35.251441955566406,0.0,5.814423084259033,5.94140625,0.04555320739746094,0.064453125
FP32-FINAL-CPU-BEST-r2,FP32-FINAL-CPU-BEST,2,ok,True,False,False,False,True,10,True,actor_log_prob,True,1.09240210801363,2,before_actor_log_prob,after_actor_log_prob,5.768864154815674,0.01784801483154297,5.768864154815674,-5.751016139984131,5.876953125,0.068359375,5.876953125,-5.80859375,6.2100830078125,0.4014892578125,6.2100830078125,-5.80859375,35.31355667114258,35.31355667114258,35.31355667114258,0.0,5.952487945556641,6.08203125,5.934639930725098,6.013671875
FP32-FINAL-CPU-BEST-r2,FP32-FINAL-CPU-BEST,2,ok,True,False,False,False,True,10,True,actor_update,True,17.73347982391715,11,before_actor_load,after_actor_offload,0.017822265625,0.017822265625,6.344898700714111,0.0,0.068359375,0.06640625,10.11328125,-0.001953125,0.4014892578125,0.3995361328125,10.4464111328125,-0.001953125,35.31355667114258,35.375362396240234,40.21016311645508,0.06180572509765625,8.377046585083008,10.11328125,8.359224319458008,10.046875
FP32-FINAL-CPU-BEST-r2,FP32-FINAL-CPU-BEST,2,ok,True,False,False,False,True,10,True,reference_log_prob,True,1.6082119420170784,4,before_reference_log_prob,after_reference_offload,0.017822265625,0.01784801483154297,5.768889904022217,2.574920654296875e-05,0.068359375,0.068359375,6.044921875,0.0,0.4014892578125,0.4014892578125,6.3780517578125,0.0,35.31355667114258,35.31355667114258,35.31355667114258,0.0,5.915378093719482,6.044921875,5.8975300788879395,5.9765625
FP32-FINAL-CPU-BEST-r2,FP32-FINAL-CPU-BEST,2,ok,True,False,False,False,True,10,True,rollout,True,4.826136719435453,3,before_rollout,after_rollout_cleanup,0.017827987670898438,5.768869876861572,5.768892765045166,5.751041889190674,0.068359375,5.876953125,5.900390625,5.80859375,0.4014892578125,6.2100830078125,6.2335205078125,5.80859375,35.31355667114258,35.31355667114258,35.31355667114258,0.0,5.814423084259033,5.94140625,0.04555320739746094,0.064453125
FP32-FINAL-CPU-BEST-r2,FP32-FINAL-CPU-BEST,2,ok,True,False,False,False,True,11,True,actor_log_prob,True,1.0945188887417316,2,before_actor_log_prob,after_actor_log_prob,5.768864154815674,0.01784801483154297,5.768864154815674,-5.751016139984131,5.876953125,0.068359375,5.876953125,-5.80859375,6.2100830078125,0.4014892578125,6.2100830078125,-5.80859375,35.31383514404297,35.31383514404297,35.31383514404297,0.0,5.952487945556641,6.08203125,5.934639930725098,6.013671875
FP32-FINAL-CPU-BEST-r2,FP32-FINAL-CPU-BEST,2,ok,True,False,False,False,True,11,True,actor_update,True,17.876668330281973,11,before_actor_load,after_actor_offload,0.017822265625,0.017822265625,6.344898700714111,0.0,0.068359375,0.06640625,10.11328125,-0.001953125,0.4014892578125,0.3995361328125,10.4464111328125,-0.001953125,35.31383514404297,35.3756217956543,40.21068572998047,0.061786651611328125,8.377046585083008,10.11328125,8.359224319458008,10.046875
FP32-FINAL-CPU-BEST-r2,FP32-FINAL-CPU-BEST,2,ok,True,False,False,False,True,11,True,reference_log_prob,True,1.608956303447485,4,before_reference_log_prob,after_reference_offload,0.017822265625,0.01784801483154297,5.768889904022217,2.574920654296875e-05,0.068359375,0.068359375,6.044921875,0.0,0.4014892578125,0.4014892578125,6.3780517578125,0.0,35.31383514404297,35.31383514404297,35.31383514404297,0.0,5.915378093719482,6.044921875,5.8975300788879395,5.9765625
FP32-FINAL-CPU-BEST-r2,FP32-FINAL-CPU-BEST,2,ok,True,False,False,False,True,11,True,rollout,True,4.881900157779455,3,before_rollout,after_rollout_cleanup,0.017827987670898438,5.768869876861572,5.768892765045166,5.751041889190674,0.068359375,5.876953125,5.900390625,5.80859375,0.4014892578125,6.2100830078125,6.2335205078125,5.80859375,35.375362396240234,35.375362396240234,35.375362396240234,0.0,5.814423084259033,5.94140625,0.04555320739746094,0.064453125
FP32-FINAL-CPU-BEST-r2,FP32-FINAL-CPU-BEST,2,ok,True,False,False,False,True,12,True,actor_log_prob,True,1.1058952547609806,2,before_actor_log_prob,after_actor_log_prob,5.768864154815674,0.01784801483154297,5.768864154815674,-5.751016139984131,5.876953125,0.068359375,5.876953125,-5.80859375,6.2100830078125,0.4014892578125,6.2100830078125,-5.80859375,35.3756217956543,35.3756217956543,35.3756217956543,0.0,5.952487945556641,6.08203125,5.934639930725098,6.013671875
FP32-FINAL-CPU-BEST-r2,FP32-FINAL-CPU-BEST,2,ok,True,False,False,False,True,12,True,actor_update,True,18.04178076609969,11,before_actor_load,after_actor_offload,0.017822265625,0.017822265625,6.344898700714111,0.0,0.068359375,0.06640625,10.11328125,-0.001953125,0.4014892578125,0.3995361328125,10.4464111328125,-0.001953125,35.3756217956543,35.31430435180664,40.234161376953125,-0.06131744384765625,8.377046585083008,10.11328125,8.359224319458008,10.046875
FP32-FINAL-CPU-BEST-r2,FP32-FINAL-CPU-BEST,2,ok,True,False,False,False,True,12,True,reference_log_prob,True,1.625841498374939,4,before_reference_log_prob,after_reference_offload,0.017822265625,0.01784801483154297,5.768889904022217,2.574920654296875e-05,0.068359375,0.068359375,6.044921875,0.0,0.4014892578125,0.4014892578125,6.3780517578125,0.0,35.3756217956543,35.3756217956543,35.3756217956543,0.0,5.915378093719482,6.044921875,5.8975300788879395,5.9765625
FP32-FINAL-CPU-BEST-r2,FP32-FINAL-CPU-BEST,2,ok,True,False,False,False,True,12,True,rollout,True,4.808910995721817,3,before_rollout,after_rollout_cleanup,0.017827987670898438,5.768869876861572,5.768892765045166,5.751041889190674,0.068359375,5.876953125,5.900390625,5.80859375,0.4014892578125,6.2100830078125,6.2335205078125,5.80859375,35.3756217956543,35.3756217956543,35.3756217956543,0.0,5.814423084259033,5.94140625,0.04555320739746094,0.064453125
FP32-FINAL-CPU-BEST-r2,FP32-FINAL-CPU-BEST,2,ok,True,False,False,False,True,13,True,actor_log_prob,True,1.0907172001898289,2,before_actor_log_prob,after_actor_log_prob,5.768864154815674,0.01784801483154297,5.768864154815674,-5.751016139984131,5.876953125,0.068359375,5.876953125,-5.80859375,6.2100830078125,0.4014892578125,6.2100830078125,-5.80859375,35.31442642211914,35.31442642211914,35.31442642211914,0.0,5.952487945556641,6.08203125,5.934639930725098,6.013671875
FP32-FINAL-CPU-BEST-r2,FP32-FINAL-CPU-BEST,2,ok,True,False,False,False,True,13,True,actor_update,True,17.93030969798565,11,before_actor_load,after_actor_offload,0.017822265625,0.017822265625,6.344898700714111,0.0,0.068359375,0.06640625,10.11328125,-0.001953125,0.4014892578125,0.3995361328125,10.4464111328125,-0.001953125,35.31442642211914,35.314598083496094,40.21945571899414,0.000171661376953125,8.377046585083008,10.11328125,8.359224319458008,10.046875
FP32-FINAL-CPU-BEST-r2,FP32-FINAL-CPU-BEST,2,ok,True,False,False,False,True,13,True,reference_log_prob,True,1.6101440452039242,4,before_reference_log_prob,after_reference_offload,0.017822265625,0.01784801483154297,5.768889904022217,2.574920654296875e-05,0.068359375,0.068359375,6.044921875,0.0,0.4014892578125,0.4014892578125,6.3780517578125,0.0,35.31442642211914,35.31442642211914,35.31442642211914,0.0,5.915378093719482,6.044921875,5.8975300788879395,5.9765625
FP32-FINAL-CPU-BEST-r2,FP32-FINAL-CPU-BEST,2,ok,True,False,False,False,True,13,True,rollout,True,4.81522948294878,3,before_rollout,after_rollout_cleanup,0.017827987670898438,5.768869876861572,5.768892765045166,5.751041889190674,0.068359375,5.876953125,5.900390625,5.80859375,0.4014892578125,6.2100830078125,6.2335205078125,5.80859375,35.31430435180664,35.31430435180664,35.31430435180664,0.0,5.814423084259033,5.94140625,0.04555320739746094,0.064453125
FP32-FINAL-CPU-BEST-r2,FP32-FINAL-CPU-BEST,2,ok,True,False,False,False,True,14,True,actor_log_prob,True,1.1013566441833973,2,before_actor_log_prob,after_actor_log_prob,5.768864154815674,0.01784801483154297,5.768864154815674,-5.751016139984131,5.876953125,0.068359375,5.876953125,-5.80859375,6.2100830078125,0.4014892578125,6.2100830078125,-5.80859375,35.314598083496094,35.314598083496094,35.314598083496094,0.0,5.952487945556641,6.08203125,5.934639930725098,6.013671875
FP32-FINAL-CPU-BEST-r2,FP32-FINAL-CPU-BEST,2,ok,True,False,False,False,True,14,True,actor_update,True,17.95190079882741,11,before_actor_load,after_actor_offload,0.017822265625,0.017822265625,6.344898700714111,0.0,0.068359375,0.06640625,10.11328125,-0.001953125,0.4014892578125,0.3995361328125,10.4464111328125,-0.001953125,35.314598083496094,35.40230178833008,40.219871520996094,0.08770370483398438,8.377046585083008,10.11328125,8.359224319458008,10.046875
FP32-FINAL-CPU-BEST-r2,FP32-FINAL-CPU-BEST,2,ok,True,False,False,False,True,14,True,reference_log_prob,True,1.6162773743271828,4,before_reference_log_prob,after_reference_offload,0.017822265625,0.01784801483154297,5.768889904022217,2.574920654296875e-05,0.068359375,0.068359375,6.044921875,0.0,0.4014892578125,0.4014892578125,6.3780517578125,0.0,35.314598083496094,35.314598083496094,35.314598083496094,0.0,5.915378093719482,6.044921875,5.8975300788879395,5.9765625
FP32-FINAL-CPU-BEST-r2,FP32-FINAL-CPU-BEST,2,ok,True,False,False,False,True,14,True,rollout,True,4.840595696121454,3,before_rollout,after_rollout_cleanup,0.017827987670898438,5.768869876861572,5.768892765045166,5.751041889190674,0.068359375,5.876953125,5.900390625,5.80859375,0.4014892578125,6.2100830078125,6.2335205078125,5.80859375,35.314598083496094,35.314598083496094,35.314598083496094,0.0,5.814423084259033,5.94140625,0.04555320739746094,0.064453125
FP32-FINAL-CPU-BEST-r2,FP32-FINAL-CPU-BEST,2,ok,True,False,False,False,True,15,True,actor_log_prob,True,1.0928421318531036,2,before_actor_log_prob,after_actor_log_prob,5.768864154815674,0.01784801483154297,5.768864154815674,-5.751016139984131,5.876953125,0.068359375,5.876953125,-5.80859375,6.2100830078125,0.4014892578125,6.2100830078125,-5.80859375,35.40230178833008,35.40230178833008,35.40230178833008,0.0,5.952487945556641,6.08203125,5.934639930725098,6.013671875
FP32-FINAL-CPU-BEST-r2,FP32-FINAL-CPU-BEST,2,ok,True,False,False,False,True,15,True,actor_update,True,17.862506859004498,11,before_actor_load,after_actor_offload,0.017822265625,0.017822265625,6.344898700714111,0.0,0.068359375,0.06640625,10.11328125,-0.001953125,0.4014892578125,0.3995361328125,10.4464111328125,-0.001953125,35.40254592895508,35.314918518066406,40.211124420166016,-0.08762741088867188,8.377046585083008,10.11328125,8.359224319458008,10.046875
FP32-FINAL-CPU-BEST-r2,FP32-FINAL-CPU-BEST,2,ok,True,False,False,False,True,15,True,reference_log_prob,True,1.6009671613574028,4,before_reference_log_prob,after_reference_offload,0.017822265625,0.01784801483154297,5.768889904022217,2.574920654296875e-05,0.068359375,0.068359375,6.044921875,0.0,0.4014892578125,0.4014892578125,6.3780517578125,0.0,35.40242385864258,35.40242385864258,35.40242385864258,0.0,5.915378093719482,6.044921875,5.8975300788879395,5.9765625
FP32-FINAL-CPU-BEST-r2,FP32-FINAL-CPU-BEST,2,ok,True,False,False,False,True,15,True,rollout,True,4.863647937774658,3,before_rollout,after_rollout_cleanup,0.017827987670898438,5.768869876861572,5.768892765045166,5.751041889190674,0.068359375,5.876953125,5.900390625,5.80859375,0.4014892578125,6.2100830078125,6.2335205078125,5.80859375,35.40230178833008,35.40230178833008,35.40230178833008,0.0,5.814423084259033,5.94140625,0.04555320739746094,0.064453125
FP32-FINAL-CPU-BEST-r2,FP32-FINAL-CPU-BEST,2,ok,True,False,False,False,True,16,True,actor_log_prob,True,1.098060604184866,2,before_actor_log_prob,after_actor_log_prob,5.768864154815674,0.01784801483154297,5.768864154815674,-5.751016139984131,5.876953125,0.068359375,5.876953125,-5.80859375,6.2100830078125,0.4014892578125,6.2100830078125,-5.80859375,35.314918518066406,35.314918518066406,35.314918518066406,0.0,5.952487945556641,6.08203125,5.934639930725098,6.013671875
FP32-FINAL-CPU-BEST-r2,FP32-FINAL-CPU-BEST,2,ok,True,False,False,False,True,16,True,actor_update,True,17.908270802348852,11,before_actor_load,after_actor_offload,0.017822265625,0.017822265625,6.344898700714111,0.0,0.068359375,0.06640625,10.11328125,-0.001953125,0.4014892578125,0.3995361328125,10.4464111328125,-0.001953125,35.314918518066406,35.376365661621094,40.211036682128906,0.0614471435546875,8.377046585083008,10.11328125,8.359224319458008,10.046875
FP32-FINAL-CPU-BEST-r2,FP32-FINAL-CPU-BEST,2,ok,True,False,False,False,True,16,True,reference_log_prob,True,1.6154138334095478,4,before_reference_log_prob,after_reference_offload,0.017822265625,0.01784801483154297,5.768889904022217,2.574920654296875e-05,0.068359375,0.068359375,6.044921875,0.0,0.4014892578125,0.4014892578125,6.3780517578125,0.0,35.314918518066406,35.314918518066406,35.314918518066406,0.0,5.915378093719482,6.044921875,5.8975300788879395,5.9765625
FP32-FINAL-CPU-BEST-r2,FP32-FINAL-CPU-BEST,2,ok,True,False,False,False,True,16,True,rollout,True,4.796778839081526,3,before_rollout,after_rollout_cleanup,0.017827987670898438,5.768869876861572,5.768892765045166,5.751041889190674,0.068359375,5.876953125,5.900390625,5.80859375,0.4014892578125,6.2100830078125,6.2335205078125,5.80859375,35.314918518066406,35.314918518066406,35.314918518066406,0.0,5.814423084259033,5.94140625,0.04555320739746094,0.064453125
FP32-FINAL-CPU-BEST-r2,FP32-FINAL-CPU-BEST,2,ok,True,False,False,False,True,17,True,actor_log_prob,True,1.0996379628777504,2,before_actor_log_prob,after_actor_log_prob,5.768864154815674,0.01784801483154297,5.768864154815674,-5.751016139984131,5.876953125,0.068359375,5.876953125,-5.80859375,6.2100830078125,0.4014892578125,6.2100830078125,-5.80859375,35.376365661621094,35.376365661621094,35.376365661621094,0.0,5.952487945556641,6.08203125,5.934639930725098,6.013671875
FP32-FINAL-CPU-BEST-r2,FP32-FINAL-CPU-BEST,2,ok,True,False,False,False,True,17,True,actor_update,True,17.816265024244785,11,before_actor_load,after_actor_offload,0.017822265625,0.017822265625,6.344898700714111,0.0,0.068359375,0.06640625,10.11328125,-0.001953125,0.4014892578125,0.3995361328125,10.4464111328125,-0.001953125,35.376365661621094,35.37620162963867,40.21132278442383,-0.000164031982421875,8.377046585083008,10.11328125,8.359224319458008,10.046875
FP32-FINAL-CPU-BEST-r2,FP32-FINAL-CPU-BEST,2,ok,True,False,False,False,True,17,True,reference_log_prob,True,1.6105461828410625,4,before_reference_log_prob,after_reference_offload,0.017822265625,0.01784801483154297,5.768889904022217,2.574920654296875e-05,0.068359375,0.068359375,6.044921875,0.0,0.4014892578125,0.4014892578125,6.3780517578125,0.0,35.376365661621094,35.376365661621094,35.376365661621094,0.0,5.915378093719482,6.044921875,5.8975300788879395,5.9765625
FP32-FINAL-CPU-BEST-r2,FP32-FINAL-CPU-BEST,2,ok,True,False,False,False,True,17,True,rollout,True,4.812385927885771,3,before_rollout,after_rollout_cleanup,0.017827987670898438,5.768869876861572,5.768892765045166,5.751041889190674,0.068359375,5.876953125,5.900390625,5.80859375,0.4014892578125,6.2100830078125,6.2335205078125,5.80859375,35.376365661621094,35.376365661621094,35.376365661621094,0.0,5.814423084259033,5.94140625,0.04555320739746094,0.064453125
FP32-FINAL-CPU-BEST-r2,FP32-FINAL-CPU-BEST,2,ok,True,False,False,False,True,18,True,actor_log_prob,True,1.092873491346836,2,before_actor_log_prob,after_actor_log_prob,5.768864154815674,0.01784801483154297,5.768864154815674,-5.751016139984131,5.876953125,0.068359375,5.876953125,-5.80859375,6.2100830078125,0.4014892578125,6.2100830078125,-5.80859375,35.37620162963867,35.37620162963867,35.37620162963867,0.0,5.952487945556641,6.08203125,5.934639930725098,6.013671875
FP32-FINAL-CPU-BEST-r2,FP32-FINAL-CPU-BEST,2,ok,True,False,False,False,True,18,True,actor_update,True,17.8713860809803,11,before_actor_load,after_actor_offload,0.017822265625,0.017822265625,6.344898700714111,0.0,0.068359375,0.06640625,10.11328125,-0.001953125,0.4014892578125,0.3995361328125,10.4464111328125,-0.001953125,35.37620162963867,35.3148193359375,40.24473190307617,-0.061382293701171875,8.377046585083008,10.11328125,8.359224319458008,10.046875
FP32-FINAL-CPU-BEST-r2,FP32-FINAL-CPU-BEST,2,ok,True,False,False,False,True,18,True,reference_log_prob,True,1.615821611136198,4,before_reference_log_prob,after_reference_offload,0.017822265625,0.01784801483154297,5.768889904022217,2.574920654296875e-05,0.068359375,0.068359375,6.044921875,0.0,0.4014892578125,0.4014892578125,6.3780517578125,0.0,35.37620162963867,35.37620162963867,35.37620162963867,0.0,5.915378093719482,6.044921875,5.8975300788879395,5.9765625
FP32-FINAL-CPU-BEST-r2,FP32-FINAL-CPU-BEST,2,ok,True,False,False,False,True,18,True,rollout,True,4.821521066129208,3,before_rollout,after_rollout_cleanup,0.017827987670898438,5.768869876861572,5.768892765045166,5.751041889190674,0.068359375,5.876953125,5.900390625,5.80859375,0.4014892578125,6.2100830078125,6.2335205078125,5.80859375,35.37620162963867,35.37620162963867,35.37620162963867,0.0,5.814423084259033,5.94140625,0.04555320739746094,0.064453125
FP32-FINAL-CPU-BEST-r2,FP32-FINAL-CPU-BEST,2,ok,True,False,False,False,True,19,True,actor_log_prob,True,1.0979099497199059,2,before_actor_log_prob,after_actor_log_prob,5.768864154815674,0.01784801483154297,5.768864154815674,-5.751016139984131,5.876953125,0.068359375,5.876953125,-5.80859375,6.2100830078125,0.4014892578125,6.2100830078125,-5.80859375,35.3148193359375,35.3148193359375,35.3148193359375,0.0,5.952487945556641,6.08203125,5.934639930725098,6.013671875
FP32-FINAL-CPU-BEST-r2,FP32-FINAL-CPU-BEST,2,ok,True,False,False,False,True,19,True,actor_update,True,18.008436542004347,11,before_actor_load,after_actor_offload,0.017822265625,0.017822265625,6.344898700714111,0.0,0.068359375,0.06640625,10.11328125,-0.001953125,0.4014892578125,0.3995361328125,10.4464111328125,-0.001953125,35.3148193359375,35.31485366821289,40.202392578125,3.4332275390625e-05,8.377046585083008,10.11328125,8.359224319458008,10.046875
FP32-FINAL-CPU-BEST-r2,FP32-FINAL-CPU-BEST,2,ok,True,False,False,False,True,19,True,reference_log_prob,True,1.61723617836833,4,before_reference_log_prob,after_reference_offload,0.017822265625,0.01784801483154297,5.768889904022217,2.574920654296875e-05,0.068359375,0.068359375,6.044921875,0.0,0.4014892578125,0.4014892578125,6.3780517578125,0.0,35.3148193359375,35.3148193359375,35.3148193359375,0.0,5.915378093719482,6.044921875,5.8975300788879395,5.9765625
FP32-FINAL-CPU-BEST-r2,FP32-FINAL-CPU-BEST,2,ok,True,False,False,False,True,19,True,rollout,True,4.821453768759966,3,before_rollout,after_rollout_cleanup,0.017827987670898438,5.768869876861572,5.768892765045166,5.751041889190674,0.068359375,5.876953125,5.900390625,5.80859375,0.4014892578125,6.2100830078125,6.2335205078125,5.80859375,35.3148193359375,35.3148193359375,35.3148193359375,0.0,5.814423084259033,5.94140625,0.04555320739746094,0.064453125
FP32-FINAL-CPU-BEST-r2,FP32-FINAL-CPU-BEST,2,ok,True,False,False,False,True,20,True,actor_log_prob,True,1.0986844152212143,2,before_actor_log_prob,after_actor_log_prob,5.768864154815674,0.01784801483154297,5.768864154815674,-5.751016139984131,5.876953125,0.068359375,5.876953125,-5.80859375,6.2100830078125,0.4014892578125,6.2100830078125,-5.80859375,35.31485366821289,35.31485366821289,35.31485366821289,0.0,5.952487945556641,6.08203125,5.934639930725098,6.013671875
FP32-FINAL-CPU-BEST-r2,FP32-FINAL-CPU-BEST,2,ok,True,False,False,False,True,20,True,actor_update,True,17.96042348444462,11,before_actor_load,after_actor_offload,0.017822265625,0.017822265625,6.344898700714111,0.0,0.068359375,0.06640625,10.11328125,-0.001953125,0.4014892578125,0.3995361328125,10.4464111328125,-0.001953125,35.31485366821289,35.31472396850586,40.20242691040039,-0.00012969970703125,8.377046585083008,10.11328125,8.359224319458008,10.046875
FP32-FINAL-CPU-BEST-r2,FP32-FINAL-CPU-BEST,2,ok,True,False,False,False,True,20,True,reference_log_prob,True,1.612360704690218,4,before_reference_log_prob,after_reference_offload,0.017822265625,0.01784801483154297,5.768889904022217,2.574920654296875e-05,0.068359375,0.068359375,6.044921875,0.0,0.4014892578125,0.4014892578125,6.3780517578125,0.0,35.31485366821289,35.31485366821289,35.31485366821289,0.0,5.915378093719482,6.044921875,5.8975300788879395,5.9765625
FP32-FINAL-CPU-BEST-r2,FP32-FINAL-CPU-BEST,2,ok,True,False,False,False,True,20,True,rollout,True,4.842574696987867,3,before_rollout,after_rollout_cleanup,0.017827987670898438,5.768869876861572,5.768892765045166,5.751041889190674,0.068359375,5.876953125,5.900390625,5.80859375,0.4014892578125,6.2100830078125,6.2335205078125,5.80859375,35.31485366821289,35.31485366821289,35.31485366821289,0.0,5.814423084259033,5.94140625,0.04555320739746094,0.064453125
FP32-FINAL-CPU-BEST-r2,FP32-FINAL-CPU-BEST,2,ok,True,False,False,False,True,21,True,actor_log_prob,True,1.103139504790306,2,before_actor_log_prob,after_actor_log_prob,5.768864154815674,0.01784801483154297,5.768864154815674,-5.751016139984131,5.876953125,0.068359375,5.876953125,-5.80859375,6.2100830078125,0.4014892578125,6.2100830078125,-5.80859375,35.31472396850586,35.31472396850586,35.31472396850586,0.0,5.952487945556641,6.08203125,5.934639930725098,6.013671875
FP32-FINAL-CPU-BEST-r2,FP32-FINAL-CPU-BEST,2,ok,True,False,False,False,True,21,True,actor_update,True,17.889702145010233,11,before_actor_load,after_actor_offload,0.017822265625,0.017822265625,6.344898700714111,0.0,0.068359375,0.06640625,10.11328125,-0.001953125,0.4014892578125,0.3995361328125,10.4464111328125,-0.001953125,35.31496810913086,35.31476593017578,40.22024154663086,-0.000202178955078125,8.377046585083008,10.11328125,8.359224319458008,10.046875
FP32-FINAL-CPU-BEST-r2,FP32-FINAL-CPU-BEST,2,ok,True,False,False,False,True,21,True,reference_log_prob,True,1.618163175880909,4,before_reference_log_prob,after_reference_offload,0.017822265625,0.01784801483154297,5.768889904022217,2.574920654296875e-05,0.068359375,0.068359375,6.044921875,0.0,0.4014892578125,0.4014892578125,6.3780517578125,0.0,35.31484603881836,35.31484603881836,35.31484603881836,0.0,5.915378093719482,6.044921875,5.8975300788879395,5.9765625
FP32-FINAL-CPU-BEST-r2,FP32-FINAL-CPU-BEST,2,ok,True,False,False,False,True,21,True,rollout,True,4.8301160000264645,3,before_rollout,after_rollout_cleanup,0.017827987670898438,5.768869876861572,5.768892765045166,5.751041889190674,0.068359375,5.876953125,5.900390625,5.80859375,0.4014892578125,6.2100830078125,6.2335205078125,5.80859375,35.31472396850586,35.31472396850586,35.31472396850586,0.0,5.814423084259033,5.94140625,0.04555320739746094,0.064453125
FP32-FINAL-CPU-BEST-r2,FP32-FINAL-CPU-BEST,2,ok,True,False,False,False,True,22,True,actor_log_prob,True,1.0983856953680515,2,before_actor_log_prob,after_actor_log_prob,5.768864154815674,0.01784801483154297,5.768864154815674,-5.751016139984131,5.876953125,0.068359375,5.876953125,-5.80859375,6.2100830078125,0.4014892578125,6.2100830078125,-5.80859375,35.31476593017578,35.31476593017578,35.31476593017578,0.0,5.952487945556641,6.08203125,5.934639930725098,6.013671875
FP32-FINAL-CPU-BEST-r2,FP32-FINAL-CPU-BEST,2,ok,True,False,False,False,True,22,True,actor_update,True,17.827317111194134,11,before_actor_load,after_actor_offload,0.017822265625,0.017822265625,6.344898700714111,0.0,0.068359375,0.06640625,10.11328125,-0.001953125,0.4014892578125,0.3995361328125,10.4464111328125,-0.001953125,35.31476593017578,35.31478500366211,40.22003936767578,1.9073486328125e-05,8.377046585083008,10.11328125,8.359224319458008,10.046875
FP32-FINAL-CPU-BEST-r2,FP32-FINAL-CPU-BEST,2,ok,True,False,False,False,True,22,True,reference_log_prob,True,1.6108953207731247,4,before_reference_log_prob,after_reference_offload,0.017822265625,0.01784801483154297,5.768889904022217,2.574920654296875e-05,0.068359375,0.068359375,6.044921875,0.0,0.4014892578125,0.4014892578125,6.3780517578125,0.0,35.31476593017578,35.31476593017578,35.31476593017578,0.0,5.915378093719482,6.044921875,5.8975300788879395,5.9765625
FP32-FINAL-CPU-BEST-r2,FP32-FINAL-CPU-BEST,2,ok,True,False,False,False,True,22,True,rollout,True,4.82792554795742,3,before_rollout,after_rollout_cleanup,0.017827987670898438,5.768869876861572,5.768892765045166,5.751041889190674,0.068359375,5.876953125,5.900390625,5.80859375,0.4014892578125,6.2100830078125,6.2335205078125,5.80859375,35.31476593017578,35.31476593017578,35.31476593017578,0.0,5.814423084259033,5.94140625,0.04555320739746094,0.064453125
FP32-FINAL-CPU-BEST-r2,FP32-FINAL-CPU-BEST,2,ok,True,False,False,False,True,23,True,actor_log_prob,True,1.0977004244923592,2,before_actor_log_prob,after_actor_log_prob,5.768864154815674,0.01784801483154297,5.768864154815674,-5.751016139984131,5.876953125,0.068359375,5.876953125,-5.80859375,6.2100830078125,0.4014892578125,6.2100830078125,-5.80859375,35.31478500366211,35.31478500366211,35.31478500366211,0.0,5.952487945556641,6.08203125,5.934639930725098,6.013671875
FP32-FINAL-CPU-BEST-r2,FP32-FINAL-CPU-BEST,2,ok,True,False,False,False,True,23,True,actor_update,True,18.290944389998913,11,before_actor_load,after_actor_offload,0.017822265625,0.017822265625,6.344898700714111,0.0,0.068359375,0.06640625,10.11328125,-0.001953125,0.4014892578125,0.3995361328125,10.4464111328125,-0.001953125,35.31490707397461,35.315425872802734,40.21151351928711,0.000518798828125,8.377046585083008,10.11328125,8.359224319458008,10.046875
FP32-FINAL-CPU-BEST-r2,FP32-FINAL-CPU-BEST,2,ok,True,False,False,False,True,23,True,reference_log_prob,True,1.615348283201456,4,before_reference_log_prob,after_reference_offload,0.017822265625,0.01784801483154297,5.768889904022217,2.574920654296875e-05,0.068359375,0.068359375,6.044921875,0.0,0.4014892578125,0.4014892578125,6.3780517578125,0.0,35.31478500366211,35.31478500366211,35.31478500366211,0.0,5.915378093719482,6.044921875,5.8975300788879395,5.9765625
FP32-FINAL-CPU-BEST-r2,FP32-FINAL-CPU-BEST,2,ok,True,False,False,False,True,23,True,rollout,True,4.832896612584591,3,before_rollout,after_rollout_cleanup,0.017827987670898438,5.768869876861572,5.768892765045166,5.751041889190674,0.068359375,5.876953125,5.900390625,5.80859375,0.4014892578125,6.2100830078125,6.2335205078125,5.80859375,35.31478500366211,35.31478500366211,35.31478500366211,0.0,5.814423084259033,5.94140625,0.04555320739746094,0.064453125
FP32-FINAL-CPU-BEST-r2,FP32-FINAL-CPU-BEST,2,ok,True,False,False,False,True,24,True,actor_log_prob,True,1.0867784731090069,2,before_actor_log_prob,after_actor_log_prob,5.768864154815674,0.01784801483154297,5.768864154815674,-5.751016139984131,5.876953125,0.068359375,5.876953125,-5.80859375,6.2100830078125,0.4014892578125,6.2100830078125,-5.80859375,35.315425872802734,35.315425872802734,35.315425872802734,0.0,5.952487945556641,6.08203125,5.934639930725098,6.013671875
FP32-FINAL-CPU-BEST-r2,FP32-FINAL-CPU-BEST,2,ok,True,False,False,False,True,24,True,actor_update,True,17.97063186019659,11,before_actor_load,after_actor_offload,0.017822265625,0.017822265625,6.344898700714111,0.0,0.068359375,0.06640625,10.11328125,-0.001953125,0.4014892578125,0.3995361328125,10.4464111328125,-0.001953125,35.315425872802734,35.31535339355469,40.202754974365234,-7.2479248046875e-05,8.377046585083008,10.11328125,8.359224319458008,10.046875
FP32-FINAL-CPU-BEST-r2,FP32-FINAL-CPU-BEST,2,ok,True,False,False,False,True,24,True,reference_log_prob,True,1.6127374731004238,4,before_reference_log_prob,after_reference_offload,0.017822265625,0.01784801483154297,5.768889904022217,2.574920654296875e-05,0.068359375,0.068359375,6.044921875,0.0,0.4014892578125,0.4014892578125,6.3780517578125,0.0,35.315425872802734,35.315425872802734,35.315425872802734,0.0,5.915378093719482,6.044921875,5.8975300788879395,5.9765625
FP32-FINAL-CPU-BEST-r2,FP32-FINAL-CPU-BEST,2,ok,True,False,False,False,True,24,True,rollout,True,4.820304125547409,3,before_rollout,after_rollout_cleanup,0.017827987670898438,5.768869876861572,5.768892765045166,5.751041889190674,0.068359375,5.876953125,5.900390625,5.80859375,0.4014892578125,6.2100830078125,6.2335205078125,5.80859375,35.315425872802734,35.315425872802734,35.315425872802734,0.0,5.814423084259033,5.94140625,0.04555320739746094,0.064453125
FP32-FINAL-CPU-BEST-r2,FP32-FINAL-CPU-BEST,2,ok,True,False,False,False,True,25,True,actor_log_prob,True,1.102892141789198,2,before_actor_log_prob,after_actor_log_prob,5.768864154815674,0.01784801483154297,5.768864154815674,-5.751016139984131,5.876953125,0.068359375,5.876953125,-5.80859375,6.2100830078125,0.4014892578125,6.2100830078125,-5.80859375,35.31547546386719,35.31547546386719,35.31547546386719,0.0,5.952487945556641,6.08203125,5.934639930725098,6.013671875
FP32-FINAL-CPU-BEST-r2,FP32-FINAL-CPU-BEST,2,ok,True,False,False,False,True,25,True,actor_update,True,17.889832720160484,11,before_actor_load,after_actor_offload,0.017822265625,0.017822265625,6.344898700714111,0.0,0.068359375,0.06640625,10.11328125,-0.001953125,0.4014892578125,0.3995361328125,10.4464111328125,-0.001953125,35.31547546386719,35.3155632019043,40.21195983886719,8.7738037109375e-05,8.377046585083008,10.11328125,8.359224319458008,10.046875
FP32-FINAL-CPU-BEST-r2,FP32-FINAL-CPU-BEST,2,ok,True,False,False,False,True,25,True,reference_log_prob,True,1.6119614727795124,4,before_reference_log_prob,after_reference_offload,0.017822265625,0.01784801483154297,5.768889904022217,2.574920654296875e-05,0.068359375,0.068359375,6.044921875,0.0,0.4014892578125,0.4014892578125,6.3780517578125,0.0,35.31547546386719,35.31547546386719,35.31547546386719,0.0,5.915378093719482,6.044921875,5.8975300788879395,5.9765625
FP32-FINAL-CPU-BEST-r2,FP32-FINAL-CPU-BEST,2,ok,True,False,False,False,True,25,True,rollout,True,4.812042288482189,3,before_rollout,after_rollout_cleanup,0.017827987670898438,5.768869876861572,5.768892765045166,5.751041889190674,0.068359375,5.876953125,5.900390625,5.80859375,0.4014892578125,6.2100830078125,6.2335205078125,5.80859375,35.31535339355469,35.31535339355469,35.31535339355469,0.0,5.814423084259033,5.94140625,0.04555320739746094,0.064453125
FP32-FINAL-CPU-BEST-r2,FP32-FINAL-CPU-BEST,2,ok,True,False,False,False,True,26,True,actor_log_prob,True,1.1008124127984047,2,before_actor_log_prob,after_actor_log_prob,5.768864154815674,0.01784801483154297,5.768864154815674,-5.751016139984131,5.876953125,0.068359375,5.876953125,-5.80859375,6.2100830078125,0.4014892578125,6.2100830078125,-5.80859375,35.3155632019043,35.3155632019043,35.3155632019043,0.0,5.952487945556641,6.08203125,5.934639930725098,6.013671875
FP32-FINAL-CPU-BEST-r2,FP32-FINAL-CPU-BEST,2,ok,True,False,False,False,True,26,True,actor_update,True,17.79890026897192,11,before_actor_load,after_actor_offload,0.017822265625,0.017822265625,6.344898700714111,0.0,0.068359375,0.06640625,10.11328125,-0.001953125,0.4014892578125,0.3995361328125,10.4464111328125,-0.001953125,35.3155632019043,35.31542205810547,40.2031364440918,-0.000141143798828125,8.377046585083008,10.11328125,8.359224319458008,10.046875
FP32-FINAL-CPU-BEST-r2,FP32-FINAL-CPU-BEST,2,ok,True,False,False,False,True,26,True,reference_log_prob,True,1.7898242846131325,4,before_reference_log_prob,after_reference_offload,0.017822265625,0.01784801483154297,5.768889904022217,2.574920654296875e-05,0.068359375,0.068359375,6.044921875,0.0,0.4014892578125,0.4014892578125,6.3780517578125,0.0,35.3155632019043,35.3155632019043,35.3155632019043,0.0,5.915378093719482,6.044921875,5.8975300788879395,5.9765625
FP32-FINAL-CPU-BEST-r2,FP32-FINAL-CPU-BEST,2,ok,True,False,False,False,True,26,True,rollout,True,4.800552062690258,3,before_rollout,after_rollout_cleanup,0.017827987670898438,5.768869876861572,5.768892765045166,5.751041889190674,0.068359375,5.876953125,5.900390625,5.80859375,0.4014892578125,6.2100830078125,6.2335205078125,5.80859375,35.3155632019043,35.3155632019043,35.3155632019043,0.0,5.814423084259033,5.94140625,0.04555320739746094,0.064453125
FP32-FINAL-CPU-BEST-r2,FP32-FINAL-CPU-BEST,2,ok,True,False,False,False,True,27,True,actor_log_prob,True,1.1000615991652012,2,before_actor_log_prob,after_actor_log_prob,5.768864154815674,0.01784801483154297,5.768864154815674,-5.751016139984131,5.876953125,0.068359375,5.876953125,-5.80859375,6.2100830078125,0.4014892578125,6.2100830078125,-5.80859375,35.31542205810547,35.31542205810547,35.31542205810547,0.0,5.952487945556641,6.08203125,5.934639930725098,6.013671875
FP32-FINAL-CPU-BEST-r2,FP32-FINAL-CPU-BEST,2,ok,True,False,False,False,True,27,True,actor_update,True,17.90958606824279,11,before_actor_load,after_actor_offload,0.017822265625,0.017822265625,6.344898700714111,0.0,0.068359375,0.06640625,10.11328125,-0.001953125,0.4014892578125,0.3995361328125,10.4464111328125,-0.001953125,35.31542205810547,35.31516647338867,40.20287322998047,-0.000255584716796875,8.377046585083008,10.11328125,8.359224319458008,10.046875
FP32-FINAL-CPU-BEST-r2,FP32-FINAL-CPU-BEST,2,ok,True,False,False,False,True,27,True,reference_log_prob,True,1.6125370897352695,4,before_reference_log_prob,after_reference_offload,0.017822265625,0.01784801483154297,5.768889904022217,2.574920654296875e-05,0.068359375,0.068359375,6.044921875,0.0,0.4014892578125,0.4014892578125,6.3780517578125,0.0,35.31542205810547,35.31542205810547,35.31542205810547,0.0,5.915378093719482,6.044921875,5.8975300788879395,5.9765625
FP32-FINAL-CPU-BEST-r2,FP32-FINAL-CPU-BEST,2,ok,True,False,False,False,True,27,True,rollout,True,4.920646298676729,3,before_rollout,after_rollout_cleanup,0.017827987670898438,5.768869876861572,5.768892765045166,5.751041889190674,0.068359375,5.876953125,5.900390625,5.80859375,0.4014892578125,6.2100830078125,6.2335205078125,5.80859375,35.31542205810547,35.31542205810547,35.31542205810547,0.0,5.814423084259033,5.94140625,0.04555320739746094,0.064453125
FP32-FINAL-CPU-BEST-r2,FP32-FINAL-CPU-BEST,2,ok,True,False,False,False,True,28,True,actor_log_prob,True,1.099796250462532,2,before_actor_log_prob,after_actor_log_prob,5.768864154815674,0.01784801483154297,5.768864154815674,-5.751016139984131,5.876953125,0.068359375,5.876953125,-5.80859375,6.2100830078125,0.4014892578125,6.2100830078125,-5.80859375,35.31516647338867,35.31516647338867,35.31516647338867,0.0,5.952487945556641,6.08203125,5.934639930725098,6.013671875
FP32-FINAL-CPU-BEST-r2,FP32-FINAL-CPU-BEST,2,ok,True,False,False,False,True,28,True,actor_update,True,18.00979856029153,11,before_actor_load,after_actor_offload,0.017822265625,0.017822265625,6.344898700714111,0.0,0.068359375,0.06640625,10.11328125,-0.001953125,0.4014892578125,0.3995361328125,10.4464111328125,-0.001953125,35.31516647338867,35.315128326416016,40.20286178588867,-3.814697265625e-05,8.377046585083008,10.11328125,8.359224319458008,10.046875
FP32-FINAL-CPU-BEST-r2,FP32-FINAL-CPU-BEST,2,ok,True,False,False,False,True,28,True,reference_log_prob,True,1.6032857969403267,4,before_reference_log_prob,after_reference_offload,0.017822265625,0.01784801483154297,5.768889904022217,2.574920654296875e-05,0.068359375,0.068359375,6.044921875,0.0,0.4014892578125,0.4014892578125,6.3780517578125,0.0,35.31516647338867,35.31516647338867,35.31516647338867,0.0,5.915378093719482,6.044921875,5.8975300788879395,5.9765625
FP32-FINAL-CPU-BEST-r2,FP32-FINAL-CPU-BEST,2,ok,True,False,False,False,True,28,True,rollout,True,4.832997594028711,3,before_rollout,after_rollout_cleanup,0.017827987670898438,5.768869876861572,5.768892765045166,5.751041889190674,0.068359375,5.876953125,5.900390625,5.80859375,0.4014892578125,6.2100830078125,6.2335205078125,5.80859375,35.31516647338867,35.31516647338867,35.31516647338867,0.0,5.814423084259033,5.94140625,0.04555320739746094,0.064453125
FP32-FINAL-CPU-BEST-r2,FP32-FINAL-CPU-BEST,2,ok,True,False,False,False,True,29,True,actor_log_prob,True,1.2228346168994904,2,before_actor_log_prob,after_actor_log_prob,5.768864154815674,0.01784801483154297,5.768864154815674,-5.751016139984131,5.876953125,0.068359375,5.876953125,-5.80859375,6.2100830078125,0.4014892578125,6.2100830078125,-5.80859375,35.315128326416016,35.315128326416016,35.315128326416016,0.0,5.952487945556641,6.08203125,5.934639930725098,6.013671875
FP32-FINAL-CPU-BEST-r2,FP32-FINAL-CPU-BEST,2,ok,True,False,False,False,True,29,True,actor_update,True,18.023664128035307,11,before_actor_load,after_actor_offload,0.017822265625,0.017822265625,6.344898700714111,0.0,0.068359375,0.06640625,10.11328125,-0.001953125,0.4014892578125,0.3995361328125,10.4464111328125,-0.001953125,35.315250396728516,35.31537628173828,40.202945709228516,0.000125885009765625,8.377046585083008,10.11328125,8.359224319458008,10.046875
FP32-FINAL-CPU-BEST-r2,FP32-FINAL-CPU-BEST,2,ok,True,False,False,False,True,29,True,reference_log_prob,True,1.6156164407730103,4,before_reference_log_prob,after_reference_offload,0.017822265625,0.01784801483154297,5.768889904022217,2.574920654296875e-05,0.068359375,0.068359375,6.044921875,0.0,0.4014892578125,0.4014892578125,6.3780517578125,0.0,35.315250396728516,35.315250396728516,35.315250396728516,0.0,5.915378093719482,6.044921875,5.8975300788879395,5.9765625
FP32-FINAL-CPU-BEST-r2,FP32-FINAL-CPU-BEST,2,ok,True,False,False,False,True,29,True,rollout,True,4.815001364797354,3,before_rollout,after_rollout_cleanup,0.017827987670898438,5.768869876861572,5.768892765045166,5.751041889190674,0.068359375,5.876953125,5.900390625,5.80859375,0.4014892578125,6.2100830078125,6.2335205078125,5.80859375,35.315128326416016,35.315128326416016,35.315128326416016,0.0,5.814423084259033,5.94140625,0.04555320739746094,0.064453125
FP32-FINAL-CPU-BEST-r2,FP32-FINAL-CPU-BEST,2,ok,True,False,False,False,True,30,True,actor_log_prob,True,1.097033254802227,2,before_actor_log_prob,after_actor_log_prob,5.768864154815674,0.01784801483154297,5.768864154815674,-5.751016139984131,5.876953125,0.068359375,5.876953125,-5.80859375,6.2100830078125,0.4014892578125,6.2100830078125,-5.80859375,35.31537628173828,35.31537628173828,35.31537628173828,0.0,5.952487945556641,6.08203125,5.934639930725098,6.013671875
FP32-FINAL-CPU-BEST-r2,FP32-FINAL-CPU-BEST,2,ok,True,False,False,False,True,30,True,actor_update,True,17.867940414696932,11,before_actor_load,after_actor_offload,0.017822265625,0.017822265625,6.344898700714111,0.0,0.068359375,0.06640625,10.11328125,-0.001953125,0.4014892578125,0.3995361328125,10.4464111328125,-0.001953125,35.31537628173828,35.37706756591797,40.20307159423828,0.0616912841796875,8.377046585083008,10.11328125,8.359224319458008,10.046875
FP32-FINAL-CPU-BEST-r2,FP32-FINAL-CPU-BEST,2,ok,True,False,False,False,True,30,True,reference_log_prob,True,1.6216375902295113,4,before_reference_log_prob,after_reference_offload,0.017822265625,0.01784801483154297,5.768889904022217,2.574920654296875e-05,0.068359375,0.068359375,6.044921875,0.0,0.4014892578125,0.4014892578125,6.3780517578125,0.0,35.31537628173828,35.31537628173828,35.31537628173828,0.0,5.915378093719482,6.044921875,5.8975300788879395,5.9765625
FP32-FINAL-CPU-BEST-r2,FP32-FINAL-CPU-BEST,2,ok,True,False,False,False,True,30,True,rollout,True,4.7967568673193455,3,before_rollout,after_rollout_cleanup,0.017827987670898438,5.768869876861572,5.768892765045166,5.751041889190674,0.068359375,5.876953125,5.900390625,5.80859375,0.4014892578125,6.2100830078125,6.2335205078125,5.80859375,35.31537628173828,35.31537628173828,35.31537628173828,0.0,5.814423084259033,5.94140625,0.04555320739746094,0.064453125
FP32-FINAL-CPU-BEST-r2,FP32-FINAL-CPU-BEST,2,ok,True,False,False,False,True,31,True,actor_log_prob,True,1.0937091782689095,2,before_actor_log_prob,after_actor_log_prob,5.768864154815674,0.01784801483154297,5.768864154815674,-5.751016139984131,5.876953125,0.068359375,5.876953125,-5.80859375,6.2100830078125,0.4014892578125,6.2100830078125,-5.80859375,35.37706756591797,35.37706756591797,35.37706756591797,0.0,5.952487945556641,6.08203125,5.934639930725098,6.013671875
FP32-FINAL-CPU-BEST-r2,FP32-FINAL-CPU-BEST,2,ok,True,False,False,False,True,31,True,actor_update,True,17.93032593280077,11,before_actor_load,after_actor_offload,0.017822265625,0.017822265625,6.344898700714111,0.0,0.068359375,0.06640625,10.11328125,-0.001953125,0.4014892578125,0.3995361328125,10.4464111328125,-0.001953125,35.37718963623047,35.310821533203125,40.19110870361328,-0.06636810302734375,8.377046585083008,10.11328125,8.359224319458008,10.046875
FP32-FINAL-CPU-BEST-r2,FP32-FINAL-CPU-BEST,2,ok,True,False,False,False,True,31,True,reference_log_prob,True,1.6213732957839966,4,before_reference_log_prob,after_reference_offload,0.017822265625,0.01784801483154297,5.768889904022217,2.574920654296875e-05,0.068359375,0.068359375,6.044921875,0.0,0.4014892578125,0.4014892578125,6.3780517578125,0.0,35.37718963623047,35.37718963623047,35.37718963623047,0.0,5.915378093719482,6.044921875,5.8975300788879395,5.9765625
FP32-FINAL-CPU-BEST-r2,FP32-FINAL-CPU-BEST,2,ok,True,False,False,False,True,31,True,rollout,True,4.840327210724354,3,before_rollout,after_rollout_cleanup,0.017827987670898438,5.768869876861572,5.768892765045166,5.751041889190674,0.068359375,5.876953125,5.900390625,5.80859375,0.4014892578125,6.2100830078125,6.2335205078125,5.80859375,35.37706756591797,35.37706756591797,35.37706756591797,0.0,5.814423084259033,5.94140625,0.04555320739746094,0.064453125
FP32-FINAL-CPU-BEST-r2,FP32-FINAL-CPU-BEST,2,ok,True,False,False,False,True,32,True,actor_log_prob,True,1.100195199251175,2,before_actor_log_prob,after_actor_log_prob,5.768864154815674,0.01784801483154297,5.768864154815674,-5.751016139984131,5.876953125,0.068359375,5.876953125,-5.80859375,6.2100830078125,0.4014892578125,6.2100830078125,-5.80859375,35.310821533203125,35.310821533203125,35.310821533203125,0.0,5.952487945556641,6.08203125,5.934639930725098,6.013671875
FP32-FINAL-CPU-BEST-r2,FP32-FINAL-CPU-BEST,2,ok,True,False,False,False,True,32,True,actor_update,True,17.88204739242792,11,before_actor_load,after_actor_offload,0.017822265625,0.017822265625,6.344898700714111,0.0,0.068359375,0.06640625,10.11328125,-0.001953125,0.4014892578125,0.3995361328125,10.4464111328125,-0.001953125,35.310821533203125,35.31080627441406,40.215972900390625,-1.52587890625e-05,8.377046585083008,10.11328125,8.359224319458008,10.046875
FP32-FINAL-CPU-BEST-r2,FP32-FINAL-CPU-BEST,2,ok,True,False,False,False,True,32,True,reference_log_prob,True,1.6173761487007141,4,before_reference_log_prob,after_reference_offload,0.017822265625,0.01784801483154297,5.768889904022217,2.574920654296875e-05,0.068359375,0.068359375,6.044921875,0.0,0.4014892578125,0.4014892578125,6.3780517578125,0.0,35.310821533203125,35.310821533203125,35.310821533203125,0.0,5.915378093719482,6.044921875,5.8975300788879395,5.9765625
FP32-FINAL-CPU-BEST-r2,FP32-FINAL-CPU-BEST,2,ok,True,False,False,False,True,32,True,rollout,True,4.813949201256037,3,before_rollout,after_rollout_cleanup,0.017827987670898438,5.768869876861572,5.768892765045166,5.751041889190674,0.068359375,5.876953125,5.900390625,5.80859375,0.4014892578125,6.2100830078125,6.2335205078125,5.80859375,35.310821533203125,35.310821533203125,35.310821533203125,0.0,5.814423084259033,5.94140625,0.04555320739746094,0.064453125
FP32-FINAL-CPU-BEST-r3,FP32-FINAL-CPU-BEST,3,ok,True,False,False,False,True,1,False,actor_log_prob,True,1.0983600281178951,2,before_actor_log_prob,after_actor_log_prob,5.760929584503174,0.009913444519042969,5.760929584503174,-5.751016139984131,5.869140625,0.041015625,5.869140625,-5.828125,6.1944580078125,0.3663330078125,6.1944580078125,-5.828125,22.997894287109375,23.000823974609375,23.000823974609375,0.0029296875,5.944553375244141,6.07421875,5.934639930725098,6.033203125
FP32-FINAL-CPU-BEST-r3,FP32-FINAL-CPU-BEST,3,ok,True,False,False,False,True,1,False,actor_update,True,23.991534899920225,11,before_actor_load,after_actor_offload,0.0098876953125,0.017822265625,6.336964130401611,0.0079345703125,0.041015625,0.06640625,10.10546875,0.025390625,0.3663330078125,0.3995361328125,10.4385986328125,0.033203125,23.000946044921875,34.885982513427734,34.885982513427734,11.88503646850586,8.377046585083008,10.10546875,8.359224319458008,10.0390625
FP32-FINAL-CPU-BEST-r3,FP32-FINAL-CPU-BEST,3,ok,True,False,False,False,True,1,False,reference_log_prob,True,1.615784790366888,4,before_reference_log_prob,after_reference_offload,0.0098876953125,0.009913444519042969,5.760955333709717,2.574920654296875e-05,0.041015625,0.041015625,6.037109375,0.0,0.3663330078125,0.3663330078125,6.3624267578125,0.0,23.000823974609375,23.000946044921875,23.000946044921875,0.0001220703125,5.907443523406982,6.037109375,5.8975300788879395,5.99609375
FP32-FINAL-CPU-BEST-r3,FP32-FINAL-CPU-BEST,3,ok,True,False,False,False,True,1,False,rollout,True,4.982950530946255,3,before_rollout,after_rollout_cleanup,0.0019588470458984375,5.760935306549072,5.760958194732666,5.758976459503174,0.021484375,5.869140625,5.892578125,5.84765625,0.2315673828125,6.1944580078125,6.1944580078125,5.962890625,22.882835388183594,22.997283935546875,22.997283935546875,0.11444854736328125,5.806488513946533,5.93359375,0.04555320739746094,0.064453125
FP32-FINAL-CPU-BEST-r3,FP32-FINAL-CPU-BEST,3,ok,True,False,False,False,True,2,False,actor_log_prob,True,1.0983487740159035,2,before_actor_log_prob,after_actor_log_prob,5.768864154815674,0.01784801483154297,5.768864154815674,-5.751016139984131,5.876953125,0.068359375,5.876953125,-5.80859375,6.2100830078125,0.4014892578125,6.2100830078125,-5.80859375,34.885982513427734,34.885982513427734,34.885982513427734,0.0,5.952487945556641,6.08203125,5.934639930725098,6.013671875
FP32-FINAL-CPU-BEST-r3,FP32-FINAL-CPU-BEST,3,ok,True,False,False,False,True,2,False,actor_update,True,18.82219720631838,11,before_actor_load,after_actor_offload,0.017822265625,0.017822265625,6.344898700714111,0.0,0.068359375,0.06640625,10.11328125,-0.001953125,0.4014892578125,0.3995361328125,10.4464111328125,-0.001953125,34.886104583740234,34.912628173828125,40.109615325927734,0.026523590087890625,8.377046585083008,10.11328125,8.359224319458008,10.046875
FP32-FINAL-CPU-BEST-r3,FP32-FINAL-CPU-BEST,3,ok,True,False,False,False,True,2,False,reference_log_prob,True,1.6057417280972004,4,before_reference_log_prob,after_reference_offload,0.017822265625,0.01784801483154297,5.768889904022217,2.574920654296875e-05,0.068359375,0.068359375,6.044921875,0.0,0.4014892578125,0.4014892578125,6.3780517578125,0.0,34.886104583740234,34.886104583740234,34.886104583740234,0.0,5.915378093719482,6.044921875,5.8975300788879395,5.9765625
FP32-FINAL-CPU-BEST-r3,FP32-FINAL-CPU-BEST,3,ok,True,False,False,False,True,2,False,rollout,True,4.901412159204483,3,before_rollout,after_rollout_cleanup,0.017827987670898438,5.768869876861572,5.768892765045166,5.751041889190674,0.068359375,5.876953125,5.900390625,5.80859375,0.4014892578125,6.2100830078125,6.2335205078125,5.80859375,34.885982513427734,34.885982513427734,34.885982513427734,0.0,5.814423084259033,5.94140625,0.04555320739746094,0.064453125
FP32-FINAL-CPU-BEST-r3,FP32-FINAL-CPU-BEST,3,ok,True,False,False,False,True,3,True,actor_log_prob,True,1.1402081288397312,2,before_actor_log_prob,after_actor_log_prob,5.768864154815674,0.01784801483154297,5.768864154815674,-5.751016139984131,5.876953125,0.068359375,5.876953125,-5.80859375,6.2100830078125,0.4014892578125,6.2100830078125,-5.80859375,34.912750244140625,34.912750244140625,34.912750244140625,0.0,5.952487945556641,6.08203125,5.934639930725098,6.013671875
FP32-FINAL-CPU-BEST-r3,FP32-FINAL-CPU-BEST,3,ok,True,False,False,False,True,3,True,actor_update,True,18.29687488824129,11,before_actor_load,after_actor_offload,0.017822265625,0.017822265625,6.344898700714111,0.0,0.068359375,0.06640625,10.11328125,-0.001953125,0.4014892578125,0.3995361328125,10.4464111328125,-0.001953125,34.912750244140625,34.974979400634766,40.118804931640625,0.062229156494140625,8.377046585083008,10.11328125,8.359224319458008,10.046875
FP32-FINAL-CPU-BEST-r3,FP32-FINAL-CPU-BEST,3,ok,True,False,False,False,True,3,True,reference_log_prob,True,1.614069651812315,4,before_reference_log_prob,after_reference_offload,0.017822265625,0.01784801483154297,5.768889904022217,2.574920654296875e-05,0.068359375,0.068359375,6.044921875,0.0,0.4014892578125,0.4014892578125,6.3780517578125,0.0,34.912750244140625,34.912750244140625,34.912750244140625,0.0,5.915378093719482,6.044921875,5.8975300788879395,5.9765625
FP32-FINAL-CPU-BEST-r3,FP32-FINAL-CPU-BEST,3,ok,True,False,False,False,True,3,True,rollout,True,4.838143743574619,3,before_rollout,after_rollout_cleanup,0.017827987670898438,5.768869876861572,5.768892765045166,5.751041889190674,0.068359375,5.876953125,5.900390625,5.80859375,0.4014892578125,6.2100830078125,6.2335205078125,5.80859375,34.912628173828125,34.912628173828125,34.912628173828125,0.0,5.814423084259033,5.94140625,0.04555320739746094,0.064453125
FP32-FINAL-CPU-BEST-r3,FP32-FINAL-CPU-BEST,3,ok,True,False,False,False,True,4,True,actor_log_prob,True,1.1002024561166763,2,before_actor_log_prob,after_actor_log_prob,5.768864154815674,0.01784801483154297,5.768864154815674,-5.751016139984131,5.876953125,0.068359375,5.876953125,-5.80859375,6.2100830078125,0.4014892578125,6.2100830078125,-5.80859375,34.974979400634766,34.974979400634766,34.974979400634766,0.0,5.952487945556641,6.08203125,5.934639930725098,6.013671875
FP32-FINAL-CPU-BEST-r3,FP32-FINAL-CPU-BEST,3,ok,True,False,False,False,True,4,True,actor_update,True,18.16828280687332,11,before_actor_load,after_actor_offload,0.017822265625,0.017822265625,6.344898700714111,0.0,0.068359375,0.06640625,10.11328125,-0.001953125,0.4014892578125,0.3995361328125,10.4464111328125,-0.001953125,34.974979400634766,35.03684616088867,40.13697052001953,0.06186676025390625,8.377046585083008,10.11328125,8.359224319458008,10.046875
FP32-FINAL-CPU-BEST-r3,FP32-FINAL-CPU-BEST,3,ok,True,False,False,False,True,4,True,reference_log_prob,True,1.6049497574567795,4,before_reference_log_prob,after_reference_offload,0.017822265625,0.01784801483154297,5.768889904022217,2.574920654296875e-05,0.068359375,0.068359375,6.044921875,0.0,0.4014892578125,0.4014892578125,6.3780517578125,0.0,34.974979400634766,34.974979400634766,34.974979400634766,0.0,5.915378093719482,6.044921875,5.8975300788879395,5.9765625
FP32-FINAL-CPU-BEST-r3,FP32-FINAL-CPU-BEST,3,ok,True,False,False,False,True,4,True,rollout,True,4.907159056514502,3,before_rollout,after_rollout_cleanup,0.017827987670898438,5.768869876861572,5.768892765045166,5.751041889190674,0.068359375,5.876953125,5.900390625,5.80859375,0.4014892578125,6.2100830078125,6.2335205078125,5.80859375,34.974979400634766,34.974979400634766,34.974979400634766,0.0,5.814423084259033,5.94140625,0.04555320739746094,0.064453125
FP32-FINAL-CPU-BEST-r3,FP32-FINAL-CPU-BEST,3,ok,True,False,False,False,True,5,True,actor_log_prob,True,1.100043896585703,2,before_actor_log_prob,after_actor_log_prob,5.768864154815674,0.01784801483154297,5.768864154815674,-5.751016139984131,5.876953125,0.068359375,5.876953125,-5.80859375,6.2100830078125,0.4014892578125,6.2100830078125,-5.80859375,35.03684616088867,35.03684616088867,35.03684616088867,0.0,5.952487945556641,6.08203125,5.934639930725098,6.013671875
FP32-FINAL-CPU-BEST-r3,FP32-FINAL-CPU-BEST,3,ok,True,False,False,False,True,5,True,actor_update,True,18.008856929838657,11,before_actor_load,after_actor_offload,0.017822265625,0.017822265625,6.344898700714111,0.0,0.068359375,0.06640625,10.11328125,-0.001953125,0.4014892578125,0.3995361328125,10.4464111328125,-0.001953125,35.03709030151367,35.03730773925781,40.11387252807617,0.000217437744140625,8.377046585083008,10.11328125,8.359224319458008,10.046875
FP32-FINAL-CPU-BEST-r3,FP32-FINAL-CPU-BEST,3,ok,True,False,False,False,True,5,True,reference_log_prob,True,1.6210269294679165,4,before_reference_log_prob,after_reference_offload,0.017822265625,0.01784801483154297,5.768889904022217,2.574920654296875e-05,0.068359375,0.068359375,6.044921875,0.0,0.4014892578125,0.4014892578125,6.3780517578125,0.0,35.03696823120117,35.03696823120117,35.03696823120117,0.0,5.915378093719482,6.044921875,5.8975300788879395,5.9765625
FP32-FINAL-CPU-BEST-r3,FP32-FINAL-CPU-BEST,3,ok,True,False,False,False,True,5,True,rollout,True,4.891475349664688,3,before_rollout,after_rollout_cleanup,0.017827987670898438,5.768869876861572,5.768892765045166,5.751041889190674,0.068359375,5.876953125,5.900390625,5.80859375,0.4014892578125,6.2100830078125,6.2335205078125,5.80859375,35.03684616088867,35.03684616088867,35.03684616088867,0.0,5.814423084259033,5.94140625,0.04555320739746094,0.064453125
FP32-FINAL-CPU-BEST-r3,FP32-FINAL-CPU-BEST,3,ok,True,False,False,False,True,6,True,actor_log_prob,True,1.0858517549932003,2,before_actor_log_prob,after_actor_log_prob,5.768864154815674,0.01784801483154297,5.768864154815674,-5.751016139984131,5.876953125,0.068359375,5.876953125,-5.80859375,6.2100830078125,0.4014892578125,6.2100830078125,-5.80859375,35.03742980957031,35.03742980957031,35.03742980957031,0.0,5.952487945556641,6.08203125,5.934639930725098,6.013671875
FP32-FINAL-CPU-BEST-r3,FP32-FINAL-CPU-BEST,3,ok,True,False,False,False,True,6,True,actor_update,True,18.041632939130068,11,before_actor_load,after_actor_offload,0.017822265625,0.017822265625,6.344898700714111,0.0,0.068359375,0.06640625,10.11328125,-0.001953125,0.4014892578125,0.3995361328125,10.4464111328125,-0.001953125,35.03742980957031,35.099308013916016,40.12312316894531,0.061878204345703125,8.377046585083008,10.11328125,8.359224319458008,10.046875
FP32-FINAL-CPU-BEST-r3,FP32-FINAL-CPU-BEST,3,ok,True,False,False,False,True,6,True,reference_log_prob,True,1.619997750967741,4,before_reference_log_prob,after_reference_offload,0.017822265625,0.01784801483154297,5.768889904022217,2.574920654296875e-05,0.068359375,0.068359375,6.044921875,0.0,0.4014892578125,0.4014892578125,6.3780517578125,0.0,35.03742980957031,35.03742980957031,35.03742980957031,0.0,5.915378093719482,6.044921875,5.8975300788879395,5.9765625
FP32-FINAL-CPU-BEST-r3,FP32-FINAL-CPU-BEST,3,ok,True,False,False,False,True,6,True,rollout,True,4.9066136330366135,3,before_rollout,after_rollout_cleanup,0.017827987670898438,5.768869876861572,5.768892765045166,5.751041889190674,0.068359375,5.876953125,5.900390625,5.80859375,0.4014892578125,6.2100830078125,6.2335205078125,5.80859375,35.03730773925781,35.03730773925781,35.03730773925781,0.0,5.814423084259033,5.94140625,0.04555320739746094,0.064453125
FP32-FINAL-CPU-BEST-r3,FP32-FINAL-CPU-BEST,3,ok,True,False,False,False,True,7,True,actor_log_prob,True,1.2830275930464268,2,before_actor_log_prob,after_actor_log_prob,5.768864154815674,0.01784801483154297,5.768864154815674,-5.751016139984131,5.876953125,0.068359375,5.876953125,-5.80859375,6.2100830078125,0.4014892578125,6.2100830078125,-5.80859375,35.099308013916016,35.099308013916016,35.099308013916016,0.0,5.952487945556641,6.08203125,5.934639930725098,6.013671875
FP32-FINAL-CPU-BEST-r3,FP32-FINAL-CPU-BEST,3,ok,True,False,False,False,True,7,True,actor_update,True,18.114625480026007,11,before_actor_load,after_actor_offload,0.017822265625,0.017822265625,6.344898700714111,0.0,0.068359375,0.06640625,10.11328125,-0.001953125,0.4014892578125,0.3995361328125,10.4464111328125,-0.001953125,35.099430084228516,35.038490295410156,40.13226318359375,-0.060939788818359375,8.377046585083008,10.11328125,8.359224319458008,10.046875
FP32-FINAL-CPU-BEST-r3,FP32-FINAL-CPU-BEST,3,ok,True,False,False,False,True,7,True,reference_log_prob,True,1.6050328277051449,4,before_reference_log_prob,after_reference_offload,0.017822265625,0.01784801483154297,5.768889904022217,2.574920654296875e-05,0.068359375,0.068359375,6.044921875,0.0,0.4014892578125,0.4014892578125,6.3780517578125,0.0,35.099430084228516,35.099430084228516,35.099430084228516,0.0,5.915378093719482,6.044921875,5.8975300788879395,5.9765625
FP32-FINAL-CPU-BEST-r3,FP32-FINAL-CPU-BEST,3,ok,True,False,False,False,True,7,True,rollout,True,4.882004428654909,3,before_rollout,after_rollout_cleanup,0.017827987670898438,5.768869876861572,5.768892765045166,5.751041889190674,0.068359375,5.876953125,5.900390625,5.80859375,0.4014892578125,6.2100830078125,6.2335205078125,5.80859375,35.099308013916016,35.099308013916016,35.099308013916016,0.0,5.814423084259033,5.94140625,0.04555320739746094,0.064453125
FP32-FINAL-CPU-BEST-r3,FP32-FINAL-CPU-BEST,3,ok,True,False,False,False,True,8,True,actor_log_prob,True,1.096112634986639,2,before_actor_log_prob,after_actor_log_prob,5.768864154815674,0.01784801483154297,5.768864154815674,-5.751016139984131,5.876953125,0.068359375,5.876953125,-5.80859375,6.2100830078125,0.4014892578125,6.2100830078125,-5.80859375,35.038490295410156,35.038490295410156,35.038490295410156,0.0,5.952487945556641,6.08203125,5.934639930725098,6.013671875
FP32-FINAL-CPU-BEST-r3,FP32-FINAL-CPU-BEST,3,ok,True,False,False,False,True,8,True,actor_update,True,17.946057192981243,11,before_actor_load,after_actor_offload,0.017822265625,0.017822265625,6.344898700714111,0.0,0.068359375,0.06640625,10.11328125,-0.001953125,0.4014892578125,0.3995361328125,10.4464111328125,-0.001953125,35.038490295410156,35.10021209716797,40.150550842285156,0.0617218017578125,8.377046585083008,10.11328125,8.359224319458008,10.046875
FP32-FINAL-CPU-BEST-r3,FP32-FINAL-CPU-BEST,3,ok,True,False,False,False,True,8,True,reference_log_prob,True,1.6155361719429493,4,before_reference_log_prob,after_reference_offload,0.017822265625,0.01784801483154297,5.768889904022217,2.574920654296875e-05,0.068359375,0.068359375,6.044921875,0.0,0.4014892578125,0.4014892578125,6.3780517578125,0.0,35.038490295410156,35.038490295410156,35.038490295410156,0.0,5.915378093719482,6.044921875,5.8975300788879395,5.9765625
FP32-FINAL-CPU-BEST-r3,FP32-FINAL-CPU-BEST,3,ok,True,False,False,False,True,8,True,rollout,True,4.889289762824774,3,before_rollout,after_rollout_cleanup,0.017827987670898438,5.768869876861572,5.768892765045166,5.751041889190674,0.068359375,5.876953125,5.900390625,5.80859375,0.4014892578125,6.2100830078125,6.2335205078125,5.80859375,35.038490295410156,35.038490295410156,35.038490295410156,0.0,5.814423084259033,5.94140625,0.04555320739746094,0.064453125
FP32-FINAL-CPU-BEST-r3,FP32-FINAL-CPU-BEST,3,ok,True,False,False,False,True,9,True,actor_log_prob,True,1.1025520078837872,2,before_actor_log_prob,after_actor_log_prob,5.768864154815674,0.01784801483154297,5.768864154815674,-5.751016139984131,5.876953125,0.068359375,5.876953125,-5.80859375,6.2100830078125,0.4014892578125,6.2100830078125,-5.80859375,35.10021209716797,35.10021209716797,35.10021209716797,0.0,5.952487945556641,6.08203125,5.934639930725098,6.013671875
FP32-FINAL-CPU-BEST-r3,FP32-FINAL-CPU-BEST,3,ok,True,False,False,False,True,9,True,actor_update,True,17.81536827981472,11,before_actor_load,after_actor_offload,0.017822265625,0.017822265625,6.344898700714111,0.0,0.068359375,0.06640625,10.11328125,-0.001953125,0.4014892578125,0.3995361328125,10.4464111328125,-0.001953125,35.10021209716797,35.16202163696289,40.12584686279297,0.061809539794921875,8.377046585083008,10.11328125,8.359224319458008,10.046875
FP32-FINAL-CPU-BEST-r3,FP32-FINAL-CPU-BEST,3,ok,True,False,False,False,True,9,True,reference_log_prob,True,1.6183599829673767,4,before_reference_log_prob,after_reference_offload,0.017822265625,0.01784801483154297,5.768889904022217,2.574920654296875e-05,0.068359375,0.068359375,6.044921875,0.0,0.4014892578125,0.4014892578125,6.3780517578125,0.0,35.10021209716797,35.10021209716797,35.10021209716797,0.0,5.915378093719482,6.044921875,5.8975300788879395,5.9765625
FP32-FINAL-CPU-BEST-r3,FP32-FINAL-CPU-BEST,3,ok,True,False,False,False,True,9,True,rollout,True,4.866352688521147,3,before_rollout,after_rollout_cleanup,0.017827987670898438,5.768869876861572,5.768892765045166,5.751041889190674,0.068359375,5.876953125,5.900390625,5.80859375,0.4014892578125,6.2100830078125,6.2335205078125,5.80859375,35.10021209716797,35.10021209716797,35.10021209716797,0.0,5.814423084259033,5.94140625,0.04555320739746094,0.064453125
FP32-FINAL-CPU-BEST-r3,FP32-FINAL-CPU-BEST,3,ok,True,False,False,False,True,10,True,actor_log_prob,True,1.1046549268066883,2,before_actor_log_prob,after_actor_log_prob,5.768864154815674,0.01784801483154297,5.768864154815674,-5.751016139984131,5.876953125,0.068359375,5.876953125,-5.80859375,6.2100830078125,0.4014892578125,6.2100830078125,-5.80859375,35.16214370727539,35.16214370727539,35.16214370727539,0.0,5.952487945556641,6.08203125,5.934639930725098,6.013671875
FP32-FINAL-CPU-BEST-r3,FP32-FINAL-CPU-BEST,3,ok,True,False,False,False,True,10,True,actor_update,True,18.068485274910927,11,before_actor_load,after_actor_offload,0.017822265625,0.017822265625,6.344898700714111,0.0,0.068359375,0.06640625,10.11328125,-0.001953125,0.4014892578125,0.3995361328125,10.4464111328125,-0.001953125,35.16226577758789,35.16261672973633,40.13675308227539,0.0003509521484375,8.377046585083008,10.11328125,8.359224319458008,10.046875
FP32-FINAL-CPU-BEST-r3,FP32-FINAL-CPU-BEST,3,ok,True,False,False,False,True,10,True,reference_log_prob,True,1.6144513860344887,4,before_reference_log_prob,after_reference_offload,0.017822265625,0.01784801483154297,5.768889904022217,2.574920654296875e-05,0.068359375,0.068359375,6.044921875,0.0,0.4014892578125,0.4014892578125,6.3780517578125,0.0,35.16226577758789,35.16226577758789,35.16226577758789,0.0,5.915378093719482,6.044921875,5.8975300788879395,5.9765625
FP32-FINAL-CPU-BEST-r3,FP32-FINAL-CPU-BEST,3,ok,True,False,False,False,True,10,True,rollout,True,4.898267950862646,3,before_rollout,after_rollout_cleanup,0.017827987670898438,5.768869876861572,5.768892765045166,5.751041889190674,0.068359375,5.876953125,5.900390625,5.80859375,0.4014892578125,6.2100830078125,6.2335205078125,5.80859375,35.16202163696289,35.16202163696289,35.16202163696289,0.0,5.814423084259033,5.94140625,0.04555320739746094,0.064453125
FP32-FINAL-CPU-BEST-r3,FP32-FINAL-CPU-BEST,3,ok,True,False,False,False,True,11,True,actor_log_prob,True,1.1056136973202229,2,before_actor_log_prob,after_actor_log_prob,5.768864154815674,0.01784801483154297,5.768864154815674,-5.751016139984131,5.876953125,0.068359375,5.876953125,-5.80859375,6.2100830078125,0.4014892578125,6.2100830078125,-5.80859375,35.16261672973633,35.16261672973633,35.16261672973633,0.0,5.952487945556641,6.08203125,5.934639930725098,6.013671875
FP32-FINAL-CPU-BEST-r3,FP32-FINAL-CPU-BEST,3,ok,True,False,False,False,True,11,True,actor_update,True,17.943935558199883,11,before_actor_load,after_actor_offload,0.017822265625,0.017822265625,6.344898700714111,0.0,0.068359375,0.06640625,10.11328125,-0.001953125,0.4014892578125,0.3995361328125,10.4464111328125,-0.001953125,35.16273880004883,35.16304397583008,40.11940383911133,0.00030517578125,8.377046585083008,10.11328125,8.359224319458008,10.046875
FP32-FINAL-CPU-BEST-r3,FP32-FINAL-CPU-BEST,3,ok,True,False,False,False,True,11,True,reference_log_prob,True,1.6214349381625652,4,before_reference_log_prob,after_reference_offload,0.017822265625,0.01784801483154297,5.768889904022217,2.574920654296875e-05,0.068359375,0.068359375,6.044921875,0.0,0.4014892578125,0.4014892578125,6.3780517578125,0.0,35.16261672973633,35.16261672973633,35.16261672973633,0.0,5.915378093719482,6.044921875,5.8975300788879395,5.9765625
FP32-FINAL-CPU-BEST-r3,FP32-FINAL-CPU-BEST,3,ok,True,False,False,False,True,11,True,rollout,True,4.8788903169333935,3,before_rollout,after_rollout_cleanup,0.017827987670898438,5.768869876861572,5.768892765045166,5.751041889190674,0.068359375,5.876953125,5.900390625,5.80859375,0.4014892578125,6.2100830078125,6.2335205078125,5.80859375,35.16261672973633,35.16261672973633,35.16261672973633,0.0,5.814423084259033,5.94140625,0.04555320739746094,0.064453125
FP32-FINAL-CPU-BEST-r3,FP32-FINAL-CPU-BEST,3,ok,True,False,False,False,True,12,True,actor_log_prob,True,1.0933728888630867,2,before_actor_log_prob,after_actor_log_prob,5.768864154815674,0.01784801483154297,5.768864154815674,-5.751016139984131,5.876953125,0.068359375,5.876953125,-5.80859375,6.2100830078125,0.4014892578125,6.2100830078125,-5.80859375,35.16304397583008,35.16304397583008,35.16304397583008,0.0,5.952487945556641,6.08203125,5.934639930725098,6.013671875
FP32-FINAL-CPU-BEST-r3,FP32-FINAL-CPU-BEST,3,ok,True,False,False,False,True,12,True,actor_update,True,18.13532792776823,11,before_actor_load,after_actor_offload,0.017822265625,0.017822265625,6.344898700714111,0.0,0.068359375,0.06640625,10.11328125,-0.001953125,0.4014892578125,0.3995361328125,10.4464111328125,-0.001953125,35.16304397583008,35.16300582885742,40.11079788208008,-3.814697265625e-05,8.377046585083008,10.11328125,8.359224319458008,10.046875
FP32-FINAL-CPU-BEST-r3,FP32-FINAL-CPU-BEST,3,ok,True,False,False,False,True,12,True,reference_log_prob,True,1.6134790629148483,4,before_reference_log_prob,after_reference_offload,0.017822265625,0.01784801483154297,5.768889904022217,2.574920654296875e-05,0.068359375,0.068359375,6.044921875,0.0,0.4014892578125,0.4014892578125,6.3780517578125,0.0,35.16304397583008,35.16304397583008,35.16304397583008,0.0,5.915378093719482,6.044921875,5.8975300788879395,5.9765625
FP32-FINAL-CPU-BEST-r3,FP32-FINAL-CPU-BEST,3,ok,True,False,False,False,True,12,True,rollout,True,4.87739872187376,3,before_rollout,after_rollout_cleanup,0.017827987670898438,5.768869876861572,5.768892765045166,5.751041889190674,0.068359375,5.876953125,5.900390625,5.80859375,0.4014892578125,6.2100830078125,6.2335205078125,5.80859375,35.16304397583008,35.16304397583008,35.16304397583008,0.0,5.814423084259033,5.94140625,0.04555320739746094,0.064453125
FP32-FINAL-CPU-BEST-r3,FP32-FINAL-CPU-BEST,3,ok,True,False,False,False,True,13,True,actor_log_prob,True,1.100417710840702,2,before_actor_log_prob,after_actor_log_prob,5.768864154815674,0.01784801483154297,5.768864154815674,-5.751016139984131,5.876953125,0.068359375,5.876953125,-5.80859375,6.2100830078125,0.4014892578125,6.2100830078125,-5.80859375,35.16300582885742,35.16300582885742,35.16300582885742,0.0,5.952487945556641,6.08203125,5.934639930725098,6.013671875
FP32-FINAL-CPU-BEST-r3,FP32-FINAL-CPU-BEST,3,ok,True,False,False,False,True,13,True,actor_update,True,17.905720707029104,11,before_actor_load,after_actor_offload,0.017822265625,0.017822265625,6.344898700714111,0.0,0.068359375,0.06640625,10.11328125,-0.001953125,0.4014892578125,0.3995361328125,10.4464111328125,-0.001953125,35.16300582885742,35.163063049316406,40.11967086791992,5.7220458984375e-05,8.377046585083008,10.11328125,8.359224319458008,10.046875
FP32-FINAL-CPU-BEST-r3,FP32-FINAL-CPU-BEST,3,ok,True,False,False,False,True,13,True,reference_log_prob,True,1.6051166839897633,4,before_reference_log_prob,after_reference_offload,0.017822265625,0.01784801483154297,5.768889904022217,2.574920654296875e-05,0.068359375,0.068359375,6.044921875,0.0,0.4014892578125,0.4014892578125,6.3780517578125,0.0,35.16300582885742,35.16300582885742,35.16300582885742,0.0,5.915378093719482,6.044921875,5.8975300788879395,5.9765625
FP32-FINAL-CPU-BEST-r3,FP32-FINAL-CPU-BEST,3,ok,True,False,False,False,True,13,True,rollout,True,4.902539983391762,3,before_rollout,after_rollout_cleanup,0.017827987670898438,5.768869876861572,5.768892765045166,5.751041889190674,0.068359375,5.876953125,5.900390625,5.80859375,0.4014892578125,6.2100830078125,6.2335205078125,5.80859375,35.16300582885742,35.16300582885742,35.16300582885742,0.0,5.814423084259033,5.94140625,0.04555320739746094,0.064453125
FP32-FINAL-CPU-BEST-r3,FP32-FINAL-CPU-BEST,3,ok,True,False,False,False,True,14,True,actor_log_prob,True,1.0907850004732609,2,before_actor_log_prob,after_actor_log_prob,5.768864154815674,0.01784801483154297,5.768864154815674,-5.751016139984131,5.876953125,0.068359375,5.876953125,-5.80859375,6.2100830078125,0.4014892578125,6.2100830078125,-5.80859375,35.163063049316406,35.163063049316406,35.163063049316406,0.0,5.952487945556641,6.08203125,5.934639930725098,6.013671875
FP32-FINAL-CPU-BEST-r3,FP32-FINAL-CPU-BEST,3,ok,True,False,False,False,True,14,True,actor_update,True,17.97859513014555,11,before_actor_load,after_actor_offload,0.017822265625,0.017822265625,6.344898700714111,0.0,0.068359375,0.06640625,10.11328125,-0.001953125,0.4014892578125,0.3995361328125,10.4464111328125,-0.001953125,35.163063049316406,35.22476577758789,40.128395080566406,0.061702728271484375,8.377046585083008,10.11328125,8.359224319458008,10.046875
FP32-FINAL-CPU-BEST-r3,FP32-FINAL-CPU-BEST,3,ok,True,False,False,False,True,14,True,reference_log_prob,True,1.611725814640522,4,before_reference_log_prob,after_reference_offload,0.017822265625,0.01784801483154297,5.768889904022217,2.574920654296875e-05,0.068359375,0.068359375,6.044921875,0.0,0.4014892578125,0.4014892578125,6.3780517578125,0.0,35.163063049316406,35.163063049316406,35.163063049316406,0.0,5.915378093719482,6.044921875,5.8975300788879395,5.9765625
FP32-FINAL-CPU-BEST-r3,FP32-FINAL-CPU-BEST,3,ok,True,False,False,False,True,14,True,rollout,True,4.886208310723305,3,before_rollout,after_rollout_cleanup,0.017827987670898438,5.768869876861572,5.768892765045166,5.751041889190674,0.068359375,5.876953125,5.900390625,5.80859375,0.4014892578125,6.2100830078125,6.2335205078125,5.80859375,35.163063049316406,35.163063049316406,35.163063049316406,0.0,5.814423084259033,5.94140625,0.04555320739746094,0.064453125
FP32-FINAL-CPU-BEST-r3,FP32-FINAL-CPU-BEST,3,ok,True,False,False,False,True,15,True,actor_log_prob,True,1.1023997329175472,2,before_actor_log_prob,after_actor_log_prob,5.768864154815674,0.01784801483154297,5.768864154815674,-5.751016139984131,5.876953125,0.068359375,5.876953125,-5.80859375,6.2100830078125,0.4014892578125,6.2100830078125,-5.80859375,35.22476577758789,35.22476577758789,35.22476577758789,0.0,5.952487945556641,6.08203125,5.934639930725098,6.013671875
FP32-FINAL-CPU-BEST-r3,FP32-FINAL-CPU-BEST,3,ok,True,False,False,False,True,15,True,actor_update,True,17.895739406347275,11,before_actor_load,after_actor_offload,0.017822265625,0.017822265625,6.344898700714111,0.0,0.068359375,0.06640625,10.11328125,-0.001953125,0.4014892578125,0.3995361328125,10.4464111328125,-0.001953125,35.22476577758789,35.22503662109375,40.110870361328125,0.000270843505859375,8.377046585083008,10.11328125,8.359224319458008,10.046875
FP32-FINAL-CPU-BEST-r3,FP32-FINAL-CPU-BEST,3,ok,True,False,False,False,True,15,True,reference_log_prob,True,1.6119464822113514,4,before_reference_log_prob,after_reference_offload,0.017822265625,0.01784801483154297,5.768889904022217,2.574920654296875e-05,0.068359375,0.068359375,6.044921875,0.0,0.4014892578125,0.4014892578125,6.3780517578125,0.0,35.22476577758789,35.22476577758789,35.22476577758789,0.0,5.915378093719482,6.044921875,5.8975300788879395,5.9765625
FP32-FINAL-CPU-BEST-r3,FP32-FINAL-CPU-BEST,3,ok,True,False,False,False,True,15,True,rollout,True,4.906230438500643,3,before_rollout,after_rollout_cleanup,0.017827987670898438,5.768869876861572,5.768892765045166,5.751041889190674,0.068359375,5.876953125,5.900390625,5.80859375,0.4014892578125,6.2100830078125,6.2335205078125,5.80859375,35.22476577758789,35.22476577758789,35.22476577758789,0.0,5.814423084259033,5.94140625,0.04555320739746094,0.064453125
FP32-FINAL-CPU-BEST-r3,FP32-FINAL-CPU-BEST,3,ok,True,False,False,False,True,16,True,actor_log_prob,True,1.0957811325788498,2,before_actor_log_prob,after_actor_log_prob,5.768864154815674,0.01784801483154297,5.768864154815674,-5.751016139984131,5.876953125,0.068359375,5.876953125,-5.80859375,6.2100830078125,0.4014892578125,6.2100830078125,-5.80859375,35.17242431640625,35.17242431640625,35.17242431640625,0.0,5.952487945556641,6.08203125,5.934639930725098,6.013671875
FP32-FINAL-CPU-BEST-r3,FP32-FINAL-CPU-BEST,3,ok,True,False,False,False,True,16,True,actor_update,True,17.997244760394096,11,before_actor_load,after_actor_offload,0.017822265625,0.017822265625,6.344898700714111,0.0,0.068359375,0.06640625,10.11328125,-0.001953125,0.4014892578125,0.3995361328125,10.4464111328125,-0.001953125,35.17242431640625,35.16349792480469,40.11838150024414,-0.0089263916015625,8.377046585083008,10.11328125,8.359224319458008,10.046875
FP32-FINAL-CPU-BEST-r3,FP32-FINAL-CPU-BEST,3,ok,True,False,False,False,True,16,True,reference_log_prob,True,1.611485779285431,4,before_reference_log_prob,after_reference_offload,0.017822265625,0.01784801483154297,5.768889904022217,2.574920654296875e-05,0.068359375,0.068359375,6.044921875,0.0,0.4014892578125,0.4014892578125,6.3780517578125,0.0,35.17242431640625,35.17242431640625,35.17242431640625,0.0,5.915378093719482,6.044921875,5.8975300788879395,5.9765625
FP32-FINAL-CPU-BEST-r3,FP32-FINAL-CPU-BEST,3,ok,True,False,False,False,True,16,True,rollout,True,4.90694285184145,3,before_rollout,after_rollout_cleanup,0.017827987670898438,5.768869876861572,5.768892765045166,5.751041889190674,0.068359375,5.876953125,5.900390625,5.80859375,0.4014892578125,6.2100830078125,6.2335205078125,5.80859375,35.22503662109375,35.22503662109375,35.22503662109375,0.0,5.814423084259033,5.94140625,0.04555320739746094,0.064453125
FP32-FINAL-CPU-BEST-r3,FP32-FINAL-CPU-BEST,3,ok,True,False,False,False,True,17,True,actor_log_prob,True,1.0986887738108635,2,before_actor_log_prob,after_actor_log_prob,5.768864154815674,0.01784801483154297,5.768864154815674,-5.751016139984131,5.876953125,0.068359375,5.876953125,-5.80859375,6.2100830078125,0.4014892578125,6.2100830078125,-5.80859375,35.16349792480469,35.16349792480469,35.16349792480469,0.0,5.952487945556641,6.08203125,5.934639930725098,6.013671875
FP32-FINAL-CPU-BEST-r3,FP32-FINAL-CPU-BEST,3,ok,True,False,False,False,True,17,True,actor_update,True,17.95992287248373,11,before_actor_load,after_actor_offload,0.017822265625,0.017822265625,6.344898700714111,0.0,0.068359375,0.06640625,10.11328125,-0.001953125,0.4014892578125,0.3995361328125,10.4464111328125,-0.001953125,35.16361999511719,35.163414001464844,40.11857604980469,-0.00020599365234375,8.377046585083008,10.11328125,8.359224319458008,10.046875
FP32-FINAL-CPU-BEST-r3,FP32-FINAL-CPU-BEST,3,ok,True,False,False,False,True,17,True,reference_log_prob,True,1.6491709798574448,4,before_reference_log_prob,after_reference_offload,0.017822265625,0.01784801483154297,5.768889904022217,2.574920654296875e-05,0.068359375,0.068359375,6.044921875,0.0,0.4014892578125,0.4014892578125,6.3780517578125,0.0,35.16349792480469,35.16349792480469,35.16349792480469,0.0,5.915378093719482,6.044921875,5.8975300788879395,5.9765625
FP32-FINAL-CPU-BEST-r3,FP32-FINAL-CPU-BEST,3,ok,True,False,False,False,True,17,True,rollout,True,4.898505549877882,3,before_rollout,after_rollout_cleanup,0.017827987670898438,5.768869876861572,5.768892765045166,5.751041889190674,0.068359375,5.876953125,5.900390625,5.80859375,0.4014892578125,6.2100830078125,6.2335205078125,5.80859375,35.16349792480469,35.16349792480469,35.16349792480469,0.0,5.814423084259033,5.94140625,0.04555320739746094,0.064453125
FP32-FINAL-CPU-BEST-r3,FP32-FINAL-CPU-BEST,3,ok,True,False,False,False,True,18,True,actor_log_prob,True,1.1008800454437733,2,before_actor_log_prob,after_actor_log_prob,5.768864154815674,0.01784801483154297,5.768864154815674,-5.751016139984131,5.876953125,0.068359375,5.876953125,-5.80859375,6.2100830078125,0.4014892578125,6.2100830078125,-5.80859375,35.163414001464844,35.163414001464844,35.163414001464844,0.0,5.952487945556641,6.08203125,5.934639930725098,6.013671875
FP32-FINAL-CPU-BEST-r3,FP32-FINAL-CPU-BEST,3,ok,True,False,False,False,True,18,True,actor_update,True,17.96521620824933,11,before_actor_load,after_actor_offload,0.017822265625,0.017822265625,6.344898700714111,0.0,0.068359375,0.06640625,10.11328125,-0.001953125,0.4014892578125,0.3995361328125,10.4464111328125,-0.001953125,35.163414001464844,35.16332244873047,40.111045837402344,-9.1552734375e-05,8.377046585083008,10.11328125,8.359224319458008,10.046875
FP32-FINAL-CPU-BEST-r3,FP32-FINAL-CPU-BEST,3,ok,True,False,False,False,True,18,True,reference_log_prob,True,1.6134456023573875,4,before_reference_log_prob,after_reference_offload,0.017822265625,0.01784801483154297,5.768889904022217,2.574920654296875e-05,0.068359375,0.068359375,6.044921875,0.0,0.4014892578125,0.4014892578125,6.3780517578125,0.0,35.163414001464844,35.163414001464844,35.163414001464844,0.0,5.915378093719482,6.044921875,5.8975300788879395,5.9765625
FP32-FINAL-CPU-BEST-r3,FP32-FINAL-CPU-BEST,3,ok,True,False,False,False,True,18,True,rollout,True,4.897144552320242,3,before_rollout,after_rollout_cleanup,0.017827987670898438,5.768869876861572,5.768892765045166,5.751041889190674,0.068359375,5.876953125,5.900390625,5.80859375,0.4014892578125,6.2100830078125,6.2335205078125,5.80859375,35.163414001464844,35.163414001464844,35.163414001464844,0.0,5.814423084259033,5.94140625,0.04555320739746094,0.064453125
FP32-FINAL-CPU-BEST-r3,FP32-FINAL-CPU-BEST,3,ok,True,False,False,False,True,19,True,actor_log_prob,True,1.0945230089128017,2,before_actor_log_prob,after_actor_log_prob,5.768864154815674,0.01784801483154297,5.768864154815674,-5.751016139984131,5.876953125,0.068359375,5.876953125,-5.80859375,6.2100830078125,0.4014892578125,6.2100830078125,-5.80859375,35.16332244873047,35.16332244873047,35.16332244873047,0.0,5.952487945556641,6.08203125,5.934639930725098,6.013671875
FP32-FINAL-CPU-BEST-r3,FP32-FINAL-CPU-BEST,3,ok,True,False,False,False,True,19,True,actor_update,True,17.917141806334257,11,before_actor_load,after_actor_offload,0.017822265625,0.017822265625,6.344898700714111,0.0,0.068359375,0.06640625,10.11328125,-0.001953125,0.4014892578125,0.3995361328125,10.4464111328125,-0.001953125,35.16332244873047,35.16324234008789,40.11095428466797,-8.0108642578125e-05,8.377046585083008,10.11328125,8.359224319458008,10.046875
FP32-FINAL-CPU-BEST-r3,FP32-FINAL-CPU-BEST,3,ok,True,False,False,False,True,19,True,reference_log_prob,True,1.6083986349403858,4,before_reference_log_prob,after_reference_offload,0.017822265625,0.01784801483154297,5.768889904022217,2.574920654296875e-05,0.068359375,0.068359375,6.044921875,0.0,0.4014892578125,0.4014892578125,6.3780517578125,0.0,35.16332244873047,35.16332244873047,35.16332244873047,0.0,5.915378093719482,6.044921875,5.8975300788879395,5.9765625
FP32-FINAL-CPU-BEST-r3,FP32-FINAL-CPU-BEST,3,ok,True,False,False,False,True,19,True,rollout,True,4.8791239112615585,3,before_rollout,after_rollout_cleanup,0.017827987670898438,5.768869876861572,5.768892765045166,5.751041889190674,0.068359375,5.876953125,5.900390625,5.80859375,0.4014892578125,6.2100830078125,6.2335205078125,5.80859375,35.16332244873047,35.16332244873047,35.16332244873047,0.0,5.814423084259033,5.94140625,0.04555320739746094,0.064453125
FP32-FINAL-CPU-BEST-r3,FP32-FINAL-CPU-BEST,3,ok,True,False,False,False,True,20,True,actor_log_prob,True,1.0969602651894093,2,before_actor_log_prob,after_actor_log_prob,5.768864154815674,0.01784801483154297,5.768864154815674,-5.751016139984131,5.876953125,0.068359375,5.876953125,-5.80859375,6.2100830078125,0.4014892578125,6.2100830078125,-5.80859375,35.16324234008789,35.16324234008789,35.16324234008789,0.0,5.952487945556641,6.08203125,5.934639930725098,6.013671875
FP32-FINAL-CPU-BEST-r3,FP32-FINAL-CPU-BEST,3,ok,True,False,False,False,True,20,True,actor_update,True,18.027432557195425,11,before_actor_load,after_actor_offload,0.017822265625,0.017822265625,6.344898700714111,0.0,0.068359375,0.06640625,10.11328125,-0.001953125,0.4014892578125,0.3995361328125,10.4464111328125,-0.001953125,35.16324234008789,35.16343307495117,40.11966323852539,0.00019073486328125,8.377046585083008,10.11328125,8.359224319458008,10.046875
FP32-FINAL-CPU-BEST-r3,FP32-FINAL-CPU-BEST,3,ok,True,False,False,False,True,20,True,reference_log_prob,True,1.617730252444744,4,before_reference_log_prob,after_reference_offload,0.017822265625,0.01784801483154297,5.768889904022217,2.574920654296875e-05,0.068359375,0.068359375,6.044921875,0.0,0.4014892578125,0.4014892578125,6.3780517578125,0.0,35.16324234008789,35.16324234008789,35.16324234008789,0.0,5.915378093719482,6.044921875,5.8975300788879395,5.9765625
FP32-FINAL-CPU-BEST-r3,FP32-FINAL-CPU-BEST,3,ok,True,False,False,False,True,20,True,rollout,True,4.864878490567207,3,before_rollout,after_rollout_cleanup,0.017827987670898438,5.768869876861572,5.768892765045166,5.751041889190674,0.068359375,5.876953125,5.900390625,5.80859375,0.4014892578125,6.2100830078125,6.2335205078125,5.80859375,35.16324234008789,35.16324234008789,35.16324234008789,0.0,5.814423084259033,5.94140625,0.04555320739746094,0.064453125
FP32-FINAL-CPU-BEST-r3,FP32-FINAL-CPU-BEST,3,ok,True,False,False,False,True,21,True,actor_log_prob,True,1.2676346860826015,2,before_actor_log_prob,after_actor_log_prob,5.768864154815674,0.01784801483154297,5.768864154815674,-5.751016139984131,5.876953125,0.068359375,5.876953125,-5.80859375,6.2100830078125,0.4014892578125,6.2100830078125,-5.80859375,35.16343307495117,35.16343307495117,35.16343307495117,0.0,5.952487945556641,6.08203125,5.934639930725098,6.013671875
FP32-FINAL-CPU-BEST-r3,FP32-FINAL-CPU-BEST,3,ok,True,False,False,False,True,21,True,actor_update,True,18.068927321583033,11,before_actor_load,after_actor_offload,0.017822265625,0.017822265625,6.344898700714111,0.0,0.068359375,0.06640625,10.11328125,-0.001953125,0.4014892578125,0.3995361328125,10.4464111328125,-0.001953125,35.16343307495117,35.16316604614258,40.11240768432617,-0.00026702880859375,8.377046585083008,10.11328125,8.359224319458008,10.046875
FP32-FINAL-CPU-BEST-r3,FP32-FINAL-CPU-BEST,3,ok,True,False,False,False,True,21,True,reference_log_prob,True,1.6167512834072113,4,before_reference_log_prob,after_reference_offload,0.017822265625,0.01784801483154297,5.768889904022217,2.574920654296875e-05,0.068359375,0.068359375,6.044921875,0.0,0.4014892578125,0.4014892578125,6.3780517578125,0.0,35.16343307495117,35.16343307495117,35.16343307495117,0.0,5.915378093719482,6.044921875,5.8975300788879395,5.9765625
FP32-FINAL-CPU-BEST-r3,FP32-FINAL-CPU-BEST,3,ok,True,False,False,False,True,21,True,rollout,True,4.936459511518478,3,before_rollout,after_rollout_cleanup,0.017827987670898438,5.768869876861572,5.768892765045166,5.751041889190674,0.068359375,5.876953125,5.900390625,5.80859375,0.4014892578125,6.2100830078125,6.2335205078125,5.80859375,35.16343307495117,35.16343307495117,35.16343307495117,0.0,5.814423084259033,5.94140625,0.04555320739746094,0.064453125
FP32-FINAL-CPU-BEST-r3,FP32-FINAL-CPU-BEST,3,ok,True,False,False,False,True,22,True,actor_log_prob,True,1.1044282019138336,2,before_actor_log_prob,after_actor_log_prob,5.768864154815674,0.01784801483154297,5.768864154815674,-5.751016139984131,5.876953125,0.068359375,5.876953125,-5.80859375,6.2100830078125,0.4014892578125,6.2100830078125,-5.80859375,35.16316604614258,35.16316604614258,35.16316604614258,0.0,5.952487945556641,6.08203125,5.934639930725098,6.013671875
FP32-FINAL-CPU-BEST-r3,FP32-FINAL-CPU-BEST,3,ok,True,False,False,False,True,22,True,actor_update,True,17.903517920523882,11,before_actor_load,after_actor_offload,0.017822265625,0.017822265625,6.344898700714111,0.0,0.068359375,0.06640625,10.11328125,-0.001953125,0.4014892578125,0.3995361328125,10.4464111328125,-0.001953125,35.16316604614258,35.16339874267578,40.11970901489258,0.000232696533203125,8.377046585083008,10.11328125,8.359224319458008,10.046875
FP32-FINAL-CPU-BEST-r3,FP32-FINAL-CPU-BEST,3,ok,True,False,False,False,True,22,True,reference_log_prob,True,1.6072071716189384,4,before_reference_log_prob,after_reference_offload,0.017822265625,0.01784801483154297,5.768889904022217,2.574920654296875e-05,0.068359375,0.068359375,6.044921875,0.0,0.4014892578125,0.4014892578125,6.3780517578125,0.0,35.16316604614258,35.16316604614258,35.16316604614258,0.0,5.915378093719482,6.044921875,5.8975300788879395,5.9765625
FP32-FINAL-CPU-BEST-r3,FP32-FINAL-CPU-BEST,3,ok,True,False,False,False,True,22,True,rollout,True,4.878351345658302,3,before_rollout,after_rollout_cleanup,0.017827987670898438,5.768869876861572,5.768892765045166,5.751041889190674,0.068359375,5.876953125,5.900390625,5.80859375,0.4014892578125,6.2100830078125,6.2335205078125,5.80859375,35.16316604614258,35.16316604614258,35.16316604614258,0.0,5.814423084259033,5.94140625,0.04555320739746094,0.064453125
FP32-FINAL-CPU-BEST-r3,FP32-FINAL-CPU-BEST,3,ok,True,False,False,False,True,23,True,actor_log_prob,True,1.100951887667179,2,before_actor_log_prob,after_actor_log_prob,5.768864154815674,0.01784801483154297,5.768864154815674,-5.751016139984131,5.876953125,0.068359375,5.876953125,-5.80859375,6.2100830078125,0.4014892578125,6.2100830078125,-5.80859375,35.16352081298828,35.16352081298828,35.16352081298828,0.0,5.952487945556641,6.08203125,5.934639930725098,6.013671875
FP32-FINAL-CPU-BEST-r3,FP32-FINAL-CPU-BEST,3,ok,True,False,False,False,True,23,True,actor_update,True,17.828082986176014,11,before_actor_load,after_actor_offload,0.017822265625,0.017822265625,6.344898700714111,0.0,0.068359375,0.06640625,10.11328125,-0.001953125,0.4014892578125,0.3995361328125,10.4464111328125,-0.001953125,35.16352081298828,35.16373062133789,40.11139678955078,0.000209808349609375,8.377046585083008,10.11328125,8.359224319458008,10.046875
FP32-FINAL-CPU-BEST-r3,FP32-FINAL-CPU-BEST,3,ok,True,False,False,False,True,23,True,reference_log_prob,True,1.6163903959095478,4,before_reference_log_prob,after_reference_offload,0.017822265625,0.01784801483154297,5.768889904022217,2.574920654296875e-05,0.068359375,0.068359375,6.044921875,0.0,0.4014892578125,0.4014892578125,6.3780517578125,0.0,35.16352081298828,35.16352081298828,35.16352081298828,0.0,5.915378093719482,6.044921875,5.8975300788879395,5.9765625
FP32-FINAL-CPU-BEST-r3,FP32-FINAL-CPU-BEST,3,ok,True,False,False,False,True,23,True,rollout,True,4.926401544362307,3,before_rollout,after_rollout_cleanup,0.017827987670898438,5.768869876861572,5.768892765045166,5.751041889190674,0.068359375,5.876953125,5.900390625,5.80859375,0.4014892578125,6.2100830078125,6.2335205078125,5.80859375,35.16352081298828,35.16352081298828,35.16352081298828,0.0,5.814423084259033,5.94140625,0.04555320739746094,0.064453125
FP32-FINAL-CPU-BEST-r3,FP32-FINAL-CPU-BEST,3,ok,True,False,False,False,True,24,True,actor_log_prob,True,1.1042667143046856,2,before_actor_log_prob,after_actor_log_prob,5.768864154815674,0.01784801483154297,5.768864154815674,-5.751016139984131,5.876953125,0.068359375,5.876953125,-5.80859375,6.2100830078125,0.4014892578125,6.2100830078125,-5.80859375,35.16373062133789,35.16373062133789,35.16373062133789,0.0,5.952487945556641,6.08203125,5.934639930725098,6.013671875
FP32-FINAL-CPU-BEST-r3,FP32-FINAL-CPU-BEST,3,ok,True,False,False,False,True,24,True,actor_update,True,18.07718888670206,11,before_actor_load,after_actor_offload,0.017822265625,0.017822265625,6.344898700714111,0.0,0.068359375,0.06640625,10.11328125,-0.001953125,0.4014892578125,0.3995361328125,10.4464111328125,-0.001953125,35.16373062133789,35.17266845703125,40.11124038696289,0.008937835693359375,8.377046585083008,10.11328125,8.359224319458008,10.046875
FP32-FINAL-CPU-BEST-r3,FP32-FINAL-CPU-BEST,3,ok,True,False,False,False,True,24,True,reference_log_prob,True,1.618578776717186,4,before_reference_log_prob,after_reference_offload,0.017822265625,0.01784801483154297,5.768889904022217,2.574920654296875e-05,0.068359375,0.068359375,6.044921875,0.0,0.4014892578125,0.4014892578125,6.3780517578125,0.0,35.16373062133789,35.16373062133789,35.16373062133789,0.0,5.915378093719482,6.044921875,5.8975300788879395,5.9765625
FP32-FINAL-CPU-BEST-r3,FP32-FINAL-CPU-BEST,3,ok,True,False,False,False,True,24,True,rollout,True,4.878340441733599,3,before_rollout,after_rollout_cleanup,0.017827987670898438,5.768869876861572,5.768892765045166,5.751041889190674,0.068359375,5.876953125,5.900390625,5.80859375,0.4014892578125,6.2100830078125,6.2335205078125,5.80859375,35.16373062133789,35.16373062133789,35.16373062133789,0.0,5.814423084259033,5.94140625,0.04555320739746094,0.064453125
FP32-FINAL-CPU-BEST-r3,FP32-FINAL-CPU-BEST,3,ok,True,False,False,False,True,25,True,actor_log_prob,True,1.185697976499796,2,before_actor_log_prob,after_actor_log_prob,5.768864154815674,0.01784801483154297,5.768864154815674,-5.751016139984131,5.876953125,0.068359375,5.876953125,-5.80859375,6.2100830078125,0.4014892578125,6.2100830078125,-5.80859375,35.17266845703125,35.17266845703125,35.17266845703125,0.0,5.952487945556641,6.08203125,5.934639930725098,6.013671875
FP32-FINAL-CPU-BEST-r3,FP32-FINAL-CPU-BEST,3,ok,True,False,False,False,True,25,True,actor_update,True,17.93962612003088,11,before_actor_load,after_actor_offload,0.017822265625,0.017822265625,6.344898700714111,0.0,0.068359375,0.06640625,10.11328125,-0.001953125,0.4014892578125,0.3995361328125,10.4464111328125,-0.001953125,35.17266845703125,35.16355895996094,40.11883544921875,-0.0091094970703125,8.377046585083008,10.11328125,8.359224319458008,10.046875
FP32-FINAL-CPU-BEST-r3,FP32-FINAL-CPU-BEST,3,ok,True,False,False,False,True,25,True,reference_log_prob,True,1.6205954812467098,4,before_reference_log_prob,after_reference_offload,0.017822265625,0.01784801483154297,5.768889904022217,2.574920654296875e-05,0.068359375,0.068359375,6.044921875,0.0,0.4014892578125,0.4014892578125,6.3780517578125,0.0,35.17266845703125,35.17266845703125,35.17266845703125,0.0,5.915378093719482,6.044921875,5.8975300788879395,5.9765625
FP32-FINAL-CPU-BEST-r3,FP32-FINAL-CPU-BEST,3,ok,True,False,False,False,True,25,True,rollout,True,4.877849981188774,3,before_rollout,after_rollout_cleanup,0.017827987670898438,5.768869876861572,5.768892765045166,5.751041889190674,0.068359375,5.876953125,5.900390625,5.80859375,0.4014892578125,6.2100830078125,6.2335205078125,5.80859375,35.17266845703125,35.17266845703125,35.17266845703125,0.0,5.814423084259033,5.94140625,0.04555320739746094,0.064453125
FP32-FINAL-CPU-BEST-r3,FP32-FINAL-CPU-BEST,3,ok,True,False,False,False,True,26,True,actor_log_prob,True,1.2160282917320728,2,before_actor_log_prob,after_actor_log_prob,5.768864154815674,0.01784801483154297,5.768864154815674,-5.751016139984131,5.876953125,0.068359375,5.876953125,-5.80859375,6.2100830078125,0.4014892578125,6.2100830078125,-5.80859375,35.16355895996094,35.16368103027344,35.16368103027344,0.0001220703125,5.952487945556641,6.08203125,5.934639930725098,6.013671875
FP32-FINAL-CPU-BEST-r3,FP32-FINAL-CPU-BEST,3,ok,True,False,False,False,True,26,True,actor_update,True,18.003740694373846,11,before_actor_load,after_actor_offload,0.017822265625,0.017822265625,6.344898700714111,0.0,0.068359375,0.06640625,10.11328125,-0.001953125,0.4014892578125,0.3995361328125,10.4464111328125,-0.001953125,35.16368103027344,35.22511291503906,40.11143493652344,0.061431884765625,8.377046585083008,10.11328125,8.359224319458008,10.046875
FP32-FINAL-CPU-BEST-r3,FP32-FINAL-CPU-BEST,3,ok,True,False,False,False,True,26,True,reference_log_prob,True,1.619758352637291,4,before_reference_log_prob,after_reference_offload,0.017822265625,0.01784801483154297,5.768889904022217,2.574920654296875e-05,0.068359375,0.068359375,6.044921875,0.0,0.4014892578125,0.4014892578125,6.3780517578125,0.0,35.16368103027344,35.16368103027344,35.16368103027344,0.0,5.915378093719482,6.044921875,5.8975300788879395,5.9765625
FP32-FINAL-CPU-BEST-r3,FP32-FINAL-CPU-BEST,3,ok,True,False,False,False,True,26,True,rollout,True,4.861680205911398,3,before_rollout,after_rollout_cleanup,0.017827987670898438,5.768869876861572,5.768892765045166,5.751041889190674,0.068359375,5.876953125,5.900390625,5.80859375,0.4014892578125,6.2100830078125,6.2335205078125,5.80859375,35.16355895996094,35.16355895996094,35.16355895996094,0.0,5.814423084259033,5.94140625,0.04555320739746094,0.064453125
FP32-FINAL-CPU-BEST-r3,FP32-FINAL-CPU-BEST,3,ok,True,False,False,False,True,27,True,actor_log_prob,True,1.0992397964000702,2,before_actor_log_prob,after_actor_log_prob,5.768864154815674,0.01784801483154297,5.768864154815674,-5.751016139984131,5.876953125,0.068359375,5.876953125,-5.80859375,6.2100830078125,0.4014892578125,6.2100830078125,-5.80859375,35.22511291503906,35.22511291503906,35.22511291503906,0.0,5.952487945556641,6.08203125,5.934639930725098,6.013671875
FP32-FINAL-CPU-BEST-r3,FP32-FINAL-CPU-BEST,3,ok,True,False,False,False,True,27,True,actor_update,True,17.893421187996864,11,before_actor_load,after_actor_offload,0.017822265625,0.017822265625,6.344898700714111,0.0,0.068359375,0.06640625,10.11328125,-0.001953125,0.4014892578125,0.3995361328125,10.4464111328125,-0.001953125,35.22511291503906,35.181270599365234,40.09523010253906,-0.043842315673828125,8.377046585083008,10.11328125,8.359224319458008,10.046875
FP32-FINAL-CPU-BEST-r3,FP32-FINAL-CPU-BEST,3,ok,True,False,False,False,True,27,True,reference_log_prob,True,1.612339798361063,4,before_reference_log_prob,after_reference_offload,0.017822265625,0.01784801483154297,5.768889904022217,2.574920654296875e-05,0.068359375,0.068359375,6.044921875,0.0,0.4014892578125,0.4014892578125,6.3780517578125,0.0,35.22511291503906,35.22511291503906,35.22511291503906,0.0,5.915378093719482,6.044921875,5.8975300788879395,5.9765625
FP32-FINAL-CPU-BEST-r3,FP32-FINAL-CPU-BEST,3,ok,True,False,False,False,True,27,True,rollout,True,4.918428465723991,3,before_rollout,after_rollout_cleanup,0.017827987670898438,5.768869876861572,5.768892765045166,5.751041889190674,0.068359375,5.876953125,5.900390625,5.80859375,0.4014892578125,6.2100830078125,6.2335205078125,5.80859375,35.22511291503906,35.22511291503906,35.22511291503906,0.0,5.814423084259033,5.94140625,0.04555320739746094,0.064453125
FP32-FINAL-CPU-BEST-r3,FP32-FINAL-CPU-BEST,3,ok,True,False,False,False,True,28,True,actor_log_prob,True,1.0996225848793983,2,before_actor_log_prob,after_actor_log_prob,5.768864154815674,0.01784801483154297,5.768864154815674,-5.751016139984131,5.876953125,0.068359375,5.876953125,-5.80859375,6.2100830078125,0.4014892578125,6.2100830078125,-5.80859375,35.181270599365234,35.181270599365234,35.181270599365234,0.0,5.952487945556641,6.08203125,5.934639930725098,6.013671875
FP32-FINAL-CPU-BEST-r3,FP32-FINAL-CPU-BEST,3,ok,True,False,False,False,True,28,True,actor_update,True,17.88577849790454,11,before_actor_load,after_actor_offload,0.017822265625,0.017822265625,6.344898700714111,0.0,0.068359375,0.06640625,10.11328125,-0.001953125,0.4014892578125,0.3995361328125,10.4464111328125,-0.001953125,35.181270599365234,35.181209564208984,40.136226654052734,-6.103515625e-05,8.377046585083008,10.11328125,8.359224319458008,10.046875
FP32-FINAL-CPU-BEST-r3,FP32-FINAL-CPU-BEST,3,ok,True,False,False,False,True,28,True,reference_log_prob,True,1.6342545039951801,4,before_reference_log_prob,after_reference_offload,0.017822265625,0.01784801483154297,5.768889904022217,2.574920654296875e-05,0.068359375,0.068359375,6.044921875,0.0,0.4014892578125,0.4014892578125,6.3780517578125,0.0,35.181270599365234,35.181270599365234,35.181270599365234,0.0,5.915378093719482,6.044921875,5.8975300788879395,5.9765625
FP32-FINAL-CPU-BEST-r3,FP32-FINAL-CPU-BEST,3,ok,True,False,False,False,True,28,True,rollout,True,4.867247320711613,3,before_rollout,after_rollout_cleanup,0.017827987670898438,5.768869876861572,5.768892765045166,5.751041889190674,0.068359375,5.876953125,5.900390625,5.80859375,0.4014892578125,6.2100830078125,6.2335205078125,5.80859375,35.181270599365234,35.181270599365234,35.181270599365234,0.0,5.814423084259033,5.94140625,0.04555320739746094,0.064453125
FP32-FINAL-CPU-BEST-r3,FP32-FINAL-CPU-BEST,3,ok,True,False,False,False,True,29,True,actor_log_prob,True,1.0991279892623425,2,before_actor_log_prob,after_actor_log_prob,5.768864154815674,0.01784801483154297,5.768864154815674,-5.751016139984131,5.876953125,0.068359375,5.876953125,-5.80859375,6.2100830078125,0.4014892578125,6.2100830078125,-5.80859375,35.181209564208984,35.181209564208984,35.181209564208984,0.0,5.952487945556641,6.08203125,5.934639930725098,6.013671875
FP32-FINAL-CPU-BEST-r3,FP32-FINAL-CPU-BEST,3,ok,True,False,False,False,True,29,True,actor_update,True,17.873173523694277,11,before_actor_load,after_actor_offload,0.017822265625,0.017822265625,6.344898700714111,0.0,0.068359375,0.06640625,10.11328125,-0.001953125,0.4014892578125,0.3995361328125,10.4464111328125,-0.001953125,35.181209564208984,35.18125534057617,40.137630462646484,4.57763671875e-05,8.377046585083008,10.11328125,8.359224319458008,10.046875
FP32-FINAL-CPU-BEST-r3,FP32-FINAL-CPU-BEST,3,ok,True,False,False,False,True,29,True,reference_log_prob,True,1.619949221611023,4,before_reference_log_prob,after_reference_offload,0.017822265625,0.01784801483154297,5.768889904022217,2.574920654296875e-05,0.068359375,0.068359375,6.044921875,0.0,0.4014892578125,0.4014892578125,6.3780517578125,0.0,35.181209564208984,35.181209564208984,35.181209564208984,0.0,5.915378093719482,6.044921875,5.8975300788879395,5.9765625
FP32-FINAL-CPU-BEST-r3,FP32-FINAL-CPU-BEST,3,ok,True,False,False,False,True,29,True,rollout,True,4.893201250582933,3,before_rollout,after_rollout_cleanup,0.017827987670898438,5.768869876861572,5.768892765045166,5.751041889190674,0.068359375,5.876953125,5.900390625,5.80859375,0.4014892578125,6.2100830078125,6.2335205078125,5.80859375,35.181209564208984,35.181209564208984,35.181209564208984,0.0,5.814423084259033,5.94140625,0.04555320739746094,0.064453125
FP32-FINAL-CPU-BEST-r3,FP32-FINAL-CPU-BEST,3,ok,True,False,False,False,True,30,True,actor_log_prob,True,1.0960095636546612,2,before_actor_log_prob,after_actor_log_prob,5.768864154815674,0.01784801483154297,5.768864154815674,-5.751016139984131,5.876953125,0.068359375,5.876953125,-5.80859375,6.2100830078125,0.4014892578125,6.2100830078125,-5.80859375,35.18137741088867,35.18137741088867,35.18137741088867,0.0,5.952487945556641,6.08203125,5.934639930725098,6.013671875
FP32-FINAL-CPU-BEST-r3,FP32-FINAL-CPU-BEST,3,ok,True,False,False,False,True,30,True,actor_update,True,18.01266425475478,11,before_actor_load,after_actor_offload,0.017822265625,0.017822265625,6.344898700714111,0.0,0.068359375,0.06640625,10.11328125,-0.001953125,0.4014892578125,0.3995361328125,10.4464111328125,-0.001953125,35.18137741088867,35.1815299987793,40.12913131713867,0.000152587890625,8.377046585083008,10.11328125,8.359224319458008,10.046875
FP32-FINAL-CPU-BEST-r3,FP32-FINAL-CPU-BEST,3,ok,True,False,False,False,True,30,True,reference_log_prob,True,1.6042218208312988,4,before_reference_log_prob,after_reference_offload,0.017822265625,0.01784801483154297,5.768889904022217,2.574920654296875e-05,0.068359375,0.068359375,6.044921875,0.0,0.4014892578125,0.4014892578125,6.3780517578125,0.0,35.18137741088867,35.18137741088867,35.18137741088867,0.0,5.915378093719482,6.044921875,5.8975300788879395,5.9765625
FP32-FINAL-CPU-BEST-r3,FP32-FINAL-CPU-BEST,3,ok,True,False,False,False,True,30,True,rollout,True,4.892518099397421,3,before_rollout,after_rollout_cleanup,0.017827987670898438,5.768869876861572,5.768892765045166,5.751041889190674,0.068359375,5.876953125,5.900390625,5.80859375,0.4014892578125,6.2100830078125,6.2335205078125,5.80859375,35.18125534057617,35.18125534057617,35.18125534057617,0.0,5.814423084259033,5.94140625,0.04555320739746094,0.064453125
FP32-FINAL-CPU-BEST-r3,FP32-FINAL-CPU-BEST,3,ok,True,False,False,False,True,31,True,actor_log_prob,True,1.099087618291378,2,before_actor_log_prob,after_actor_log_prob,5.768864154815674,0.01784801483154297,5.768864154815674,-5.751016139984131,5.876953125,0.068359375,5.876953125,-5.80859375,6.2100830078125,0.4014892578125,6.2100830078125,-5.80859375,35.1815299987793,35.1815299987793,35.1815299987793,0.0,5.952487945556641,6.08203125,5.934639930725098,6.013671875
FP32-FINAL-CPU-BEST-r3,FP32-FINAL-CPU-BEST,3,ok,True,False,False,False,True,31,True,actor_update,True,17.993076734244823,11,before_actor_load,after_actor_offload,0.017822265625,0.017822265625,6.344898700714111,0.0,0.068359375,0.06640625,10.11328125,-0.001953125,0.4014892578125,0.3995361328125,10.4464111328125,-0.001953125,35.1815299987793,35.238502502441406,40.142032623291016,0.056972503662109375,8.377046585083008,10.11328125,8.359224319458008,10.046875
FP32-FINAL-CPU-BEST-r3,FP32-FINAL-CPU-BEST,3,ok,True,False,False,False,True,31,True,reference_log_prob,True,1.6343493945896626,4,before_reference_log_prob,after_reference_offload,0.017822265625,0.01784801483154297,5.768889904022217,2.574920654296875e-05,0.068359375,0.068359375,6.044921875,0.0,0.4014892578125,0.4014892578125,6.3780517578125,0.0,35.1815299987793,35.1815299987793,35.1815299987793,0.0,5.915378093719482,6.044921875,5.8975300788879395,5.9765625
FP32-FINAL-CPU-BEST-r3,FP32-FINAL-CPU-BEST,3,ok,True,False,False,False,True,31,True,rollout,True,4.921938836574554,3,before_rollout,after_rollout_cleanup,0.017827987670898438,5.768869876861572,5.768892765045166,5.751041889190674,0.068359375,5.876953125,5.900390625,5.80859375,0.4014892578125,6.2100830078125,6.2335205078125,5.80859375,35.1815299987793,35.1815299987793,35.1815299987793,0.0,5.814423084259033,5.94140625,0.04555320739746094,0.064453125
FP32-FINAL-CPU-BEST-r3,FP32-FINAL-CPU-BEST,3,ok,True,False,False,False,True,32,True,actor_log_prob,True,1.104359146207571,2,before_actor_log_prob,after_actor_log_prob,5.768864154815674,0.01784801483154297,5.768864154815674,-5.751016139984131,5.876953125,0.068359375,5.876953125,-5.80859375,6.2100830078125,0.4014892578125,6.2100830078125,-5.80859375,35.238502502441406,35.238502502441406,35.238502502441406,0.0,5.952487945556641,6.08203125,5.934639930725098,6.013671875
FP32-FINAL-CPU-BEST-r3,FP32-FINAL-CPU-BEST,3,ok,True,False,False,False,True,32,True,actor_update,True,17.890509355813265,11,before_actor_load,after_actor_offload,0.017822265625,0.017822265625,6.344898700714111,0.0,0.068359375,0.06640625,10.11328125,-0.001953125,0.4014892578125,0.3995361328125,10.4464111328125,-0.001953125,35.238502502441406,35.177040100097656,40.152442932128906,-0.06146240234375,8.377046585083008,10.11328125,8.359224319458008,10.046875
FP32-FINAL-CPU-BEST-r3,FP32-FINAL-CPU-BEST,3,ok,True,False,False,False,True,32,True,reference_log_prob,True,1.7910828106105328,4,before_reference_log_prob,after_reference_offload,0.017822265625,0.01784801483154297,5.768889904022217,2.574920654296875e-05,0.068359375,0.068359375,6.044921875,0.0,0.4014892578125,0.4014892578125,6.3780517578125,0.0,35.238502502441406,35.238502502441406,35.238502502441406,0.0,5.915378093719482,6.044921875,5.8975300788879395,5.9765625
FP32-FINAL-CPU-BEST-r3,FP32-FINAL-CPU-BEST,3,ok,True,False,False,False,True,32,True,rollout,True,4.868676386773586,3,before_rollout,after_rollout_cleanup,0.017827987670898438,5.768869876861572,5.768892765045166,5.751041889190674,0.068359375,5.876953125,5.900390625,5.80859375,0.4014892578125,6.2100830078125,6.2335205078125,5.80859375,35.238502502441406,35.238502502441406,35.238502502441406,0.0,5.814423084259033,5.94140625,0.04555320739746094,0.064453125
FP32-FINAL-GPU-OPT-r1,FP32-FINAL-GPU-OPT,1,cuda_oom,True,False,False,False,True,1,False,actor_log_prob,True,1.0924557223916054,2,before_actor_log_prob,after_actor_log_prob,5.759464740753174,0.007960319519042969,5.759464740753174,-5.751504421234131,5.869140625,0.021484375,5.869140625,-5.84765625,6.1925048828125,0.3448486328125,6.1925048828125,-5.84765625,16.318401336669922,16.321453094482422,16.321453094482422,0.0030517578125,5.943088531494141,6.07421875,5.935128211975098,6.052734375
FP32-FINAL-GPU-OPT-r1,FP32-FINAL-GPU-OPT,1,cuda_oom,True,False,False,False,True,1,False,actor_update,False,1.5586535707116127,5,before_actor_load,actor_forward_end,0.0079345703125,6.335011005401611,6.335011005401611,6.327076435089111,0.021484375,6.578125,6.578125,6.556640625,0.3448486328125,6.9014892578125,6.9014892578125,6.556640625,16.321575164794922,16.326091766357422,16.326091766357422,0.0045166015625,6.372105121612549,6.578125,0.0370941162109375,0.0
FP32-FINAL-GPU-OPT-r1,FP32-FINAL-GPU-OPT,1,cuda_oom,True,False,False,False,True,1,False,reference_log_prob,True,1.6254613175988197,4,before_reference_log_prob,after_reference_offload,0.0079345703125,0.007960319519042969,5.759002208709717,2.574920654296875e-05,0.021484375,0.021484375,6.037109375,0.0,0.3448486328125,0.3448486328125,6.3604736328125,0.0,16.321575164794922,16.321575164794922,16.321575164794922,0.0,5.905490398406982,6.037109375,5.8975300788879395,6.015625
FP32-FINAL-GPU-OPT-r1,FP32-FINAL-GPU-OPT,1,cuda_oom,True,False,False,False,True,1,False,rollout,True,4.943927153944969,3,before_rollout,after_rollout_cleanup,5.7220458984375e-06,5.759470462799072,5.759493350982666,5.759464740753174,0.001953125,5.869140625,5.892578125,5.8671875,0.1905517578125,6.1925048828125,6.1925048828125,6.001953125,16.19931411743164,16.318035125732422,16.318035125732422,0.11872100830078125,5.805023670196533,5.9140625,0.04555320739746094,0.044921875
