output_group,run_id,path,label,status,returncode,started_at,finished_at,wall_s,model_path,repeat,warmup_steps,strategy,compute_dtype,rollout_dtype,actor_param,ref_param,actor_optimizer,cpu_optimizer,activation,retain_between_rollout_log_prob,bucket_layout,bucket_mb,num_staging_buffers,async_d2h,early_grad_release,reuse_gpu_packing_buffers,direct_cpu_grad_buffers,cpu_grad_accumulation,overlap_h2d_with_cpu_update,telemetry,detail,sync,nsys,metric_steps,perf_actor_forward_total_wall_s_mean,perf_actor_backward_total_wall_s_mean,perf_actor_adam_step_total_wall_s_mean,perf_max_memory_allocated_gb_mean,perf_max_memory_reserved_gb_mean,timing_s_update_actor_mean,timing_s_step_mean,perf_throughput_mean
activation-fallback-smoke,C03_activation-r1,outputs/activation-fallback-smoke/C03_activation-r1,,ok,0,1785131386.0446904,1785131438.7776582,52.61873980984092,Qwen/Qwen2.5-0.5B-Instruct,1,1,,,,False,False,False,,True,,,,,,,,,,,,True,False,False,2,,,,11.066,11.375,1.7985,7.154,89.2055
activation-fallback-smoke,C15_all-r1,outputs/activation-fallback-smoke/C15_all-r1,,ok,0,1785131438.7785826,1785131500.0963001,61.15294451639056,Qwen/Qwen2.5-0.5B-Instruct,1,1,,,,True,True,True,,True,,,,,,,,,,,,True,False,False,2,,,,10.15,11.104,2.4695,8.681000000000001,73.50450000000001
activation-fixed-full,C03_activation-r1,outputs/activation-fixed-full/C03_activation-r1,,ok,0,1785131580.3515182,1785131825.9038405,245.53622181341052,Qwen/Qwen2.5-0.5B-Instruct,1,5,,,,False,False,False,,True,,,,,,,,,,,,False,False,False,25,,,,11.066,11.38352,1.86724,7.16132,93.9636
activation-fixed-full,C03_activation-r2,outputs/activation-fixed-full/C03_activation-r2,,ok,0,1785131825.904601,1785132071.1092126,245.0900587439537,Qwen/Qwen2.5-0.5B-Instruct,2,5,,,,False,False,False,,True,,,,,,,,,,,,False,False,False,25,,,,11.066,11.43056,1.92212,7.17936,92.1732
activation-fixed-full,C03_activation-r3,outputs/activation-fixed-full/C03_activation-r3,,ok,0,1785132071.1101556,1785132317.2481227,246.10542764514685,Qwen/Qwen2.5-0.5B-Instruct,3,5,,,,False,False,False,,True,,,,,,,,,,,,False,False,False,25,,,,11.066,11.40316,1.9358,7.16944,93.79084
activation-fixed-full,C11_ref_optimizer_activation-r1,outputs/activation-fixed-full/C11_ref_optimizer_activation-r1,,failed,1,1785132317.2490222,1785132514.9372475,197.47328655421734,Qwen/Qwen2.5-0.5B-Instruct,1,5,,,,False,True,True,,True,,,,,,,,,,,,False,False,False,14,,,,10.151,10.975857142857143,2.3775714285714287,8.229214285714285,82.03692857142858
activation-fixed-full,C11_ref_optimizer_activation-r2,outputs/activation-fixed-full/C11_ref_optimizer_activation-r2,,ok,0,1785132514.9381967,1785132793.5434787,278.3903313688934,Qwen/Qwen2.5-0.5B-Instruct,2,5,,,,False,True,True,,True,,,,,,,,,,,,False,False,False,25,,,,10.151,10.98824,2.36616,8.17396,82.29752
activation-fixed-full,C11_ref_optimizer_activation-r3,outputs/activation-fixed-full/C11_ref_optimizer_activation-r3,,ok,0,1785132793.5445182,1785133076.0772712,282.46639988571405,Qwen/Qwen2.5-0.5B-Instruct,3,5,,,,False,True,True,,True,,,,,,,,,,,,False,False,False,25,,,,10.151,10.96344,2.38244,8.33748,80.54332
activation-fixed-full,C15_all-r1,outputs/activation-fixed-full/C15_all-r1,,ok,0,1785133076.07826,1785133382.445014,306.3022168688476,Qwen/Qwen2.5-0.5B-Instruct,1,5,,,,True,True,True,,True,,,,,,,,,,,,False,False,False,25,,,,10.15,11.104,2.5872,9.07132,74.15652
activation-fixed-full,C15_all-r2,outputs/activation-fixed-full/C15_all-r2,,ok,0,1785133382.445954,1785133684.383376,301.7726625315845,Qwen/Qwen2.5-0.5B-Instruct,2,5,,,,True,True,True,,True,,,,,,,,,,,,False,False,False,25,,,,10.15,11.104,2.5524,8.92316,74.3516
activation-fixed-full,C15_all-r3,outputs/activation-fixed-full/C15_all-r3,,failed,1,1785133684.3843107,1785133711.3897176,26.97282599285245,Qwen/Qwen2.5-0.5B-Instruct,3,5,,,,True,True,True,,True,,,,,,,,,,,,False,False,False,0,,,,,,,,
actor-phase-async-smoke,PA-ASYNC-r1,outputs/actor-phase-async-smoke/PA-ASYNC-r1,Phase actor residency / async D2H CPU Adam,ok,0,1786000278.231881,1786000409.567293,131.22084198147058,Qwen/Qwen2.5-0.5B-Instruct,1,2,single_gpu_unwrapped,fp16,,True,True,False,False,False,True,True,64,2,True,True,,,False,False,,True,False,False,5,0.0806,0.9314,5.1236,3.235,4.875,7.0126,12.795,51.1476
all-gpu-memory-diagnostic-v1,R-GGG-MEMTRACE-r1,outputs/all-gpu-memory-diagnostic-v1/R-GGG-MEMTRACE-r1,All GPU residency / phase allocator trace,ok,0,1786080484.3747942,1786080536.7389634,52.149548560380936,Qwen/Qwen2.5-0.5B-Instruct,1,0,single_gpu_unwrapped,fp16,,False,False,False,False,False,,,,,,,,,,,,True,False,False,3,0.06533333333333334,0.259,0.09266666666666666,10.247666666666667,11.007666666666667,0.9616666666666667,6.894,91.225
all-gpu-memory-diagnostic-v2,R-GGG-MEMTRACE-r1,outputs/all-gpu-memory-diagnostic-v2/R-GGG-MEMTRACE-r1,All GPU residency / phase allocator trace,ok,0,1786080912.0252624,1786080970.079167,57.889429431408644,Qwen/Qwen2.5-0.5B-Instruct,1,0,single_gpu_unwrapped,fp16,,False,False,False,False,False,,,,,,,,,,,,True,False,False,3,0.06633333333333334,0.25766666666666665,0.09933333333333334,10.247666666666667,11.007666666666667,1.748,8.46,81.50766666666667
all-gpu-memory-diagnostic-v3,R-GGG-MEMTRACE-r1,outputs/all-gpu-memory-diagnostic-v3/R-GGG-MEMTRACE-r1,All GPU residency / phase allocator trace,ok,0,1786081002.5927138,1786081063.6498132,60.99296905845404,Qwen/Qwen2.5-0.5B-Instruct,1,0,single_gpu_unwrapped,fp16,,False,False,False,False,False,,,,,,,,,,,,True,False,False,3,0.06766666666666667,0.2573333333333333,0.09433333333333334,10.247666666666667,11.007666666666667,2.078333333333333,9.963000000000001,77.80266666666667
backward-nsys-rootcause-v1,NSYS-NOSTREAM-r1,outputs/backward-nsys-rootcause-v1/NSYS-NOSTREAM-r1,No-stream backward Nsight,ok,0,1786621741.6203012,1786622322.5967002,580.9441996775568,Qwen/Qwen2.5-0.5B-Instruct,1,2,single_gpu_unwrapped,fp32,float32,True,True,False,False,False,True,False,,,False,False,,,False,False,False,False,False,True,28,0.09207142857142857,0.22467857142857142,3.5924285714285715,4.721,5.039,5.608392857142857,12.171107142857142,55.13267857142857
backward-nsys-rootcause-v1,NSYS-STREAM16-r1,outputs/backward-nsys-rootcause-v1/NSYS-STREAM16-r1,16 MiB streaming backward Nsight,failed,1,1786622322.5980535,1786622345.641597,22.928967900574207,Qwen/Qwen2.5-0.5B-Instruct,1,2,single_gpu_unwrapped,fp32,float32,True,True,False,False,False,True,True,16,3,True,True,True,True,True,True,False,False,False,True,0,,,,,,,,
core-memory-diagnostics-v1,O-PART-MEMTRACE-r1,outputs/core-memory-diagnostics-v1/O-PART-MEMTRACE-r1,CPU Adam / actor partial residency / allocator trace,failed,1,1786081910.7605925,1786081916.126878,5.3306914716959,Qwen/Qwen2.5-0.5B-Instruct,1,0,single_gpu_unwrapped,fp16,,True,True,False,False,False,True,False,,,False,False,,,False,False,,True,True,False,0,,,,,,,,
core-memory-diagnostics-v1,R-GCC-MEMTRACE-r1,outputs/core-memory-diagnostics-v1/R-GCC-MEMTRACE-r1,A GPU / Ref phase / Adam swap / allocator trace,ok,0,1786081643.5794535,1786081910.7599237,267.1723969504237,Qwen/Qwen2.5-0.5B-Instruct,1,0,single_gpu_unwrapped,fp16,,False,True,True,False,False,,,,,,,,,,,,True,True,False,30,0.10033333333333333,0.24493333333333334,0.13213333333333332,8.4081,9.246666666666666,1.5009,7.802333333333333,88.33283333333333
cpu-best-foreach-true-fp32-v1,FP32-CPU-BEST-FOREACH-r1,outputs/cpu-best-foreach-true-fp32-v1/FP32-CPU-BEST-FOREACH-r1,CPU-BEST / torch AdamW foreach=True,ok,0,1786324512.41244,1786324864.2170453,351.69030989706516,Qwen/Qwen2.5-0.5B-Instruct,1,2,single_gpu_unwrapped,fp32,float32,True,True,False,False,False,True,True,8,1,True,True,True,,False,False,,True,False,False,30,0.06676666666666667,0.8952,3.3022666666666667,3.388,5.02,5.1084,9.760633333333333,68.21806666666667
non-fsdp-unified-fp16-smoke-v1,O-SYNC-r1,outputs/non-fsdp-unified-fp16-smoke-v1/O-SYNC-r1,Whole synchronous CPU offload,ok,0,1785982283.3386414,1785982330.8784304,47.50778770074248,Qwen/Qwen2.5-0.5B-Instruct,1,0,single_gpu_unwrapped,,,False,True,False,False,False,,False,,,False,False,,,False,False,,True,False,False,1,0.084,0.299,6.953,4.219,4.908,7.432,12.834,41.843
non-fsdp-unified-smoke-v1,O-ASYNC-r1,outputs/non-fsdp-unified-smoke-v1/O-ASYNC-r1,Async D2H + early release,ok,0,1785981807.130238,1785981854.759593,47.46453479677439,Qwen/Qwen2.5-0.5B-Instruct,1,0,single_gpu_unwrapped,,,False,True,False,False,False,,True,64,2,True,True,,,False,False,,True,False,False,1,0.076,1.241,5.08,3.252,4.932,6.795,12.37,46.242
non-fsdp-unified-smoke-v1,O-CACC-r1,outputs/non-fsdp-unified-smoke-v1/O-CACC-r1,Four-microbatch CPU accumulation,ok,0,1785981902.1280146,1785981952.8134894,50.47069015353918,Qwen/Qwen2.5-0.5B-Instruct,1,0,single_gpu_unwrapped,,,False,True,False,False,False,,True,64,2,True,True,,,True,False,,True,False,False,1,0.238,3.909,5.074,2.978,4.068,10.0,15.587,36.698
non-fsdp-unified-smoke-v1,O-GACC-r1,outputs/non-fsdp-unified-smoke-v1/O-GACC-r1,Four-microbatch GPU accumulation,ok,0,1785981854.7611942,1785981902.1264355,47.25049505010247,Qwen/Qwen2.5-0.5B-Instruct,1,0,single_gpu_unwrapped,,,False,True,False,False,False,,True,64,,False,False,,,False,False,,True,False,False,1,0.244,0.608,5.964,4.784,5.439,7.048,12.714,44.988
non-fsdp-unified-smoke-v1,O-PART-r1,outputs/non-fsdp-unified-smoke-v1/O-PART-r1,CPU Adam / actor partial residency,ok,0,1785981711.402007,1785981759.9939356,48.477160915732384,Qwen/Qwen2.5-0.5B-Instruct,1,0,single_gpu_unwrapped,,,True,True,False,False,False,True,False,,,False,False,,,False,False,,True,False,False,1,0.078,0.438,5.732,4.221,4.908,6.865,13.069,43.767
non-fsdp-unified-smoke-v1,O-PIPE-r1,outputs/non-fsdp-unified-smoke-v1/O-PIPE-r1,CPU accumulation + H2D pipeline,ok,0,1785981952.8142223,1785982003.7233431,50.87692368775606,Qwen/Qwen2.5-0.5B-Instruct,1,0,single_gpu_unwrapped,,,False,True,False,False,False,,True,64,2,True,True,,,True,True,,True,False,False,1,0.23,3.854,4.602,2.978,4.068,9.461,15.043,38.024
non-fsdp-unified-smoke-v1,O-REL-r1,outputs/non-fsdp-unified-smoke-v1/O-REL-r1,Synchronous bucket release,ok,0,1785981759.9955792,1785981807.1286962,47.01670103147626,Qwen/Qwen2.5-0.5B-Instruct,1,0,single_gpu_unwrapped,,,False,True,False,False,False,,True,64,,False,False,,,False,False,,True,False,False,1,0.075,0.441,6.092,4.22,4.945,6.755,12.371,46.237
non-fsdp-unified-smoke-v1,O-SYNC-r1,outputs/non-fsdp-unified-smoke-v1/O-SYNC-r1,Whole synchronous CPU offload,ok,0,1785981598.9484959,1785981645.6784,46.61506673693657,Qwen/Qwen2.5-0.5B-Instruct,1,0,single_gpu_unwrapped,,,False,True,False,False,False,,False,,,False,False,,,False,False,,True,False,False,1,0.074,0.434,5.713,4.217,4.945,6.371,12.02,47.586
non-fsdp-unified-smoke-v1,R-CGC-r1,outputs/non-fsdp-unified-smoke-v1/R-CGC-r1,A phase / Ref GPU / Adam swap,ok,0,1785981668.8532567,1785981711.4005442,42.48309686034918,Qwen/Qwen2.5-0.5B-Instruct,1,0,single_gpu_unwrapped,,,True,False,True,False,False,,,,,,,,,,,,True,False,False,1,0.105,0.439,0.122,10.264,10.631,3.561,9.664,59.188
non-fsdp-unified-smoke-v1,R-GCC-r1,outputs/non-fsdp-unified-smoke-v1/R-GCC-r1,A GPU / Ref phase / Adam swap,ok,0,1785981557.7577288,1785981598.9469237,41.07498945295811,Qwen/Qwen2.5-0.5B-Instruct,1,0,single_gpu_unwrapped,,,False,True,True,False,False,,,,,,,,,,,,True,False,False,1,0.074,0.429,0.125,8.411,8.746,3.136,8.806,64.956
non-fsdp-unified-v1,O-ASYNC-r1,outputs/non-fsdp-unified-v1/O-ASYNC-r1,Async D2H + early release,ok,0,1785994395.4137154,1785994842.125935,446.54722265154123,Qwen/Qwen2.5-0.5B-Instruct,1,5,single_gpu_unwrapped,fp16,,False,True,False,False,False,,True,64,2,True,True,,,False,False,,True,False,False,30,0.07706666666666667,0.9170666666666667,4.9299333333333335,3.223,4.855,6.297366666666667,11.6361,57.023666666666664
non-fsdp-unified-v1,O-ASYNC-r2,outputs/non-fsdp-unified-v1/O-ASYNC-r2,Async D2H + early release,ok,0,1785994842.1275327,1785995269.2144125,426.9219435863197,Qwen/Qwen2.5-0.5B-Instruct,2,5,single_gpu_unwrapped,fp16,,False,True,False,False,False,,True,64,2,True,True,,,False,False,,True,False,False,30,0.07933333333333334,0.9218666666666667,4.3478666666666665,3.223,4.855,5.720666666666666,11.010233333333334,60.1643
non-fsdp-unified-v1,O-ASYNC-r3,outputs/non-fsdp-unified-v1/O-ASYNC-r3,Async D2H + early release,ok,0,1785995269.2160609,1785995714.7884662,445.35778231173754,Qwen/Qwen2.5-0.5B-Instruct,3,5,single_gpu_unwrapped,fp16,,False,True,False,False,False,,True,64,2,True,True,,,False,False,,True,False,False,30,0.07756666666666667,0.9148666666666667,4.9881,3.223,4.855,6.3541,11.645466666666668,57.1393
non-fsdp-unified-v1,O-BKT-r1,outputs/non-fsdp-unified-v1/O-BKT-r1,Synchronous bucket D2H,ok,0,1785991798.7181787,1785992214.6035929,415.7204874828458,Qwen/Qwen2.5-0.5B-Instruct,1,5,single_gpu_unwrapped,fp16,,False,True,False,False,False,,True,64,,False,False,,,False,False,,True,False,False,30,0.07156666666666667,0.24456666666666665,4.934366666666667,4.263,4.869,5.412966666666667,10.744366666666666,61.9574
non-fsdp-unified-v1,O-BKT-r2,outputs/non-fsdp-unified-v1/O-BKT-r2,Synchronous bucket D2H,ok,0,1785992214.6051846,1785992650.2535117,435.4333564117551,Qwen/Qwen2.5-0.5B-Instruct,2,5,single_gpu_unwrapped,fp16,,False,True,False,False,False,,True,64,,False,False,,,False,False,,True,False,False,30,0.07456666666666667,0.24723333333333333,5.4584,4.263,4.869,5.934833333333334,11.351066666666666,58.62446666666666
non-fsdp-unified-v1,O-BKT-r3,outputs/non-fsdp-unified-v1/O-BKT-r3,Synchronous bucket D2H,ok,0,1785992650.2550254,1785993080.8300009,430.3601205945015,Qwen/Qwen2.5-0.5B-Instruct,3,5,single_gpu_unwrapped,fp16,,False,True,False,False,False,,True,64,,False,False,,,False,False,,True,False,False,30,0.07173333333333333,0.2444,5.5506,4.263,4.869,6.027033333333334,11.2573,58.9995
non-fsdp-unified-v1,O-CACC-r1,outputs/non-fsdp-unified-v1/O-CACC-r1,Four-microbatch CPU accumulation,ok,0,1785997030.5465047,1785997596.4374895,565.7762821093202,Qwen/Qwen2.5-0.5B-Instruct,1,5,single_gpu_unwrapped,fp16,,False,True,False,False,False,,True,64,2,True,True,,,True,False,,True,False,False,30,0.24546666666666667,3.578333333333333,5.080433333333334,2.978,4.031,9.684833333333334,15.091766666666667,43.98993333333333
non-fsdp-unified-v1,O-CACC-r2,outputs/non-fsdp-unified-v1/O-CACC-r2,Four-microbatch CPU accumulation,ok,0,1785997596.4390163,1785998130.574994,534.0212317407131,Qwen/Qwen2.5-0.5B-Instruct,2,5,single_gpu_unwrapped,fp16,,False,True,False,False,False,,True,64,2,True,True,,,True,False,,True,False,False,30,0.2448,3.5314,4.2077333333333335,2.978,4.031,8.784733333333334,14.070166666666667,47.0243
non-fsdp-unified-v1,O-CACC-r3,outputs/non-fsdp-unified-v1/O-CACC-r3,Four-microbatch CPU accumulation,ok,0,1785998130.5764637,1785998689.288195,558.5469509623945,Qwen/Qwen2.5-0.5B-Instruct,3,5,single_gpu_unwrapped,fp16,,False,True,False,False,False,,True,64,2,True,True,,,True,False,,True,False,False,30,0.24639999999999998,3.576966666666667,4.8850999999999996,2.978,4.031,9.501033333333334,14.8752,44.56773333333334
non-fsdp-unified-v1,O-GACC-r1,outputs/non-fsdp-unified-v1/O-GACC-r1,Four-microbatch GPU accumulation,ok,0,1785995714.790152,1785996161.0452046,446.2224734649062,Qwen/Qwen2.5-0.5B-Instruct,1,5,single_gpu_unwrapped,fp16,,False,True,False,False,False,,True,64,,False,False,,,False,False,,True,False,False,30,0.25226666666666664,0.535,5.499933333333333,4.747,5.4,6.4309666666666665,11.699033333333333,56.471333333333334
non-fsdp-unified-v1,O-GACC-r2,outputs/non-fsdp-unified-v1/O-GACC-r2,Four-microbatch GPU accumulation,ok,0,1785996161.0458424,1785996593.6922429,432.4318914562464,Qwen/Qwen2.5-0.5B-Instruct,2,5,single_gpu_unwrapped,fp16,,False,True,False,False,False,,True,64,,False,False,,,False,False,,True,False,False,30,0.25016666666666665,0.5449,4.910966666666667,4.747,5.4,5.850866666666667,11.201433333333334,59.42033333333333
non-fsdp-unified-v1,O-GACC-r3,outputs/non-fsdp-unified-v1/O-GACC-r3,Four-microbatch GPU accumulation,ok,0,1785996593.6940289,1785997030.5449815,436.8182852268219,Qwen/Qwen2.5-0.5B-Instruct,3,5,single_gpu_unwrapped,fp16,,False,True,False,False,False,,True,64,,False,False,,,False,False,,True,False,False,30,0.2587,0.5460666666666667,5.0259,4.747,5.4,5.980166666666666,11.357433333333333,58.54046666666667
non-fsdp-unified-v1,O-PART-r1,outputs/non-fsdp-unified-v1/O-PART-r1,CPU Adam / actor partial residency,ok,0,1785989135.8277144,1785989593.819052,457.77632346376777,Qwen/Qwen2.5-0.5B-Instruct,1,5,single_gpu_unwrapped,fp16,,True,True,False,False,False,True,False,,,False,False,,,False,False,,True,False,False,30,0.0904,0.24433333333333332,5.2861666666666665,4.222,4.889,6.244633333333334,11.997366666666666,55.468833333333336
non-fsdp-unified-v1,O-PART-r2,outputs/non-fsdp-unified-v1/O-PART-r2,CPU Adam / actor partial residency,ok,0,1785989593.8206935,1785990060.5282276,466.4924957975745,Qwen/Qwen2.5-0.5B-Instruct,2,5,single_gpu_unwrapped,fp16,,True,True,False,False,False,True,False,,,False,False,,,False,False,,True,False,False,30,0.08763333333333333,0.2454,5.3678333333333335,4.222,4.889,6.328366666666667,12.212166666666667,54.50606666666667
non-fsdp-unified-v1,O-PART-r3,outputs/non-fsdp-unified-v1/O-PART-r3,CPU Adam / actor partial residency,ok,0,1785990060.5293384,1785990519.9461527,459.3843810930848,Qwen/Qwen2.5-0.5B-Instruct,3,5,single_gpu_unwrapped,fp16,,True,True,False,False,False,True,False,,,False,False,,,False,False,,True,False,False,30,0.09156666666666667,0.24576666666666666,5.316366666666667,4.222,4.889,6.283733333333333,12.051966666666667,55.228033333333336
non-fsdp-unified-v1,O-PIPE-r1,outputs/non-fsdp-unified-v1/O-PIPE-r1,CPU accumulation + H2D pipeline,ok,0,1785998689.2901146,1785999227.2906785,537.8357414416969,Qwen/Qwen2.5-0.5B-Instruct,1,5,single_gpu_unwrapped,fp16,,False,True,False,False,False,,True,64,2,True,True,,,True,True,,True,False,False,30,0.2444,3.4870666666666668,4.380233333333333,2.978,4.031,8.8912,14.2609,46.548766666666666
non-fsdp-unified-v1,O-PIPE-r2,outputs/non-fsdp-unified-v1/O-PIPE-r2,CPU accumulation + H2D pipeline,ok,0,1785999227.2922027,1785999758.4253113,530.9180537872016,Qwen/Qwen2.5-0.5B-Instruct,2,5,single_gpu_unwrapped,fp16,,False,True,False,False,False,,True,64,2,True,True,,,True,True,,True,False,False,30,0.24366666666666667,3.5188,4.2302,2.978,4.031,8.773933333333334,14.023933333333334,47.4442
non-fsdp-unified-v1,O-PIPE-r3,outputs/non-fsdp-unified-v1/O-PIPE-r3,CPU accumulation + H2D pipeline,ok,0,1785999758.4268408,1786000315.3558416,556.76351576671,Qwen/Qwen2.5-0.5B-Instruct,3,5,single_gpu_unwrapped,fp16,,False,True,False,False,False,,True,64,2,True,True,,,True,True,,True,False,False,30,0.25856666666666667,3.669233333333333,4.4743,2.978,4.031,9.205033333333333,14.898533333333333,44.7062
non-fsdp-unified-v1,O-REL-r1,outputs/non-fsdp-unified-v1/O-REL-r1,Synchronous bucket release,ok,0,1785993080.831638,1785993517.587989,436.5412449836731,Qwen/Qwen2.5-0.5B-Instruct,1,5,single_gpu_unwrapped,fp16,,False,True,False,False,False,,True,64,,False,False,,,False,False,,True,False,False,30,0.0787,0.24509999999999998,5.673666666666667,4.217,4.869,6.158966666666666,11.413566666666666,58.171533333333336
non-fsdp-unified-v1,O-REL-r2,outputs/non-fsdp-unified-v1/O-REL-r2,Synchronous bucket release,ok,0,1785993517.5897593,1785993956.0938687,438.38933090493083,Qwen/Qwen2.5-0.5B-Instruct,2,5,single_gpu_unwrapped,fp16,,False,True,False,False,False,,True,64,,False,False,,,False,False,,True,False,False,30,0.0768,0.24753333333333333,5.7727,4.217,4.869,6.2553,11.4862,57.94063333333333
non-fsdp-unified-v1,O-REL-r3,outputs/non-fsdp-unified-v1/O-REL-r3,Synchronous bucket release,ok,0,1785993956.0954015,1785994395.4120991,439.20199144631624,Qwen/Qwen2.5-0.5B-Instruct,3,5,single_gpu_unwrapped,fp16,,False,True,False,False,False,,True,64,,False,False,,,False,False,,True,False,False,30,0.07813333333333333,0.24463333333333334,5.769,4.217,4.869,6.2541,11.472066666666667,58.0049
non-fsdp-unified-v1,O-SYNC-r1,outputs/non-fsdp-unified-v1/O-SYNC-r1,Whole synchronous CPU offload,ok,0,1785990519.946794,1785990943.8100982,423.7490388825536,Qwen/Qwen2.5-0.5B-Instruct,1,5,single_gpu_unwrapped,fp16,,False,True,False,False,False,,False,,,False,False,,,False,False,,True,False,False,30,0.083,0.24426666666666666,5.2698,4.217,4.869,5.752466666666667,11.060733333333333,60.1695
non-fsdp-unified-v1,O-SYNC-r2,outputs/non-fsdp-unified-v1/O-SYNC-r2,Whole synchronous CPU offload,ok,0,1785990943.8115675,1785991370.7791784,426.802725546062,Qwen/Qwen2.5-0.5B-Instruct,2,5,single_gpu_unwrapped,fp16,,False,True,False,False,False,,False,,,False,False,,,False,False,,True,False,False,30,0.07486666666666666,0.24663333333333334,5.241866666666667,4.217,4.869,5.725233333333334,11.1705,59.386
non-fsdp-unified-v1,O-SYNC-r3,outputs/non-fsdp-unified-v1/O-SYNC-r3,Whole synchronous CPU offload,ok,0,1785991370.780266,1785991798.716587,427.721744466573,Qwen/Qwen2.5-0.5B-Instruct,3,5,single_gpu_unwrapped,fp16,,False,True,False,False,False,,False,,,False,False,,,False,False,,True,False,False,30,0.08016666666666666,0.24723333333333333,5.3827,4.217,4.869,5.8685,11.175666666666666,59.425333333333334
non-fsdp-unified-v1,R-CCC-r1,outputs/non-fsdp-unified-v1/R-CCC-r1,A phase / Ref phase / Adam swap,ok,0,1785988194.6140146,1785988509.275982,314.4971665777266,Qwen/Qwen2.5-0.5B-Instruct,1,5,single_gpu_unwrapped,fp16,,True,True,True,False,False,,,,,,,,,,,,True,False,False,30,0.09253333333333333,0.25083333333333335,0.12853333333333333,8.41,9.264,1.4805333333333333,7.9808,83.32126666666667
non-fsdp-unified-v1,R-CCC-r2,outputs/non-fsdp-unified-v1/R-CCC-r2,A phase / Ref phase / Adam swap,ok,0,1785988509.2775695,1785988823.106714,313.7644214630127,Qwen/Qwen2.5-0.5B-Instruct,2,5,single_gpu_unwrapped,fp16,,True,True,True,False,False,,,,,,,,,,,,True,False,False,30,0.0906,0.25506666666666666,0.128,8.41,9.264,1.4829666666666668,7.9565,83.59426666666667
non-fsdp-unified-v1,R-CCC-r3,outputs/non-fsdp-unified-v1/R-CCC-r3,A phase / Ref phase / Adam swap,ok,0,1785988823.108348,1785989135.8261,312.6030542142689,Qwen/Qwen2.5-0.5B-Instruct,3,5,single_gpu_unwrapped,fp16,,True,True,True,False,False,,,,,,,,,,,,True,False,False,30,0.08823333333333333,0.2531333333333333,0.1287,8.41,9.264,1.4682333333333333,7.9292,83.752
non-fsdp-unified-v1,R-CCG-r1,outputs/non-fsdp-unified-v1/R-CCG-r1,A phase / Ref phase / Adam GPU,ok,0,1785987345.839503,1785987627.4530933,281.3985205926001,Qwen/Qwen2.5-0.5B-Instruct,1,5,single_gpu_unwrapped,fp16,,True,True,False,False,False,,,,,,,,,,,,True,False,False,30,0.09126666666666666,0.2539,0.07896666666666667,8.41,9.199,1.0604666666666667,7.076733333333333,94.0533
non-fsdp-unified-v1,R-CCG-r2,outputs/non-fsdp-unified-v1/R-CCG-r2,A phase / Ref phase / Adam GPU,ok,0,1785987627.4546254,1785987911.8518293,284.3326475955546,Qwen/Qwen2.5-0.5B-Instruct,2,5,single_gpu_unwrapped,fp16,,True,True,False,False,False,,,,,,,,,,,,True,False,False,30,0.092,0.25706666666666667,0.0789,8.41,9.199,1.0720666666666667,7.1663,92.88536666666667
non-fsdp-unified-v1,R-CCG-r3,outputs/non-fsdp-unified-v1/R-CCG-r3,A phase / Ref phase / Adam GPU,ok,0,1785987911.853295,1785988194.6125076,282.6445377767086,Qwen/Qwen2.5-0.5B-Instruct,3,5,single_gpu_unwrapped,fp16,,True,True,False,False,False,,,,,,,,,,,,True,False,False,30,0.08436666666666666,0.25626666666666664,0.07903333333333333,8.41,9.199,1.0602666666666667,7.1163,93.53786666666667
non-fsdp-unified-v1,R-CGC-r1,outputs/non-fsdp-unified-v1/R-CGC-r1,A phase / Ref GPU / Adam swap,ok,0,1785986451.817427,1785986751.4420986,299.50996217131615,Qwen/Qwen2.5-0.5B-Instruct,1,5,single_gpu_unwrapped,fp16,,True,False,True,False,False,,,,,,,,,,,,True,False,False,30,0.09076666666666666,0.2546333333333333,0.12846666666666667,10.262,11.145,1.4582,7.551633333333333,87.94026666666667
non-fsdp-unified-v1,R-CGC-r2,outputs/non-fsdp-unified-v1/R-CGC-r2,A phase / Ref GPU / Adam swap,ok,0,1785986751.4435618,1785987050.3280644,298.76981057971716,Qwen/Qwen2.5-0.5B-Instruct,2,5,single_gpu_unwrapped,fp16,,True,False,True,False,False,,,,,,,,,,,,True,False,False,30,0.08603333333333334,0.25843333333333335,0.12903333333333333,10.262,11.145,1.4632666666666667,7.552033333333333,88.13263333333333
non-fsdp-unified-v1,R-CGC-r3,outputs/non-fsdp-unified-v1/R-CGC-r3,A phase / Ref GPU / Adam swap,ok,0,1785987050.329515,1785987345.8379347,295.29361106455326,Qwen/Qwen2.5-0.5B-Instruct,3,5,single_gpu_unwrapped,fp16,,True,False,True,False,False,,,,,,,,,,,,True,False,False,30,0.08836666666666666,0.2612333333333333,0.12853333333333333,10.262,11.145,1.4641,7.4582,88.94186666666667
non-fsdp-unified-v1,R-CGG-r1,outputs/non-fsdp-unified-v1/R-CGG-r1,A phase / Ref GPU / Adam GPU,ok,0,1785985642.063105,1785985910.2155795,267.9375297278166,Qwen/Qwen2.5-0.5B-Instruct,1,5,single_gpu_unwrapped,fp16,,True,False,False,False,False,,,,,,,,,,,,True,False,False,30,0.09153333333333333,0.2695666666666667,0.07886666666666667,10.251,11.111,1.083,6.704433333333333,99.2112
non-fsdp-unified-v1,R-CGG-r2,outputs/non-fsdp-unified-v1/R-CGG-r2,A phase / Ref GPU / Adam GPU,ok,0,1785985910.2171073,1785986179.953031,269.5210253447294,Qwen/Qwen2.5-0.5B-Instruct,2,5,single_gpu_unwrapped,fp16,,True,False,False,False,False,,,,,,,,,,,,True,False,False,30,0.08653333333333334,0.26256666666666667,0.0789,10.251,11.111,1.0701,6.7588333333333335,98.2023
non-fsdp-unified-v1,R-CGG-r3,outputs/non-fsdp-unified-v1/R-CGG-r3,A phase / Ref GPU / Adam GPU,ok,0,1785986179.954578,1785986451.8159006,271.6964298374951,Qwen/Qwen2.5-0.5B-Instruct,3,5,single_gpu_unwrapped,fp16,,True,False,False,False,False,,,,,,,,,,,,True,False,False,30,0.08889999999999999,0.2668,0.0787,10.251,11.111,1.0842666666666667,6.823366666666667,97.08243333333334
non-fsdp-unified-v1,R-GCC-r1,outputs/non-fsdp-unified-v1/R-GCC-r1,A GPU / Ref phase / Adam swap,ok,0,1785984817.5505776,1785985091.6562185,274.041068226099,Qwen/Qwen2.5-0.5B-Instruct,1,5,single_gpu_unwrapped,fp16,,False,True,True,False,False,,,,,,,,,,,,True,False,False,30,0.0935,0.25730000000000003,0.12753333333333333,8.408,9.264,0.9878666666666667,6.865866666666666,96.71283333333334
non-fsdp-unified-v1,R-GCC-r2,outputs/non-fsdp-unified-v1/R-GCC-r2,A GPU / Ref phase / Adam swap,ok,0,1785985091.6568706,1785985367.5964606,275.72518438473344,Qwen/Qwen2.5-0.5B-Instruct,2,5,single_gpu_unwrapped,fp16,,False,True,True,False,False,,,,,,,,,,,,True,False,False,30,0.09386666666666667,0.25743333333333335,0.1281,8.408,9.264,0.9879,6.913033333333333,96.05573333333334
non-fsdp-unified-v1,R-GCC-r3,outputs/non-fsdp-unified-v1/R-GCC-r3,A GPU / Ref phase / Adam swap,ok,0,1785985367.5979965,1785985642.061316,274.2985180877149,Qwen/Qwen2.5-0.5B-Instruct,3,5,single_gpu_unwrapped,fp16,,False,True,True,False,False,,,,,,,,,,,,True,False,False,30,0.1009,0.2624,0.12816666666666668,8.408,9.264,1.0073,6.8783666666666665,96.48416666666667
non-fsdp-unified-v1,R-GCG-r1,outputs/non-fsdp-unified-v1/R-GCG-r1,A GPU / Ref phase / Adam GPU,ok,0,1785984092.8431952,1785984336.432835,243.42483926564455,Qwen/Qwen2.5-0.5B-Instruct,1,5,single_gpu_unwrapped,fp16,,False,True,False,False,False,,,,,,,,,,,,True,False,False,30,0.0807,0.26056666666666667,0.07896666666666667,8.409,9.256,0.6169666666666667,6.026233333333334,110.17843333333333
non-fsdp-unified-v1,R-GCG-r2,outputs/non-fsdp-unified-v1/R-GCG-r2,A GPU / Ref phase / Adam GPU,ok,0,1785984336.434304,1785984575.8236573,239.3568830639124,Qwen/Qwen2.5-0.5B-Instruct,2,5,single_gpu_unwrapped,fp16,,False,True,False,False,False,,,,,,,,,,,,True,False,False,30,0.07483333333333334,0.2649666666666667,0.07896666666666667,8.409,9.256,0.6204,5.9063,112.70073333333333
non-fsdp-unified-v1,R-GCG-r3,outputs/non-fsdp-unified-v1/R-GCG-r3,A GPU / Ref phase / Adam GPU,ok,0,1785984575.8242571,1785984817.5490606,241.56045453995466,Qwen/Qwen2.5-0.5B-Instruct,3,5,single_gpu_unwrapped,fp16,,False,True,False,False,False,,,,,,,,,,,,True,False,False,30,0.07573333333333333,0.26056666666666667,0.07886666666666667,8.409,9.256,0.6169333333333333,5.9577,111.72333333333333
non-fsdp-unified-v1,R-GGC-r1,outputs/non-fsdp-unified-v1/R-GGC-r1,A GPU / Ref GPU / Adam swap,ok,0,1785983326.1333885,1785983580.9117377,254.71363595873117,Qwen/Qwen2.5-0.5B-Instruct,1,5,single_gpu_unwrapped,fp16,,False,False,True,False,False,,,,,,,,,,,,True,False,False,30,0.09743333333333333,0.2602,0.1282,10.26,11.148,0.9813,6.3437,104.87253333333334
non-fsdp-unified-v1,R-GGC-r2,outputs/non-fsdp-unified-v1/R-GGC-r2,A GPU / Ref GPU / Adam swap,ok,0,1785983580.9123225,1785983832.3619504,251.33560206368566,Qwen/Qwen2.5-0.5B-Instruct,2,5,single_gpu_unwrapped,fp16,,False,False,True,False,False,,,,,,,,,,,,True,False,False,30,0.10246666666666666,0.26886666666666664,0.12666666666666668,10.26,11.148,0.9943,6.249733333333333,106.40153333333333
non-fsdp-unified-v1,R-GGC-r3,outputs/non-fsdp-unified-v1/R-GGC-r3,A GPU / Ref GPU / Adam swap,ok,0,1785983832.3635228,1785984092.8417633,260.4136142581701,Qwen/Qwen2.5-0.5B-Instruct,3,5,single_gpu_unwrapped,fp16,,False,False,True,False,False,,,,,,,,,,,,True,False,False,30,0.10263333333333333,0.2684666666666667,0.12876666666666667,10.26,11.148,0.9943333333333333,6.5076,102.27459999999999
non-fsdp-unified-v1,R-GGG-r1,outputs/non-fsdp-unified-v1/R-GGG-r1,A GPU / Ref GPU / Adam GPU,ok,0,1785982651.2366664,1785982875.3405054,223.98942216858268,Qwen/Qwen2.5-0.5B-Instruct,1,5,single_gpu_unwrapped,fp16,,False,False,False,False,False,,,,,,,,,,,,True,False,False,30,0.0631,0.24213333333333334,0.079,10.246,11.164,0.5919666666666666,5.4936,120.64943333333333
non-fsdp-unified-v1,R-GGG-r2,outputs/non-fsdp-unified-v1/R-GGG-r2,A GPU / Ref GPU / Adam GPU,ok,0,1785982875.341958,1785983100.6818485,225.17507464066148,Qwen/Qwen2.5-0.5B-Instruct,2,5,single_gpu_unwrapped,fp16,,False,False,False,False,False,,,,,,,,,,,,True,False,False,30,0.0664,0.25583333333333336,0.079,10.246,11.164,0.6100666666666666,5.543866666666666,119.69426666666666
non-fsdp-unified-v1,R-GGG-r3,outputs/non-fsdp-unified-v1/R-GGG-r3,A GPU / Ref GPU / Adam GPU,ok,0,1785983100.6851168,1785983326.1319451,225.23183635249734,Qwen/Qwen2.5-0.5B-Instruct,3,5,single_gpu_unwrapped,fp16,,False,False,False,False,False,,,,,,,,,,,,True,False,False,30,0.0662,0.2518666666666667,0.07903333333333333,10.246,11.164,0.6104999999999999,5.5437,119.94716666666666
nostream-vs-16mib-direct-remeasure-v1,NOSTREAM-DIRECT-REMEASURE-r1,outputs/nostream-vs-16mib-direct-remeasure-v1/NOSTREAM-DIRECT-REMEASURE-r1,No-stream / direct AdamW timing remeasure,ok,0,1786598571.67368,1786598903.0315554,331.2934811525047,Qwen/Qwen2.5-0.5B-Instruct,1,2,single_gpu_unwrapped,fp32,float32,True,True,False,False,False,True,False,,,False,False,,,False,False,False,False,False,False,28,0.061785714285714284,0.21175,3.5251785714285715,4.721,5.039,5.052071428571429,9.71342857142857,69.04825
nostream-vs-16mib-direct-remeasure-v1,NOSTREAM-DIRECT-REMEASURE-r2,outputs/nostream-vs-16mib-direct-remeasure-v1/NOSTREAM-DIRECT-REMEASURE-r2,No-stream / direct AdamW timing remeasure,ok,0,1786598903.0330906,1786599239.9878697,336.84015186131,Qwen/Qwen2.5-0.5B-Instruct,2,2,single_gpu_unwrapped,fp32,float32,True,True,False,False,False,True,False,,,False,False,,,False,False,False,False,False,False,28,0.06789285714285714,0.21235714285714286,3.5566071428571426,4.721,5.039,5.306464285714286,9.946392857142857,67.21671428571429
nostream-vs-16mib-direct-remeasure-v1,NOSTREAM-DIRECT-REMEASURE-r3,outputs/nostream-vs-16mib-direct-remeasure-v1/NOSTREAM-DIRECT-REMEASURE-r3,No-stream / direct AdamW timing remeasure,ok,0,1786599239.9893951,1786599573.0245454,332.8703152053058,Qwen/Qwen2.5-0.5B-Instruct,3,2,single_gpu_unwrapped,fp32,float32,True,True,False,False,False,True,False,,,False,False,,,False,False,False,False,False,False,28,0.06910714285714285,0.21253571428571427,3.57125,4.721,5.039,5.0967142857142855,9.783285714285714,68.15857142857143
nostream-vs-16mib-direct-remeasure-v1,STREAM16-S3-DIRECT-REMEASURE-r1,outputs/nostream-vs-16mib-direct-remeasure-v1/STREAM16-S3-DIRECT-REMEASURE-r1,16 MiB / 3 slots / direct CPU gradients / lazy buffers,ok,0,1786599573.0261066,1786599898.3387423,325.0976125895977,Qwen/Qwen2.5-0.5B-Instruct,1,2,single_gpu_unwrapped,fp32,float32,True,True,False,False,False,True,True,16,3,True,True,True,True,False,False,False,False,False,False,28,0.06732142857142857,0.2891785714285714,3.6776785714285714,3.401607142857143,5.02,4.620035714285715,9.429428571428572,70.57939285714286
nostream-vs-16mib-direct-remeasure-v1,STREAM16-S3-DIRECT-REMEASURE-r2,outputs/nostream-vs-16mib-direct-remeasure-v1/STREAM16-S3-DIRECT-REMEASURE-r2,16 MiB / 3 slots / direct CPU gradients / lazy buffers,ok,0,1786599898.3402786,1786600215.7931426,317.3380395323038,Qwen/Qwen2.5-0.5B-Instruct,2,2,single_gpu_unwrapped,fp32,float32,True,True,False,False,False,True,True,16,3,True,True,True,True,False,False,False,False,False,False,28,0.06542857142857143,0.2909285714285714,3.6680714285714284,3.401,5.02,4.617642857142857,9.259142857142857,72.42467857142857
nostream-vs-16mib-direct-remeasure-v1,STREAM16-S3-DIRECT-REMEASURE-r3,outputs/nostream-vs-16mib-direct-remeasure-v1/STREAM16-S3-DIRECT-REMEASURE-r3,16 MiB / 3 slots / direct CPU gradients / lazy buffers,ok,0,1786600215.7960603,1786600535.4415076,319.4806706421077,Qwen/Qwen2.5-0.5B-Instruct,3,2,single_gpu_unwrapped,fp32,float32,True,True,False,False,False,True,True,16,3,True,True,True,True,False,False,False,False,False,False,28,0.06307142857142857,0.29474999999999996,3.6936428571428572,3.401,5.02,4.633535714285714,9.267678571428572,72.26607142857142
nostream-vs-16mib-telemetry-once-gpu1-v1,NOSTREAM-TELEMETRY-ONCE-r1,outputs/nostream-vs-16mib-telemetry-once-gpu1-v1/NOSTREAM-TELEMETRY-ONCE-r1,No-stream / telemetry isolation,ok,0,1786614242.967159,1786614572.0688775,329.03749188408256,Qwen/Qwen2.5-0.5B-Instruct,1,2,single_gpu_unwrapped,fp32,float32,True,True,False,False,False,True,False,,,False,False,,,False,False,True,False,False,False,28,0.06557142857142857,0.22160714285714286,3.5607142857142855,4.721,5.039,5.025607142857143,9.657321428571429,69.43821428571428
nostream-vs-16mib-telemetry-once-gpu1-v1,STREAM16-S3-DIRECT-TELEMETRY-ONCE-r1,outputs/nostream-vs-16mib-telemetry-once-gpu1-v1/STREAM16-S3-DIRECT-TELEMETRY-ONCE-r1,16 MiB / 3 slots / direct CPU gradients / telemetry isolation,ok,0,1786614572.0707204,1786614900.784644,328.5489490814507,Qwen/Qwen2.5-0.5B-Instruct,1,2,single_gpu_unwrapped,fp32,float32,True,True,False,False,False,True,True,16,3,True,True,True,True,False,False,True,False,False,False,28,0.06982142857142858,0.5801071428571428,3.709357142857143,3.401,5.02,4.945892857142857,9.646928571428571,69.43310714285714
nostream-vs-16mib-telemetry-once-v1,NOSTREAM-TELEMETRY-ONCE-r1,outputs/nostream-vs-16mib-telemetry-once-v1/NOSTREAM-TELEMETRY-ONCE-r1,No-stream / telemetry isolation,ok,0,1786601060.332791,1786601389.430399,328.9832282885909,Qwen/Qwen2.5-0.5B-Instruct,1,2,single_gpu_unwrapped,fp32,float32,True,True,False,False,False,True,False,,,False,False,,,False,False,True,False,False,False,28,0.06296428571428571,0.21792857142857142,3.5307857142857144,4.721,5.039,4.920178571428571,9.683642857142857,69.25282142857142
nostream-vs-16mib-telemetry-once-v1,STREAM16-S3-DIRECT-TELEMETRY-ONCE-r1,outputs/nostream-vs-16mib-telemetry-once-v1/STREAM16-S3-DIRECT-TELEMETRY-ONCE-r1,16 MiB / 3 slots / direct CPU gradients / telemetry isolation,ok,0,1786601389.4319746,1786601712.8513777,323.3867732733488,Qwen/Qwen2.5-0.5B-Instruct,1,2,single_gpu_unwrapped,fp32,float32,True,True,False,False,False,True,True,16,3,True,True,True,True,False,False,True,False,False,False,28,0.06192857142857143,0.5591428571428572,3.6883214285714288,3.401,5.02,4.893178571428571,9.455357142857142,70.829
offload-c04-diagnostics-final,A00_c00_control-r1,outputs/offload-c04-diagnostics-final/A00_c00_control-r1,,ok,0,1785211327.798715,1785211372.078153,44.215404983609915,Qwen/Qwen2.5-0.5B-Instruct,1,0,,,,False,False,False,,False,,,,,,,,,,,,True,False,False,2,,,,10.6015,10.778500000000001,1.4505,6.726,91.791
offload-c04-diagnostics-final,A00_c00_control-r2,outputs/offload-c04-diagnostics-final/A00_c00_control-r2,,ok,0,1785211372.0787978,1785211416.7642698,44.57124623283744,Qwen/Qwen2.5-0.5B-Instruct,2,0,,,,False,False,False,,False,,,,,,,,,,,,True,False,False,2,,,,10.6015,10.788499999999999,1.4735,6.974,88.5325
offload-c04-diagnostics-final,A00_c00_control-r3,outputs/offload-c04-diagnostics-final/A00_c00_control-r3,,ok,0,1785211416.7656906,1785211460.833418,44.001676332205534,Qwen/Qwen2.5-0.5B-Instruct,3,0,,,,False,False,False,,False,,,,,,,,,,,,True,False,False,2,,,,10.6015,10.788499999999999,1.47,6.6655,88.6135
offload-c04-diagnostics-final,A01_c04_baseline-r1,outputs/offload-c04-diagnostics-final/A01_c04_baseline-r1,,failed,1,1785211460.8349733,1785211500.5911794,39.541242342442274,Qwen/Qwen2.5-0.5B-Instruct,1,0,,,,True,False,False,,False,,,,,,,,,,,,True,False,False,0,,,,,,,,
offload-c04-diagnostics-final,A01_c04_baseline-r2,outputs/offload-c04-diagnostics-final/A01_c04_baseline-r2,,failed,1,1785211500.5926216,1785211540.3431683,39.6358461342752,Qwen/Qwen2.5-0.5B-Instruct,2,0,,,,True,False,False,,False,,,,,,,,,,,,True,False,False,0,,,,,,,,
offload-c04-diagnostics-final,A01_c04_baseline-r3,outputs/offload-c04-diagnostics-final/A01_c04_baseline-r3,,failed,1,1785211540.344658,1785211580.4208972,39.86127034574747,Qwen/Qwen2.5-0.5B-Instruct,3,0,,,,True,False,False,,False,,,,,,,,,,,,True,False,False,0,,,,,,,,
offload-c04-diagnostics-final,A02_reference_headroom-r1,outputs/offload-c04-diagnostics-final/A02_reference_headroom-r1,,ok,0,1785211580.4225798,1785211628.6942155,48.20671460404992,Qwen/Qwen2.5-0.5B-Instruct,1,0,,,,True,True,False,,False,,,,,,,,,,,,True,False,False,2,,,,9.684000000000001,11.078,1.7174999999999998,8.192,73.6215
offload-c04-diagnostics-final,A02_reference_headroom-r2,outputs/offload-c04-diagnostics-final/A02_reference_headroom-r2,,ok,0,1785211628.6956468,1785211676.8821993,48.12189119681716,Qwen/Qwen2.5-0.5B-Instruct,2,0,,,,True,True,False,,False,,,,,,,,,,,,True,False,False,2,,,,9.684000000000001,11.078,1.706,8.125,76.262
offload-c04-diagnostics-final,A02_reference_headroom-r3,outputs/offload-c04-diagnostics-final/A02_reference_headroom-r3,,ok,0,1785211676.884396,1785211725.01341,48.09655845910311,Qwen/Qwen2.5-0.5B-Instruct,3,0,,,,True,True,False,,False,,,,,,,,,,,,True,False,False,2,,,,9.684000000000001,11.078,1.722,8.1085,75.1515
offload-c04-diagnostics-final,A03_actor_cache_retained-r1,outputs/offload-c04-diagnostics-final/A03_actor_cache_retained-r1,,ok,0,1785211725.0142415,1785211772.577276,47.39848529174924,Qwen/Qwen2.5-0.5B-Instruct,1,0,,,,True,False,False,,False,,,,,,,,,,,,True,False,False,2,,,,10.602,10.9865,1.6829999999999998,8.032,77.0395
offload-c04-diagnostics-final,A03_actor_cache_retained-r2,outputs/offload-c04-diagnostics-final/A03_actor_cache_retained-r2,,ok,0,1785211772.5788126,1785211819.8777575,47.083955366164446,Qwen/Qwen2.5-0.5B-Instruct,2,0,,,,True,False,False,,False,,,,,,,,,,,,True,False,False,2,,,,10.602,11.001000000000001,1.657,7.845,78.931
offload-c04-diagnostics-final,A03_actor_cache_retained-r3,outputs/offload-c04-diagnostics-final/A03_actor_cache_retained-r3,,ok,0,1785211819.8792996,1785211867.3476572,47.30347169935703,Qwen/Qwen2.5-0.5B-Instruct,3,0,,,,True,False,False,,False,,,,,,,,,,,,True,False,False,2,,,,10.602,11.001000000000001,1.643,7.8955,78.444
offload-c04-diagnostics-final,A04_rollout_cache_retained-r1,outputs/offload-c04-diagnostics-final/A04_rollout_cache_retained-r1,,failed,1,1785211867.3493,1785211907.0033813,39.48915844783187,Qwen/Qwen2.5-0.5B-Instruct,1,0,,,,True,False,False,,False,,,,,,,,,,,,True,False,False,0,,,,,,,,
offload-c04-diagnostics-final,A04_rollout_cache_retained-r2,outputs/offload-c04-diagnostics-final/A04_rollout_cache_retained-r2,,failed,1,1785211907.0042312,1785211946.4895742,39.27092342823744,Qwen/Qwen2.5-0.5B-Instruct,2,0,,,,True,False,False,,False,,,,,,,,,,,,True,False,False,0,,,,,,,,
offload-c04-diagnostics-final,A04_rollout_cache_retained-r3,outputs/offload-c04-diagnostics-final/A04_rollout_cache_retained-r3,,failed,1,1785211946.4910836,1785211986.3112707,39.6554875895381,Qwen/Qwen2.5-0.5B-Instruct,3,0,,,,True,False,False,,False,,,,,,,,,,,,True,False,False,0,,,,,,,,
offload-c04-diagnostics-final,A05_expandable_segments-r1,outputs/offload-c04-diagnostics-final/A05_expandable_segments-r1,,ok,0,1785211986.311895,1785212035.0705194,48.59425762295723,Qwen/Qwen2.5-0.5B-Instruct,1,0,,,,True,False,False,,False,,,,,,,,,,,,True,False,False,2,,,,10.597999999999999,10.8045,2.0285,8.457,73.2995
offload-c04-diagnostics-final,A05_expandable_segments-r2,outputs/offload-c04-diagnostics-final/A05_expandable_segments-r2,,ok,0,1785212035.0722067,1785212083.3865972,48.199492041021585,Qwen/Qwen2.5-0.5B-Instruct,2,0,,,,True,False,False,,False,,,,,,,,,,,,True,False,False,2,,,,10.597999999999999,10.8045,2.0275,8.334,74.3865
offload-c04-diagnostics-final,A05_expandable_segments-r3,outputs/offload-c04-diagnostics-final/A05_expandable_segments-r3,,ok,0,1785212083.3881588,1785212131.8121617,48.20936269685626,Qwen/Qwen2.5-0.5B-Instruct,3,0,,,,True,False,False,,False,,,,,,,,,,,,True,False,False,2,,,,10.597999999999999,10.8045,2.0215,8.378499999999999,73.99549999999999
offload-c04-diagnostics-final,A06_adamw_no_foreach-r1,outputs/offload-c04-diagnostics-final/A06_adamw_no_foreach-r1,,failed,1,1785212131.8128064,1785212171.69087,39.71381488069892,Qwen/Qwen2.5-0.5B-Instruct,1,0,,,,True,False,False,,False,,,,,,,,,,,,True,False,False,0,,,,,,,,
offload-c04-diagnostics-final,A06_adamw_no_foreach-r2,outputs/offload-c04-diagnostics-final/A06_adamw_no_foreach-r2,,failed,1,1785212171.6920416,1785212211.4714642,39.61454561725259,Qwen/Qwen2.5-0.5B-Instruct,2,0,,,,True,False,False,,False,,,,,,,,,,,,True,False,False,0,,,,,,,,
offload-c04-diagnostics-final,A06_adamw_no_foreach-r3,outputs/offload-c04-diagnostics-final/A06_adamw_no_foreach-r3,,failed,1,1785212211.473171,1785212255.6900036,44.051886297762394,Qwen/Qwen2.5-0.5B-Instruct,3,0,,,,True,False,False,,False,,,,,,,,,,,,True,False,False,0,,,,,,,,
offload-c04-diagnostics-final,A08_all_cache_retained-r1,outputs/offload-c04-diagnostics-final/A08_all_cache_retained-r1,,ok,0,1785212255.691686,1785212303.1409667,47.28460540995002,Qwen/Qwen2.5-0.5B-Instruct,1,0,,,,True,False,False,,False,,,,,,,,,,,,True,False,False,2,,,,10.602,10.9865,1.6545,7.9935,77.398
offload-c04-diagnostics-final,A08_all_cache_retained-r2,outputs/offload-c04-diagnostics-final/A08_all_cache_retained-r2,,ok,0,1785212303.1425824,1785212350.8023717,47.4949666634202,Qwen/Qwen2.5-0.5B-Instruct,2,0,,,,True,False,False,,False,,,,,,,,,,,,True,False,False,2,,,,10.602,11.0155,1.6495000000000002,7.914,78.247
offload-c04-diagnostics-final,A08_all_cache_retained-r3,outputs/offload-c04-diagnostics-final/A08_all_cache_retained-r3,,ok,0,1785212350.8038552,1785212397.713088,46.794518016278744,Qwen/Qwen2.5-0.5B-Instruct,3,0,,,,True,False,False,,False,,,,,,,,,,,,True,False,False,2,,,,10.602,11.001000000000001,1.645,7.852499999999999,78.85900000000001
offload-c04-diagnostics-final,A09_cache_retained_expandable-r1,outputs/offload-c04-diagnostics-final/A09_cache_retained_expandable-r1,,ok,0,1785212397.7148187,1785212445.0277238,47.28048550710082,Qwen/Qwen2.5-0.5B-Instruct,1,0,,,,True,False,False,,False,,,,,,,,,,,,True,False,False,2,,,,10.597999999999999,10.992,1.6705,7.9510000000000005,77.899
offload-c04-diagnostics-final,A09_cache_retained_expandable-r2,outputs/offload-c04-diagnostics-final/A09_cache_retained_expandable-r2,,ok,0,1785212445.028324,1785212491.989841,46.79723856598139,Qwen/Qwen2.5-0.5B-Instruct,2,0,,,,True,False,False,,False,,,,,,,,,,,,True,False,False,2,,,,10.597999999999999,11.0215,1.6735000000000002,7.9775,77.63749999999999
offload-c04-diagnostics-final,A09_cache_retained_expandable-r3,outputs/offload-c04-diagnostics-final/A09_cache_retained_expandable-r3,,ok,0,1785212491.9912946,1785212539.397633,47.29163261130452,Qwen/Qwen2.5-0.5B-Instruct,3,0,,,,True,False,False,,False,,,,,,,,,,,,True,False,False,2,,,,10.597999999999999,10.953,1.6685,7.963,77.715
offload-c04-diagnostics-v1,A00_c00_control-r1,outputs/offload-c04-diagnostics-v1/A00_c00_control-r1,,ok,0,1785207964.8414247,1785208009.5401037,44.53410702198744,Qwen/Qwen2.5-0.5B-Instruct,1,0,,,,False,False,False,,False,,,,,,,,,,,,True,False,False,2,,,,10.6015,10.788499999999999,1.4575,6.7795000000000005,91.089
offload-c04-diagnostics-v1,A01_c04_baseline-r1,outputs/offload-c04-diagnostics-v1/A01_c04_baseline-r1,,failed,1,1785208009.5417242,1785208050.2519944,40.59538122266531,Qwen/Qwen2.5-0.5B-Instruct,1,0,,,,True,False,False,,False,,,,,,,,,,,,True,False,False,0,,,,,,,,
offload-c04-diagnostics-v1,A02_reference_headroom-r1,outputs/offload-c04-diagnostics-v1/A02_reference_headroom-r1,,ok,0,1785208050.2535977,1785208099.0744956,48.60598676651716,Qwen/Qwen2.5-0.5B-Instruct,1,0,,,,True,True,False,,False,,,,,,,,,,,,True,False,False,2,,,,9.684000000000001,11.078,1.7035,8.193,75.6445
offload-c04-diagnostics-v1,A03_actor_cache_retained-r1,outputs/offload-c04-diagnostics-v1/A03_actor_cache_retained-r1,,ok,0,1785208099.0762084,1785208146.1351113,46.99424969404936,Qwen/Qwen2.5-0.5B-Instruct,1,0,,,,True,False,False,,False,,,,,,,,,,,,True,False,False,2,,,,10.602,11.001000000000001,1.6404999999999998,7.849,75.6225
offload-c04-diagnostics-v1,A04_rollout_cache_retained-r1,outputs/offload-c04-diagnostics-v1/A04_rollout_cache_retained-r1,,failed,1,1785208146.136563,1785208186.0559494,39.70433068275452,Qwen/Qwen2.5-0.5B-Instruct,1,0,,,,True,False,False,,False,,,,,,,,,,,,True,False,False,0,,,,,,,,
offload-c04-diagnostics-v1,A05_expandable_segments-r1,outputs/offload-c04-diagnostics-v1/A05_expandable_segments-r1,,ok,0,1785208186.0574687,1785208235.7844248,49.612157974392176,Qwen/Qwen2.5-0.5B-Instruct,1,0,,,,True,False,False,,False,,,,,,,,,,,,True,False,False,2,,,,10.597999999999999,10.8045,2.0084999999999997,8.34,71.8655
offload-c04-diagnostics-v1,A06_adamw_no_foreach-r1,outputs/offload-c04-diagnostics-v1/A06_adamw_no_foreach-r1,,failed,1,1785208235.7858841,1785208275.548251,39.597529981285334,Qwen/Qwen2.5-0.5B-Instruct,1,0,,,,True,False,False,,False,,,,,,,,,,,,True,False,False,0,,,,,,,,
offload-c04-diagnostics-v1,A07_oom_snapshot-r1,outputs/offload-c04-diagnostics-v1/A07_oom_snapshot-r1,,failed,1,1785208275.5497396,1785208316.2329085,40.46826055645943,Qwen/Qwen2.5-0.5B-Instruct,1,0,,,,True,False,False,,False,,,,,,,,,,,,True,False,False,0,,,,,,,,
offload-c04-diagnostics-v1,A08_all_cache_retained-r1,outputs/offload-c04-diagnostics-v1/A08_all_cache_retained-r1,,ok,0,1785208316.234352,1785208363.3379986,46.988792825490236,Qwen/Qwen2.5-0.5B-Instruct,1,0,,,,True,False,False,,False,,,,,,,,,,,,True,False,False,2,,,,10.602,11.001000000000001,1.6355,7.885,78.5305
offload-c04-diagnostics-v1,A09_cache_retained_expandable-r1,outputs/offload-c04-diagnostics-v1/A09_cache_retained_expandable-r1,,ok,0,1785208363.339492,1785208412.1651878,48.66080105677247,Qwen/Qwen2.5-0.5B-Instruct,1,0,,,,True,False,False,,False,,,,,,,,,,,,True,False,False,2,,,,10.597999999999999,10.9335,1.6680000000000001,8.069,73.37
offload-fullft-v3,C00_none-r1,outputs/offload-fullft-v3/C00_none-r1,,ok,0,1785125593.0629299,1785125821.721084,228.64225625619292,Qwen/Qwen2.5-0.5B-Instruct,1,5,,,,False,False,False,,False,,,,,,,,,,,,False,False,False,25,,,,11.064,11.391,1.404,6.58648,100.96824
offload-fullft-v3,C00_none-r2,outputs/offload-fullft-v3/C00_none-r2,,ok,0,1785125821.7215059,1785126054.1624622,232.32662504911423,Qwen/Qwen2.5-0.5B-Instruct,2,5,,,,False,False,False,,False,,,,,,,,,,,,False,False,False,25,,,,11.06424,11.42512,1.48164,6.74452,99.76648
offload-fullft-v3,C00_none-r3,outputs/offload-fullft-v3/C00_none-r3,,ok,0,1785126054.1633782,1785126285.7583919,231.5624642111361,Qwen/Qwen2.5-0.5B-Instruct,3,5,,,,False,False,False,,False,,,,,,,,,,,,False,False,False,25,,,,11.06424,11.42716,1.4924,6.70748,100.19052
offload-fullft-v3,C01_ref-r1,outputs/offload-fullft-v3/C01_ref-r1,,ok,0,1785126285.7593148,1785126531.308118,245.3339242450893,Qwen/Qwen2.5-0.5B-Instruct,1,5,,,,False,True,False,,False,,,,,,,,,,,,False,False,False,25,,,,10.15,10.99336,1.6,7.118,94.12312
offload-fullft-v3,C01_ref-r2,outputs/offload-fullft-v3/C01_ref-r2,,ok,0,1785126531.3087778,1785126773.189085,241.87192802876234,Qwen/Qwen2.5-0.5B-Instruct,2,5,,,,False,True,False,,False,,,,,,,,,,,,False,False,False,25,,,,10.15,11.00728,1.57436,6.99416,96.0384
offload-fullft-v3,C01_ref-r3,outputs/offload-fullft-v3/C01_ref-r3,,ok,0,1785126773.1896036,1785127020.2477953,246.9429163262248,Qwen/Qwen2.5-0.5B-Instruct,3,5,,,,False,True,False,,False,,,,,,,,,,,,False,False,False,25,,,,10.15,10.99216,1.61464,7.17704,93.51044
offload-fullft-v3,C02_optimizer-r1,outputs/offload-fullft-v3/C02_optimizer-r1,,ok,0,1785127020.2487004,1785127273.860476,253.49753576889634,Qwen/Qwen2.5-0.5B-Instruct,1,5,,,,False,False,True,,False,,,,,,,,,,,,False,False,False,25,,,,11.06416,11.41604,1.85392,7.4427200000000004,90.37692
offload-fullft-v3,C02_optimizer-r2,outputs/offload-fullft-v3/C02_optimizer-r2,,ok,0,1785127273.8613858,1785127531.726532,257.848683077842,Qwen/Qwen2.5-0.5B-Instruct,2,5,,,,False,False,True,,False,,,,,,,,,,,,False,False,False,25,,,,11.06412,11.40948,1.8818000000000001,7.58068,88.33184
offload-fullft-v3,C02_optimizer-r3,outputs/offload-fullft-v3/C02_optimizer-r3,,ok,0,1785127531.7274194,1785127788.915877,256.97354051843286,Qwen/Qwen2.5-0.5B-Instruct,3,5,,,,False,False,True,,False,,,,,,,,,,,,False,False,False,25,,,,11.06424,11.42796,1.88424,7.55176,88.73368
offload-fullft-v3,C03_activation-r1,outputs/offload-fullft-v3/C03_activation-r1,,ok,0,1785127788.9169183,1785128022.4831038,233.50143356993794,Qwen/Qwen2.5-0.5B-Instruct,1,5,,,,False,False,False,,True,,,,,,,,,,,,False,False,False,25,,,,11.06428,11.43128,1.53532,6.77848,98.80136
offload-fullft-v3,C03_activation-r2,outputs/offload-fullft-v3/C03_activation-r2,,ok,0,1785128022.48405,1785128256.535902,233.8370709270239,Qwen/Qwen2.5-0.5B-Instruct,2,5,,,,False,False,False,,True,,,,,,,,,,,,False,False,False,25,,,,11.06432,11.43304,1.52068,6.79756,98.94712
offload-fullft-v3,C03_activation-r3,outputs/offload-fullft-v3/C03_activation-r3,,ok,0,1785128256.5368364,1785128490.7335224,234.1320506259799,Qwen/Qwen2.5-0.5B-Instruct,3,5,,,,False,False,False,,True,,,,,,,,,,,,False,False,False,25,,,,11.06428,11.43092,1.5372000000000001,6.81416,98.75752
offload-fullft-v3,C04_actor_param-r1,outputs/offload-fullft-v3/C04_actor_param-r1,,failed,1,1785128490.7340615,1785128530.6592245,39.71073829010129,Qwen/Qwen2.5-0.5B-Instruct,1,5,,,,True,False,False,,False,,,,,,,,,,,,False,False,False,0,,,,,,,,
offload-fullft-v3,C04_actor_param-r2,outputs/offload-fullft-v3/C04_actor_param-r2,,failed,1,1785128530.660184,1785128570.13841,39.41353638097644,Qwen/Qwen2.5-0.5B-Instruct,2,5,,,,True,False,False,,False,,,,,,,,,,,,False,False,False,0,,,,,,,,
offload-fullft-v3,C04_actor_param-r3,outputs/offload-fullft-v3/C04_actor_param-r3,,failed,1,1785128570.1393423,1785128610.6905298,40.38638726994395,Qwen/Qwen2.5-0.5B-Instruct,3,5,,,,True,False,False,,False,,,,,,,,,,,,False,False,False,0,,,,,,,,
offload-fullft-v3,C05_ref_optimizer-r1,outputs/offload-fullft-v3/C05_ref_optimizer-r1,,ok,0,1785128610.691505,1785128873.67314,262.81695261597633,Qwen/Qwen2.5-0.5B-Instruct,1,5,,,,False,True,True,,False,,,,,,,,,,,,False,False,False,25,,,,10.15,11.00268,1.90412,7.64084,88.03996
offload-fullft-v3,C05_ref_optimizer-r2,outputs/offload-fullft-v3/C05_ref_optimizer-r2,,ok,0,1785128873.674433,1785129133.2075315,259.41827181354165,Qwen/Qwen2.5-0.5B-Instruct,2,5,,,,False,True,True,,False,,,,,,,,,,,,False,False,False,25,,,,10.15,11.001399999999999,1.9004,7.56932,88.46048
offload-fullft-v3,C05_ref_optimizer-r3,outputs/offload-fullft-v3/C05_ref_optimizer-r3,,ok,0,1785129133.2091694,1785129396.9927182,263.76717833429575,Qwen/Qwen2.5-0.5B-Instruct,3,5,,,,False,True,True,,False,,,,,,,,,,,,False,False,False,25,,,,10.15,11.0026,1.92136,7.71244,87.20924
offload-fullft-v3,C11_ref_optimizer_activation-r1,outputs/offload-fullft-v3/C11_ref_optimizer_activation-r1,,ok,0,1785129396.9936404,1785129660.544776,263.4866810776293,Qwen/Qwen2.5-0.5B-Instruct,1,5,,,,False,True,True,,True,,,,,,,,,,,,False,False,False,25,,,,10.15,11.001439999999999,1.91376,7.70428,86.7976
offload-fullft-v3,C11_ref_optimizer_activation-r2,outputs/offload-fullft-v3/C11_ref_optimizer_activation-r2,,ok,0,1785129660.5457275,1785129925.4121184,264.751718621701,Qwen/Qwen2.5-0.5B-Instruct,2,5,,,,False,True,True,,True,,,,,,,,,,,,False,False,False,25,,,,10.15,10.993319999999999,1.93604,7.75492,86.52332
offload-fullft-v3,C11_ref_optimizer_activation-r3,outputs/offload-fullft-v3/C11_ref_optimizer_activation-r3,,ok,0,1785129925.4130538,1785130186.4754782,261.02989971265197,Qwen/Qwen2.5-0.5B-Instruct,3,5,,,,False,True,True,,True,,,,,,,,,,,,False,False,False,25,,,,10.15,10.99912,1.96732,7.59724,88.5234
offload-fullft-v3,C15_all-r1,outputs/offload-fullft-v3/C15_all-r1,,ok,0,1785130186.4760377,1785130475.647404,289.05698116496205,Qwen/Qwen2.5-0.5B-Instruct,1,5,,,,True,True,True,,True,,,,,,,,,,,,False,False,False,25,,,,10.15,11.107,2.13132,8.4512,79.3026
offload-fullft-v3,C15_all-r2,outputs/offload-fullft-v3/C15_all-r2,,ok,0,1785130475.6483886,1785130765.6102638,289.74710239097476,Qwen/Qwen2.5-0.5B-Instruct,2,5,,,,True,True,True,,True,,,,,,,,,,,,False,False,False,25,,,,10.15,11.107,2.16932,8.4828,78.80468
offload-fullft-v3,C15_all-r3,outputs/offload-fullft-v3/C15_all-r3,,ok,0,1785130765.611237,1785131078.3684824,312.74084122106433,Qwen/Qwen2.5-0.5B-Instruct,3,5,,,,True,True,True,,True,,,,,,,,,,,,False,False,False,25,,,,10.15,11.104,2.5718,9.262599999999999,72.58296
offload-fullft-v4,C00_none-r1,outputs/offload-fullft-v4/C00_none-r1,,ok,0,1785125593.0629299,1785125821.721084,228.64225625619292,Qwen/Qwen2.5-0.5B-Instruct,1,5,,,,False,False,False,,False,,,,,,,,,,,,False,False,False,25,,,,11.064,11.391,1.404,6.58648,100.96824
offload-fullft-v4,C00_none-r2,outputs/offload-fullft-v4/C00_none-r2,,ok,0,1785125821.7215059,1785126054.1624622,232.32662504911423,Qwen/Qwen2.5-0.5B-Instruct,2,5,,,,False,False,False,,False,,,,,,,,,,,,False,False,False,25,,,,11.06424,11.42512,1.48164,6.74452,99.76648
offload-fullft-v4,C00_none-r3,outputs/offload-fullft-v4/C00_none-r3,,ok,0,1785126054.1633782,1785126285.7583919,231.5624642111361,Qwen/Qwen2.5-0.5B-Instruct,3,5,,,,False,False,False,,False,,,,,,,,,,,,False,False,False,25,,,,11.06424,11.42716,1.4924,6.70748,100.19052
offload-fullft-v4,C01_ref-r1,outputs/offload-fullft-v4/C01_ref-r1,,ok,0,1785126285.7593148,1785126531.308118,245.3339242450893,Qwen/Qwen2.5-0.5B-Instruct,1,5,,,,False,True,False,,False,,,,,,,,,,,,False,False,False,25,,,,10.15,10.99336,1.6,7.118,94.12312
offload-fullft-v4,C01_ref-r2,outputs/offload-fullft-v4/C01_ref-r2,,ok,0,1785126531.3087778,1785126773.189085,241.87192802876234,Qwen/Qwen2.5-0.5B-Instruct,2,5,,,,False,True,False,,False,,,,,,,,,,,,False,False,False,25,,,,10.15,11.00728,1.57436,6.99416,96.0384
offload-fullft-v4,C01_ref-r3,outputs/offload-fullft-v4/C01_ref-r3,,ok,0,1785126773.1896036,1785127020.2477953,246.9429163262248,Qwen/Qwen2.5-0.5B-Instruct,3,5,,,,False,True,False,,False,,,,,,,,,,,,False,False,False,25,,,,10.15,10.99216,1.61464,7.17704,93.51044
offload-fullft-v4,C02_optimizer-r1,outputs/offload-fullft-v4/C02_optimizer-r1,,ok,0,1785127020.2487004,1785127273.860476,253.49753576889634,Qwen/Qwen2.5-0.5B-Instruct,1,5,,,,False,False,True,,False,,,,,,,,,,,,False,False,False,25,,,,11.06416,11.41604,1.85392,7.4427200000000004,90.37692
offload-fullft-v4,C02_optimizer-r2,outputs/offload-fullft-v4/C02_optimizer-r2,,ok,0,1785127273.8613858,1785127531.726532,257.848683077842,Qwen/Qwen2.5-0.5B-Instruct,2,5,,,,False,False,True,,False,,,,,,,,,,,,False,False,False,25,,,,11.06412,11.40948,1.8818000000000001,7.58068,88.33184
offload-fullft-v4,C02_optimizer-r3,outputs/offload-fullft-v4/C02_optimizer-r3,,ok,0,1785127531.7274194,1785127788.915877,256.97354051843286,Qwen/Qwen2.5-0.5B-Instruct,3,5,,,,False,False,True,,False,,,,,,,,,,,,False,False,False,25,,,,11.06424,11.42796,1.88424,7.55176,88.73368
offload-fullft-v4,C04_actor_param-r1,outputs/offload-fullft-v4/C04_actor_param-r1,,failed,1,1785128490.7340615,1785128530.6592245,39.71073829010129,Qwen/Qwen2.5-0.5B-Instruct,1,5,,,,True,False,False,,False,,,,,,,,,,,,False,False,False,0,,,,,,,,
offload-fullft-v4,C04_actor_param-r2,outputs/offload-fullft-v4/C04_actor_param-r2,,failed,1,1785128530.660184,1785128570.13841,39.41353638097644,Qwen/Qwen2.5-0.5B-Instruct,2,5,,,,True,False,False,,False,,,,,,,,,,,,False,False,False,0,,,,,,,,
offload-fullft-v4,C04_actor_param-r3,outputs/offload-fullft-v4/C04_actor_param-r3,,failed,1,1785128570.1393423,1785128610.6905298,40.38638726994395,Qwen/Qwen2.5-0.5B-Instruct,3,5,,,,True,False,False,,False,,,,,,,,,,,,False,False,False,0,,,,,,,,
offload-fullft-v4,C05_ref_optimizer-r1,outputs/offload-fullft-v4/C05_ref_optimizer-r1,,ok,0,1785128610.691505,1785128873.67314,262.81695261597633,Qwen/Qwen2.5-0.5B-Instruct,1,5,,,,False,True,True,,False,,,,,,,,,,,,False,False,False,25,,,,10.15,11.00268,1.90412,7.64084,88.03996
offload-fullft-v4,C05_ref_optimizer-r2,outputs/offload-fullft-v4/C05_ref_optimizer-r2,,ok,0,1785128873.674433,1785129133.2075315,259.41827181354165,Qwen/Qwen2.5-0.5B-Instruct,2,5,,,,False,True,True,,False,,,,,,,,,,,,False,False,False,25,,,,10.15,11.001399999999999,1.9004,7.56932,88.46048
offload-fullft-v4,C05_ref_optimizer-r3,outputs/offload-fullft-v4/C05_ref_optimizer-r3,,ok,0,1785129133.2091694,1785129396.9927182,263.76717833429575,Qwen/Qwen2.5-0.5B-Instruct,3,5,,,,False,True,True,,False,,,,,,,,,,,,False,False,False,25,,,,10.15,11.0026,1.92136,7.71244,87.20924
offload-fullft-v5-detail,C00_none-r1,outputs/offload-fullft-v5-detail/C00_none-r1,,ok,0,1785136534.0462477,1785136631.428371,97.34993500635028,Qwen/Qwen2.5-0.5B-Instruct,1,2,,,,False,False,False,,False,,,,,,,,,,,,True,False,False,8,,,,11.064,11.3835,1.3948749999999999,6.484375,103.115875
offload-fullft-v5-detail,C01_ref-r1,outputs/offload-fullft-v5-detail/C01_ref-r1,,ok,0,1785136631.4296975,1785136732.006183,100.4119054377079,Qwen/Qwen2.5-0.5B-Instruct,1,2,,,,False,True,False,,False,,,,,,,,,,,,True,False,False,8,,,,10.149,10.473,1.3451250000000001,6.79125,97.79237499999999
offload-fullft-v5-detail,C02_optimizer-r1,outputs/offload-fullft-v5-detail/C02_optimizer-r1,,ok,0,1785136732.007534,1785136835.09581,102.97350330278277,Qwen/Qwen2.5-0.5B-Instruct,1,2,,,,False,False,True,,False,,,,,,,,,,,,True,False,False,8,,,,11.064,11.391,1.72825,7.1065000000000005,94.10425
offload-fullft-v5-detail,C03_activation-r1,outputs/offload-fullft-v5-detail/C03_activation-r1,,ok,0,1785136835.0972385,1785136938.656163,103.34400701522827,Qwen/Qwen2.5-0.5B-Instruct,1,2,,,,False,False,False,,True,,,,,,,,,,,,True,False,False,8,,,,11.066,11.375,1.866125,7.20625,92.627625
offload-fullft-v5-detail,C04_actor_param-r1,outputs/offload-fullft-v5-detail/C04_actor_param-r1,,failed,1,1785136938.6570268,1785136978.1739705,39.45277002826333,Qwen/Qwen2.5-0.5B-Instruct,1,2,,,,True,False,False,,False,,,,,,,,,,,,True,False,False,0,,,,,,,,
offload-fullft-v5-detail,C05_ref_optimizer-r1,outputs/offload-fullft-v5-detail/C05_ref_optimizer-r1,,ok,0,1785136978.176364,1785137090.5400016,112.19941020011902,Qwen/Qwen2.5-0.5B-Instruct,1,2,,,,False,True,True,,False,,,,,,,,,,,,True,False,False,8,,,,10.149,10.473,1.698,7.5435,88.63575
offload-fullft-v5-detail,C11_ref_optimizer_activation-r1,outputs/offload-fullft-v5-detail/C11_ref_optimizer_activation-r1,,ok,0,1785137090.5408704,1785137203.561957,112.98875284194946,Qwen/Qwen2.5-0.5B-Instruct,1,2,,,,False,True,True,,True,,,,,,,,,,,,True,False,False,8,,,,10.149,10.461,2.1535,8.131625,82.248125
offload-fullft-v5-detail,C15_all-r1,outputs/offload-fullft-v5-detail/C15_all-r1,,ok,0,1785137203.5629466,1785137324.1486766,120.42108653858304,Qwen/Qwen2.5-0.5B-Instruct,1,2,,,,True,True,True,,True,,,,,,,,,,,,True,False,False,8,,,,10.15,11.074,2.436375,8.742750000000001,76.115375
offload-fullft-v5-performance,C00_none-r1,outputs/offload-fullft-v5-performance/C00_none-r1,,ok,0,1785144224.1464794,1785144453.3814585,229.21893867477775,Qwen/Qwen2.5-0.5B-Instruct,1,5,,,,False,False,False,,False,,,,,,,,,,,,False,False,False,25,,,,11.06404,11.3904,1.38932,6.60104,101.64296
offload-fullft-v5-performance,C00_none-r2,outputs/offload-fullft-v5-performance/C00_none-r2,,ok,0,1785144453.3821032,1785144684.9778938,231.48165041580796,Qwen/Qwen2.5-0.5B-Instruct,2,5,,,,False,False,False,,False,,,,,,,,,,,,False,False,False,25,,,,11.06408,11.39816,1.46948,6.68924,100.57592
offload-fullft-v5-performance,C00_none-r3,outputs/offload-fullft-v5-performance/C00_none-r3,,ok,0,1785144684.9792392,1785144915.314218,230.31853377074003,Qwen/Qwen2.5-0.5B-Instruct,3,5,,,,False,False,False,,False,,,,,,,,,,,,False,False,False,25,,,,11.0642,11.41184,1.4966,6.67804,100.52608
offload-fullft-v5-performance,C01_ref-r1,outputs/offload-fullft-v5-performance/C01_ref-r1,,ok,0,1785144915.3154993,1785145151.8784814,236.34834574908018,Qwen/Qwen2.5-0.5B-Instruct,1,5,,,,False,True,False,,False,,,,,,,,,,,,False,False,False,25,,,,10.149,10.473,1.4504,6.86272,98.05364
offload-fullft-v5-performance,C01_ref-r2,outputs/offload-fullft-v5-performance/C01_ref-r2,,ok,0,1785145151.8798583,1785145389.0222385,236.92752386629581,Qwen/Qwen2.5-0.5B-Instruct,2,5,,,,False,True,False,,False,,,,,,,,,,,,False,False,False,25,,,,10.149,10.473,1.4726,6.87276,97.91848
offload-fullft-v5-performance,C01_ref-r3,outputs/offload-fullft-v5-performance/C01_ref-r3,,ok,0,1785145389.0253518,1785145631.9926746,242.85246438533068,Qwen/Qwen2.5-0.5B-Instruct,3,5,,,,False,True,False,,False,,,,,,,,,,,,False,False,False,25,,,,10.149,10.473,1.49308,7.03316,95.1942
offload-fullft-v5-performance,C02_optimizer-r1,outputs/offload-fullft-v5-performance/C02_optimizer-r1,,ok,0,1785145631.99401,1785145885.2645617,253.1058888323605,Qwen/Qwen2.5-0.5B-Instruct,1,5,,,,False,False,True,,False,,,,,,,,,,,,False,False,False,25,,,,11.06432,11.43868,1.84412,7.4216,90.39032
offload-fullft-v5-performance,C02_optimizer-r2,outputs/offload-fullft-v5-performance/C02_optimizer-r2,,ok,0,1785145885.2658608,1785146141.1589756,255.72836374118924,Qwen/Qwen2.5-0.5B-Instruct,2,5,,,,False,False,True,,False,,,,,,,,,,,,False,False,False,25,,,,11.06432,11.43868,1.87272,7.51824,88.9634
offload-fullft-v5-performance,C02_optimizer-r3,outputs/offload-fullft-v5-performance/C02_optimizer-r3,,ok,0,1785146141.160243,1785146399.6478374,258.4549983367324,Qwen/Qwen2.5-0.5B-Instruct,3,5,,,,False,False,True,,False,,,,,,,,,,,,False,False,False,25,,,,11.06416,11.41212,1.85028,7.57432,88.80572
offload-fullft-v5-performance,C03_activation-r1,outputs/offload-fullft-v5-performance/C03_activation-r1,,ok,0,1785146399.649228,1785146644.3801568,244.51612552255392,Qwen/Qwen2.5-0.5B-Instruct,1,5,,,,False,False,False,,True,,,,,,,,,,,,False,False,False,25,,,,11.06592,11.4128,1.91868,7.13804,94.1658
offload-fullft-v5-performance,C03_activation-r2,outputs/offload-fullft-v5-performance/C03_activation-r2,,ok,0,1785146644.3822687,1785146888.318783,243.77171206474304,Qwen/Qwen2.5-0.5B-Instruct,2,5,,,,False,False,False,,True,,,,,,,,,,,,False,False,False,25,,,,11.066,11.43832,1.93596,7.10224,94.66368
offload-fullft-v5-performance,C03_activation-r3,outputs/offload-fullft-v5-performance/C03_activation-r3,,ok,0,1785146888.3193505,1785147133.6104164,245.22683031484485,Qwen/Qwen2.5-0.5B-Instruct,3,5,,,,False,False,False,,True,,,,,,,,,,,,False,False,False,25,,,,11.066,11.40664,1.9126,7.19808,93.4554
offload-fullft-v5-performance,C04_actor_param-r1,outputs/offload-fullft-v5-performance/C04_actor_param-r1,,failed,1,1785147133.6111429,1785147173.3920617,39.66664735227823,Qwen/Qwen2.5-0.5B-Instruct,1,5,,,,True,False,False,,False,,,,,,,,,,,,False,False,False,0,,,,,,,,
offload-fullft-v5-performance,C04_actor_param-r2,outputs/offload-fullft-v5-performance/C04_actor_param-r2,,failed,1,1785147173.394137,1785147213.132166,39.623496022075415,Qwen/Qwen2.5-0.5B-Instruct,2,5,,,,True,False,False,,False,,,,,,,,,,,,False,False,False,0,,,,,,,,
offload-fullft-v5-performance,C04_actor_param-r3,outputs/offload-fullft-v5-performance/C04_actor_param-r3,,failed,1,1785147213.133539,1785147252.6008396,39.302513994276524,Qwen/Qwen2.5-0.5B-Instruct,3,5,,,,True,False,False,,False,,,,,,,,,,,,False,False,False,0,,,,,,,,
offload-fullft-v5-performance,C05_ref_optimizer-r1,outputs/offload-fullft-v5-performance/C05_ref_optimizer-r1,,ok,0,1785147252.6018946,1785147512.409865,259.64365185797215,Qwen/Qwen2.5-0.5B-Instruct,1,5,,,,False,True,True,,False,,,,,,,,,,,,False,False,False,25,,,,10.149,10.473,1.79288,7.63812,88.06332
offload-fullft-v5-performance,C05_ref_optimizer-r2,outputs/offload-fullft-v5-performance/C05_ref_optimizer-r2,,ok,0,1785147512.4104187,1785147774.663429,262.1888426579535,Qwen/Qwen2.5-0.5B-Instruct,2,5,,,,False,True,True,,False,,,,,,,,,,,,False,False,False,25,,,,10.149,10.473,1.82396,7.70996,87.25828
offload-fullft-v5-performance,C05_ref_optimizer-r3,outputs/offload-fullft-v5-performance/C05_ref_optimizer-r3,,ok,0,1785147774.6641033,1785148037.112896,262.2343534678221,Qwen/Qwen2.5-0.5B-Instruct,3,5,,,,False,True,True,,False,,,,,,,,,,,,False,False,False,25,,,,10.149,10.473,1.84516,7.72736,87.06024
offload-fullft-v5-performance,C11_ref_optimizer_activation-r1,outputs/offload-fullft-v5-performance/C11_ref_optimizer_activation-r1,,ok,0,1785148037.1141844,1785148313.2708583,276.09208765253425,Qwen/Qwen2.5-0.5B-Instruct,1,5,,,,False,True,True,,True,,,,,,,,,,,,False,False,False,25,,,,10.149,10.461,2.2308,8.17092,81.81348
offload-fullft-v5-performance,C11_ref_optimizer_activation-r2,outputs/offload-fullft-v5-performance/C11_ref_optimizer_activation-r2,,ok,0,1785148313.2721531,1785148587.7941332,274.3571899756789,Qwen/Qwen2.5-0.5B-Instruct,2,5,,,,False,True,True,,True,,,,,,,,,,,,False,False,False,25,,,,10.149,10.461,2.20572,8.10528,82.97648
offload-fullft-v5-performance,C11_ref_optimizer_activation-r3,outputs/offload-fullft-v5-performance/C11_ref_optimizer_activation-r3,,ok,0,1785148587.7954032,1785148861.0760574,273.16603707894683,Qwen/Qwen2.5-0.5B-Instruct,3,5,,,,False,True,True,,True,,,,,,,,,,,,False,False,False,25,,,,10.149,10.461,2.18212,8.05736,83.22568
offload-fullft-v5-performance,C15_all-r1,outputs/offload-fullft-v5-performance/C15_all-r1,,ok,0,1785148861.0773478,1785149159.3642313,298.2223154120147,Qwen/Qwen2.5-0.5B-Instruct,1,5,,,,True,True,True,,True,,,,,,,,,,,,False,False,False,25,,,,10.15,11.074,2.47424,8.866480000000001,75.80428
offload-fullft-v5-performance,C15_all-r2,outputs/offload-fullft-v5-performance/C15_all-r2,,ok,0,1785149159.3655007,1785149458.4682384,299.0943701528013,Qwen/Qwen2.5-0.5B-Instruct,2,5,,,,True,True,True,,True,,,,,,,,,,,,False,False,False,25,,,,10.15,11.074,2.49736,8.89432,75.55008
offload-fullft-v5-performance,C15_all-r3,outputs/offload-fullft-v5-performance/C15_all-r3,,ok,0,1785149458.469512,1785149760.6065426,302.07247691601515,Qwen/Qwen2.5-0.5B-Instruct,3,5,,,,True,True,True,,True,,,,,,,,,,,,False,False,False,25,,,,10.15,11.074,2.47928,8.98884,74.83328
offload-fullft-v5-smoke,C00_none-r1,outputs/offload-fullft-v5-smoke/C00_none-r1,,ok,0,1785135959.98059,1785136004.0022829,43.85746083036065,Qwen/Qwen2.5-0.5B-Instruct,1,0,,,,False,False,False,,False,,,,,,,,,,,,True,False,False,2,,,,10.6015,10.788499999999999,1.3940000000000001,6.712,90.8135
offload-fullft-v5-smoke,C01_ref-r1,outputs/offload-fullft-v5-smoke/C01_ref-r1,,ok,0,1785136004.0035915,1785136048.9241502,44.80583339557052,Qwen/Qwen2.5-0.5B-Instruct,1,0,,,,False,True,False,,False,,,,,,,,,,,,True,False,False,2,,,,9.683499999999999,10.473,1.4105,6.91,85.2575
offload-fullft-v5-smoke,C03_activation-r1,outputs/offload-fullft-v5-smoke/C03_activation-r1,,ok,0,1785136048.9254348,1785136094.5145257,45.47447606548667,Qwen/Qwen2.5-0.5B-Instruct,1,0,,,,False,False,False,,True,,,,,,,,,,,,True,False,False,2,,,,10.6025,10.8185,2.0055,7.577500000000001,81.5425
offload-fullft-v5-smoke,C04_actor_param-r1,outputs/offload-fullft-v5-smoke/C04_actor_param-r1,,failed,1,1785136094.5158725,1785136134.2409577,39.7086667008698,Qwen/Qwen2.5-0.5B-Instruct,1,0,,,,True,False,False,,False,,,,,,,,,,,,True,False,False,0,,,,,,,,
offload-fullft-v5-smoke,C15_all-r1,outputs/offload-fullft-v5-smoke/C15_all-r1,,ok,0,1785136134.241533,1785136184.7671256,50.311319436877966,Qwen/Qwen2.5-0.5B-Instruct,1,0,,,,True,True,True,,True,,,,,,,,,,,,True,False,False,2,,,,9.684000000000001,11.074,2.6870000000000003,9.1715,67.848
offload-g01-expandable-check,G01_reference_resident_expandable-r1,outputs/offload-g01-expandable-check/G01_reference_resident_expandable-r1,,ok,0,1785302342.6022468,1785302651.8282993,309.06177850440145,Qwen/Qwen2.5-0.5B-Instruct,1,5,,,,True,False,True,False,True,,,,,,,,,,,,False,False,False,25,,,,11.058,11.406,2.904,9.24372,72.66148
offload-gpu-adam-residency-v1-performance,G00_actor_resident_base-r1,outputs/offload-gpu-adam-residency-v1-performance/G00_actor_resident_base-r1,,ok,0,1785226569.354337,1785226838.9939444,269.5755277425051,Qwen/Qwen2.5-0.5B-Instruct,1,5,,,,False,True,True,False,True,,,,,,,,,,,,False,False,False,25,,,,10.149,10.461,2.10452,7.89216,85.22584
offload-gpu-adam-residency-v1-performance,G00_actor_resident_base-r2,outputs/offload-gpu-adam-residency-v1-performance/G00_actor_resident_base-r2,,ok,0,1785226838.9955611,1785227110.0834484,270.9229864105582,Qwen/Qwen2.5-0.5B-Instruct,2,5,,,,False,True,True,False,True,,,,,,,,,,,,False,False,False,25,,,,10.149,10.461,2.15484,7.97768,84.31856
offload-gpu-adam-residency-v1-performance,G00_actor_resident_base-r3,outputs/offload-gpu-adam-residency-v1-performance/G00_actor_resident_base-r3,,ok,0,1785227110.0849319,1785227384.0906208,273.9410348124802,Qwen/Qwen2.5-0.5B-Instruct,3,5,,,,False,True,True,False,True,,,,,,,,,,,,False,False,False,25,,,,10.149,10.461,2.20348,8.08504,82.8624
offload-gpu-adam-residency-v1-performance,G01_reference_resident-r1,outputs/offload-gpu-adam-residency-v1-performance/G01_reference_resident-r1,,ok,0,1785227384.0920527,1785227648.1510599,263.8440369479358,Qwen/Qwen2.5-0.5B-Instruct,1,5,,,,False,False,True,False,True,,,,,,,,,,,,False,False,False,25,,,,11.066,11.40616,2.3002,7.77884,86.42135999999999
offload-gpu-adam-residency-v1-performance,G01_reference_resident-r2,outputs/offload-gpu-adam-residency-v1-performance/G01_reference_resident-r2,,ok,0,1785227648.1527581,1785227917.3942697,269.0767960436642,Qwen/Qwen2.5-0.5B-Instruct,2,5,,,,False,False,True,False,True,,,,,,,,,,,,False,False,False,25,,,,11.06596,11.41272,2.29688,7.90876,84.94508
offload-gpu-adam-residency-v1-performance,G01_reference_resident-r3,outputs/offload-gpu-adam-residency-v1-performance/G01_reference_resident-r3,,ok,0,1785227917.3950799,1785228185.7944999,268.184533264488,Qwen/Qwen2.5-0.5B-Instruct,3,5,,,,False,False,True,False,True,,,,,,,,,,,,False,False,False,25,,,,11.06592,11.41856,2.29396,7.92904,84.5508
offload-gpu-adam-residency-v1-performance,G02_optimizer_resident-r1,outputs/offload-gpu-adam-residency-v1-performance/G02_optimizer_resident-r1,,ok,0,1785228185.7961383,1785228437.9398792,251.92865880206227,Qwen/Qwen2.5-0.5B-Instruct,1,5,,,,False,True,False,False,True,,,,,,,,,,,,False,False,False,25,,,,10.149,10.461,1.89928,7.37568,91.03584
offload-gpu-adam-residency-v1-performance,G02_optimizer_resident-r2,outputs/offload-gpu-adam-residency-v1-performance/G02_optimizer_resident-r2,,ok,0,1785228437.9413323,1785228687.6723354,249.5160543732345,Qwen/Qwen2.5-0.5B-Instruct,2,5,,,,False,True,False,False,True,,,,,,,,,,,,False,False,False,25,,,,10.149,10.461,1.86124,7.29276,91.64624
offload-gpu-adam-residency-v1-performance,G02_optimizer_resident-r3,outputs/offload-gpu-adam-residency-v1-performance/G02_optimizer_resident-r3,,ok,0,1785228687.6748657,1785228938.3489573,250.45921931788325,Qwen/Qwen2.5-0.5B-Instruct,3,5,,,,False,True,False,False,True,,,,,,,,,,,,False,False,False,25,,,,10.149,10.461,1.89132,7.32176,90.91896
offload-gpu-adam-residency-v1-performance,G03_activation_gpu-r1,outputs/offload-gpu-adam-residency-v1-performance/G03_activation_gpu-r1,,ok,0,1785228938.3504677,1785229198.9148736,260.3995711244643,Qwen/Qwen2.5-0.5B-Instruct,1,5,,,,False,True,True,False,False,,,,,,,,,,,,False,False,False,25,,,,10.149,10.473,1.82864,7.65232,87.92664
offload-gpu-adam-residency-v1-performance,G03_activation_gpu-r2,outputs/offload-gpu-adam-residency-v1-performance/G03_activation_gpu-r2,,ok,0,1785229198.9164345,1785229456.6715248,257.7384684048593,Qwen/Qwen2.5-0.5B-Instruct,2,5,,,,False,True,True,False,False,,,,,,,,,,,,False,False,False,25,,,,10.149,10.473,1.82412,7.56128,88.96208
offload-gpu-adam-residency-v1-performance,G03_activation_gpu-r3,outputs/offload-gpu-adam-residency-v1-performance/G03_activation_gpu-r3,,ok,0,1785229456.6729944,1785229713.4325593,256.5947293676436,Qwen/Qwen2.5-0.5B-Instruct,3,5,,,,False,True,True,False,False,,,,,,,,,,,,False,False,False,25,,,,10.149,10.473,1.81884,7.5388399999999995,88.99504
offload-gpu-adam-residency-v1-performance,G04_reference_only_offload-r1,outputs/offload-gpu-adam-residency-v1-performance/G04_reference_only_offload-r1,,ok,0,1785229713.4340312,1785229952.0621586,238.5636273883283,Qwen/Qwen2.5-0.5B-Instruct,1,5,,,,False,True,False,False,False,,,,,,,,,,,,False,False,False,25,,,,10.149,10.473,1.48308,6.93896,96.39972
offload-gpu-adam-residency-v1-performance,G04_reference_only_offload-r2,outputs/offload-gpu-adam-residency-v1-performance/G04_reference_only_offload-r2,,ok,0,1785229952.0628493,1785230190.9398525,238.86904210224748,Qwen/Qwen2.5-0.5B-Instruct,2,5,,,,False,True,False,False,False,,,,,,,,,,,,False,False,False,25,,,,10.149,10.473,1.48596,6.9462,96.2944
offload-gpu-adam-residency-v1-performance,G04_reference_only_offload-r3,outputs/offload-gpu-adam-residency-v1-performance/G04_reference_only_offload-r3,,ok,0,1785230190.9413579,1785230432.666918,241.56093187257648,Qwen/Qwen2.5-0.5B-Instruct,3,5,,,,False,True,False,False,False,,,,,,,,,,,,False,False,False,25,,,,10.149,10.473,1.50208,7.04612,95.23844
offload-gpu-adam-residency-v1-performance,G05_all_gpu-r1,outputs/offload-gpu-adam-residency-v1-performance/G05_all_gpu-r1,,ok,0,1785230432.6683795,1785230665.7591212,232.92589502036572,Qwen/Qwen2.5-0.5B-Instruct,1,5,,,,False,False,False,False,False,,,,,,,,,,,,False,False,False,25,,,,11.06444,11.4592,1.5624,6.77016,99.28908
offload-gpu-adam-residency-v1-performance,G05_all_gpu-r2,outputs/offload-gpu-adam-residency-v1-performance/G05_all_gpu-r2,,ok,0,1785230665.7606652,1785230893.7614465,227.88596160709858,Qwen/Qwen2.5-0.5B-Instruct,2,5,,,,False,False,False,False,False,,,,,,,,,,,,False,False,False,25,,,,11.0644,11.4466,1.516,6.59884,101.5542
offload-gpu-adam-residency-v1-performance,G05_all_gpu-r3,outputs/offload-gpu-adam-residency-v1-performance/G05_all_gpu-r3,,ok,0,1785230893.7627854,1785231122.813368,229.01796747371554,Qwen/Qwen2.5-0.5B-Instruct,3,5,,,,False,False,False,False,False,,,,,,,,,,,,False,False,False,25,,,,11.06444,11.46096,1.533,6.6331999999999995,100.51751999999999
offload-gpu-adam-residency-v2-noforeach-performance,G01_reference_resident-r1,outputs/offload-gpu-adam-residency-v2-noforeach-performance/G01_reference_resident-r1,,failed,1,1785298177.714255,1785298218.9463656,41.06783290952444,Qwen/Qwen2.5-0.5B-Instruct,1,5,,,,True,False,True,False,True,,,,,,,,,,,,False,False,False,0,,,,,,,,
offload-gpu-adam-residency-v2-performance,G00_cpu_resident_base-r1,outputs/offload-gpu-adam-residency-v2-performance/G00_cpu_resident_base-r1,,ok,0,1785297115.5952454,1785297410.281107,294.6536564901471,Qwen/Qwen2.5-0.5B-Instruct,1,5,,,,True,True,True,False,True,,,,,,,,,,,,False,False,False,25,,,,10.15,11.074,2.46776,8.74452,76.93148
offload-gpu-adam-residency-v2-performance,G00_cpu_resident_base-r2,outputs/offload-gpu-adam-residency-v2-performance/G00_cpu_resident_base-r2,,ok,0,1785297410.2835171,1785297717.4244938,306.97604517266154,Qwen/Qwen2.5-0.5B-Instruct,2,5,,,,True,True,True,False,True,,,,,,,,,,,,False,False,False,25,,,,10.15,11.074,2.58528,9.15256,73.33328
offload-gpu-adam-residency-v2-performance,G00_cpu_resident_base-r3,outputs/offload-gpu-adam-residency-v2-performance/G00_cpu_resident_base-r3,,ok,0,1785297717.4269998,1785298020.6602826,303.11864345148206,Qwen/Qwen2.5-0.5B-Instruct,3,5,,,,True,True,True,False,True,,,,,,,,,,,,False,False,False,25,,,,10.15,11.074,2.57088,9.032,74.4804
offload-gpu-adam-residency-v2-performance,G01_reference_resident-r1,outputs/offload-gpu-adam-residency-v2-performance/G01_reference_resident-r1,,failed,1,1785298995.747794,1785299036.3001685,40.3377569206059,Qwen/Qwen2.5-0.5B-Instruct,1,5,,,,True,False,True,False,True,,,,,,,,,,,,False,False,False,0,,,,,,,,
offload-gpu-adam-residency-v2-performance,G01_reference_resident-r2,outputs/offload-gpu-adam-residency-v2-performance/G01_reference_resident-r2,,failed,1,1785299036.3023508,1785299076.4309194,40.063724268227816,Qwen/Qwen2.5-0.5B-Instruct,2,5,,,,True,False,True,False,True,,,,,,,,,,,,False,False,False,0,,,,,,,,
offload-gpu-adam-residency-v2-performance,G01_reference_resident-r3,outputs/offload-gpu-adam-residency-v2-performance/G01_reference_resident-r3,,failed,1,1785299076.4324715,1785299116.8555996,40.30834111943841,Qwen/Qwen2.5-0.5B-Instruct,3,5,,,,True,False,True,False,True,,,,,,,,,,,,False,False,False,0,,,,,,,,
offload-gpu-adam-residency-v2-performance,G02_optimizer_resident-r1,outputs/offload-gpu-adam-residency-v2-performance/G02_optimizer_resident-r1,,ok,0,1785299116.8571436,1785299406.2639966,289.24197801575065,Qwen/Qwen2.5-0.5B-Instruct,1,5,,,,True,True,False,False,True,,,,,,,,,,,,False,False,False,25,,,,10.15,11.074,2.18312,8.56688,78.31032
offload-gpu-adam-residency-v2-performance,G02_optimizer_resident-r2,outputs/offload-gpu-adam-residency-v2-performance/G02_optimizer_resident-r2,,ok,0,1785299406.2655425,1785299692.209218,285.77902986481786,Qwen/Qwen2.5-0.5B-Instruct,2,5,,,,True,True,False,False,True,,,,,,,,,,,,False,False,False,25,,,,10.15,11.074,2.19144,8.45796,78.97676
offload-gpu-adam-residency-v2-performance,G02_optimizer_resident-r3,outputs/offload-gpu-adam-residency-v2-performance/G02_optimizer_resident-r3,,ok,0,1785299692.2107835,1785299984.3529232,292.1095131598413,Qwen/Qwen2.5-0.5B-Instruct,3,5,,,,True,True,False,False,True,,,,,,,,,,,,False,False,False,25,,,,10.15,11.074,2.24444,8.63628,77.68263999999999
offload-gpu-adam-residency-v2-performance,G03_activation_gpu-r1,outputs/offload-gpu-adam-residency-v2-performance/G03_activation_gpu-r1,,ok,0,1785299984.3545184,1785300276.9297633,292.36050933972,Qwen/Qwen2.5-0.5B-Instruct,1,5,,,,True,True,True,False,False,,,,,,,,,,,,False,False,False,25,,,,10.15,11.078,2.17448,8.63016,77.9498
offload-gpu-adam-residency-v2-performance,G03_activation_gpu-r2,outputs/offload-gpu-adam-residency-v2-performance/G03_activation_gpu-r2,,ok,0,1785300276.9313302,1785300568.9753497,291.9793905504048,Qwen/Qwen2.5-0.5B-Instruct,2,5,,,,True,True,True,False,False,,,,,,,,,,,,False,False,False,25,,,,10.15,11.078,2.12956,8.61968,77.74728
offload-gpu-adam-residency-v2-performance,G03_activation_gpu-r3,outputs/offload-gpu-adam-residency-v2-performance/G03_activation_gpu-r3,,ok,0,1785300568.9761848,1785300856.3395882,287.19884710386395,Qwen/Qwen2.5-0.5B-Instruct,3,5,,,,True,True,True,False,False,,,,,,,,,,,,False,False,False,25,,,,10.15,11.078,2.12092,8.4584,79.32144
offload-gpu-adam-residency-v2-performance,G04_actor_resident-r1,outputs/offload-gpu-adam-residency-v2-performance/G04_actor_resident-r1,,ok,0,1785300856.340777,1785301135.1890125,278.68333449959755,Qwen/Qwen2.5-0.5B-Instruct,1,5,,,,False,True,True,False,True,,,,,,,,,,,,False,False,False,25,,,,10.149,10.461,2.26488,8.25636,80.18996
offload-gpu-adam-residency-v2-performance,G04_actor_resident-r2,outputs/offload-gpu-adam-residency-v2-performance/G04_actor_resident-r2,,ok,0,1785301135.1907218,1785301414.1256661,278.7699607908726,Qwen/Qwen2.5-0.5B-Instruct,2,5,,,,False,True,True,False,True,,,,,,,,,,,,False,False,False,25,,,,10.149,10.461,2.3052,8.25872,81.25856
offload-gpu-adam-residency-v2-performance,G04_actor_resident-r3,outputs/offload-gpu-adam-residency-v2-performance/G04_actor_resident-r3,,ok,0,1785301414.1272304,1785301694.940474,280.69838297367096,Qwen/Qwen2.5-0.5B-Instruct,3,5,,,,False,True,True,False,True,,,,,,,,,,,,False,False,False,25,,,,10.149,10.461,2.2712,8.31392,80.91732
offload-gpu-adam-residency-v2-performance-final,G01_reference_resident-r1,outputs/offload-gpu-adam-residency-v2-performance-final/G01_reference_resident-r1,,failed,1,1785298245.7523818,1785298286.7078247,40.84109251946211,Qwen/Qwen2.5-0.5B-Instruct,1,5,,,,True,False,True,False,True,,,,,,,,,,,,False,False,False,0,,,,,,,,
offload-gpu-adam-residency-v3-performance,G00_cpu_resident_base-r1,outputs/offload-gpu-adam-residency-v3-performance/G00_cpu_resident_base-r1,,ok,0,1785302884.6967614,1785303197.2950213,312.53403186425567,Qwen/Qwen2.5-0.5B-Instruct,1,5,,,,True,True,True,False,True,,,,,,,,,,,,False,False,False,25,,,,10.138,10.49,2.765,9.3172,72.20532
offload-gpu-adam-residency-v3-performance,G00_cpu_resident_base-r2,outputs/offload-gpu-adam-residency-v3-performance/G00_cpu_resident_base-r2,,ok,0,1785303197.296382,1785303515.3689885,317.9077624678612,Qwen/Qwen2.5-0.5B-Instruct,2,5,,,,True,True,True,False,True,,,,,,,,,,,,False,False,False,25,,,,10.138,10.49,2.8301600000000002,9.48896,70.88096
offload-gpu-adam-residency-v3-performance,G00_cpu_resident_base-r3,outputs/offload-gpu-adam-residency-v3-performance/G00_cpu_resident_base-r3,,ok,0,1785303515.3704515,1785303839.222944,323.73774092644453,Qwen/Qwen2.5-0.5B-Instruct,3,5,,,,True,True,True,False,True,,,,,,,,,,,,False,False,False,25,,,,10.138,10.49,2.87752,9.7338,69.10444
offload-gpu-adam-residency-v3-performance,G01_reference_resident-r1,outputs/offload-gpu-adam-residency-v3-performance/G01_reference_resident-r1,,ok,0,1785303839.2258027,1785304155.4783943,316.08773947134614,Qwen/Qwen2.5-0.5B-Instruct,1,5,,,,True,False,True,False,True,,,,,,,,,,,,False,False,False,25,,,,11.058,11.406,3.03424,9.49992,70.69348
offload-gpu-adam-residency-v3-performance,G01_reference_resident-r2,outputs/offload-gpu-adam-residency-v3-performance/G01_reference_resident-r2,,ok,0,1785304155.479291,1785304473.6937232,318.100070849061,Qwen/Qwen2.5-0.5B-Instruct,2,5,,,,True,False,True,False,True,,,,,,,,,,,,False,False,False,25,,,,11.058,11.406,3.03668,9.55048,70.24628
offload-gpu-adam-residency-v3-performance,G01_reference_resident-r3,outputs/offload-gpu-adam-residency-v3-performance/G01_reference_resident-r3,,ok,0,1785304473.69543,1785304790.4274645,316.7154513075948,Qwen/Qwen2.5-0.5B-Instruct,3,5,,,,True,False,True,False,True,,,,,,,,,,,,False,False,False,25,,,,11.058,11.406,3.05472,9.50024,70.81372
offload-gpu-adam-residency-v3-performance,G02_optimizer_resident-r1,outputs/offload-gpu-adam-residency-v3-performance/G02_optimizer_resident-r1,,ok,0,1785304790.4288435,1785305092.4369836,301.84351431950927,Qwen/Qwen2.5-0.5B-Instruct,1,5,,,,True,True,False,False,True,,,,,,,,,,,,False,False,False,25,,,,10.138,10.49,2.50404,8.93292,75.33824
offload-gpu-adam-residency-v3-performance,G02_optimizer_resident-r2,outputs/offload-gpu-adam-residency-v3-performance/G02_optimizer_resident-r2,,ok,0,1785305092.438553,1785305392.5422175,299.98892511054873,Qwen/Qwen2.5-0.5B-Instruct,2,5,,,,True,True,False,False,True,,,,,,,,,,,,False,False,False,25,,,,10.138,10.49,2.50048,8.94712,75.07972
offload-gpu-adam-residency-v3-performance,G02_optimizer_resident-r3,outputs/offload-gpu-adam-residency-v3-performance/G02_optimizer_resident-r3,,ok,0,1785305392.5436475,1785305693.3707507,300.6621050275862,Qwen/Qwen2.5-0.5B-Instruct,3,5,,,,True,True,False,False,True,,,,,,,,,,,,False,False,False,25,,,,10.138,10.49,2.45748,8.95992,74.46504
offload-gpu-adam-residency-v3-performance,G03_activation_gpu-r1,outputs/offload-gpu-adam-residency-v3-performance/G03_activation_gpu-r1,,ok,0,1785305693.3721833,1785305998.8941817,305.3070665374398,Qwen/Qwen2.5-0.5B-Instruct,1,5,,,,True,True,True,False,False,,,,,,,,,,,,False,False,False,25,,,,10.138,10.494,2.44916,9.0942,73.97167999999999
offload-gpu-adam-residency-v3-performance,G03_activation_gpu-r2,outputs/offload-gpu-adam-residency-v3-performance/G03_activation_gpu-r2,,ok,0,1785305998.895679,1785306308.8042405,309.7938264384866,Qwen/Qwen2.5-0.5B-Instruct,2,5,,,,True,True,True,False,False,,,,,,,,,,,,False,False,False,25,,,,10.138,10.494,2.49496,9.18752,73.22244
offload-gpu-adam-residency-v3-performance,G03_activation_gpu-r3,outputs/offload-gpu-adam-residency-v3-performance/G03_activation_gpu-r3,,ok,0,1785306308.805685,1785306620.2034187,311.1830366179347,Qwen/Qwen2.5-0.5B-Instruct,3,5,,,,True,True,True,False,False,,,,,,,,,,,,False,False,False,25,,,,10.138,10.494,2.4564399999999997,9.28396,72.43176
offload-gpu-adam-residency-v3-performance,G04_actor_resident-r1,outputs/offload-gpu-adam-residency-v3-performance/G04_actor_resident-r1,,ok,0,1785306620.2040215,1785306907.301181,286.982724044472,Qwen/Qwen2.5-0.5B-Instruct,1,5,,,,False,True,True,False,True,,,,,,,,,,,,False,False,False,25,,,,10.138,10.49,2.35192,8.50844,79.08376
offload-gpu-adam-residency-v3-performance,G04_actor_resident-r2,outputs/offload-gpu-adam-residency-v3-performance/G04_actor_resident-r2,,ok,0,1785306907.3025904,1785307193.6399534,286.3287233710289,Qwen/Qwen2.5-0.5B-Instruct,2,5,,,,False,True,True,False,True,,,,,,,,,,,,False,False,False,25,,,,10.138,10.49,2.35032,8.54392,78.76792
offload-gpu-adam-residency-v3-performance,G04_actor_resident-r3,outputs/offload-gpu-adam-residency-v3-performance/G04_actor_resident-r3,,ok,0,1785307193.64141,1785307480.209703,286.50376872718334,Qwen/Qwen2.5-0.5B-Instruct,3,5,,,,False,True,True,False,True,,,,,,,,,,,,False,False,False,25,,,,10.138,10.49,2.335,8.53028,78.60076000000001
offload-measurement-v2,C00_none-r1,outputs/offload-measurement-v2/C00_none-r1,,ok,0,1785119810.327179,1785119874.567,64.02528845518827,Qwen/Qwen2.5-0.5B-Instruct,1,1,,,,False,False,False,,False,,,,,,,,,,,,,,,4,,,,11.064,11.391,1.36375,6.6072500000000005,99.22749999999999
offload-measurement-v2,C01_ref-r1,outputs/offload-measurement-v2/C01_ref-r1,,ok,0,1785119874.5681064,1785119941.2236226,66.44060864299536,Qwen/Qwen2.5-0.5B-Instruct,1,1,,,,False,True,False,,False,,,,,,,,,,,,,,,4,,,,10.15,11.00525,1.43125,6.744,97.20275
offload-measurement-v2,C02_optimizer-r1,outputs/offload-measurement-v2/C02_optimizer-r1,,ok,0,1785119941.2245274,1785120008.6634,67.22412155941129,Qwen/Qwen2.5-0.5B-Instruct,1,1,,,,False,False,True,,False,,,,,,,,,,,,,,,4,,,,11.064,11.391,1.70675,7.1995000000000005,91.045
offload-measurement-v2,C04_actor_param-r1,outputs/offload-measurement-v2/C04_actor_param-r1,,failed,1,1785120008.6643393,1785120048.522701,39.64346147701144,Qwen/Qwen2.5-0.5B-Instruct,1,1,,,,True,False,False,,False,,,,,,,,,,,,,,,0,,,,,,,,
offload-measurement-v2,C15_all-r1,outputs/offload-measurement-v2/C15_all-r1,,ok,0,1785120048.5236034,1785120125.5376716,76.79926631972194,Qwen/Qwen2.5-0.5B-Instruct,1,1,,,,True,True,True,,True,,,,,,,,,,,,,,,4,,,,10.15,11.107,2.01125,8.529250000000001,77.01425
offload-residency-smoke,M00_phase_min-r1,outputs/offload-residency-smoke/M00_phase_min-r1,,ok,0,1785134267.8498662,1785134331.317892,63.30337954685092,Qwen/Qwen2.5-0.5B-Instruct,1,0,,,,True,True,False,True,True,,,,,,,,,,,,True,False,False,2,,,,6.467499999999999,9.411999999999999,8.567499999999999,15.6755,40.418
offload-residency-smoke,M03_optimizer_resident-r1,outputs/offload-residency-smoke/M03_optimizer_resident-r1,,ok,0,1785134331.3199253,1785134381.9537754,50.6172302775085,Qwen/Qwen2.5-0.5B-Instruct,1,0,,,,True,True,False,False,True,,,,,,,,,,,,True,False,False,2,,,,9.684000000000001,11.093,2.2515,9.338000000000001,67.57
offload-residency-smoke,M05_all_gpu-r1,outputs/offload-residency-smoke/M05_all_gpu-r1,,ok,0,1785134381.9557137,1785134425.844055,43.77361737936735,Qwen/Qwen2.5-0.5B-Instruct,1,0,,,,False,False,False,False,False,,,,,,,,,,,,True,False,False,2,,,,10.6015,10.788499999999999,1.443,6.763999999999999,89.0395
offload-residency-v1-detail,M00_phase_min-r1,outputs/offload-residency-v1-detail/M00_phase_min-r1,,ok,0,1785137350.0986784,1785137518.8934693,168.63039107248187,Qwen/Qwen2.5-0.5B-Instruct,1,2,,,,True,True,False,True,True,,,,,,,,,,,,True,False,False,8,,,,6.469,7.391,7.174625,13.327,50.187
offload-residency-v1-detail,M01_actor_resident-r1,outputs/offload-residency-v1-detail/M01_actor_resident-r1,,ok,0,1785137518.895022,1785137676.1758327,157.0658572204411,Qwen/Qwen2.5-0.5B-Instruct,1,2,,,,False,True,False,True,True,,,,,,,,,,,,True,False,False,8,,,,6.468,6.777,6.8265,12.253499999999999,54.578125
offload-residency-v1-detail,M02_ref_resident-r1,outputs/offload-residency-v1-detail/M02_ref_resident-r1,,ok,0,1785137676.1773195,1785137842.1773007,165.78506534174085,Qwen/Qwen2.5-0.5B-Instruct,1,2,,,,True,False,False,True,True,,,,,,,,,,,,True,False,False,8,,,,7.385,9.48925,7.20925,13.10975,51.01825
offload-residency-v1-detail,M03_optimizer_resident-r1,outputs/offload-residency-v1-detail/M03_optimizer_resident-r1,,ok,0,1785137842.1802065,1785137957.8145044,115.46957279369235,Qwen/Qwen2.5-0.5B-Instruct,1,2,,,,True,True,False,False,True,,,,,,,,,,,,True,False,False,8,,,,10.15,11.074,2.122125,8.271125,80.859375
offload-residency-v1-detail,M04_activation_gpu-r1,outputs/offload-residency-v1-detail/M04_activation_gpu-r1,,ok,0,1785137957.815792,1785138121.7089026,163.72822704538703,Qwen/Qwen2.5-0.5B-Instruct,1,2,,,,True,True,False,True,False,,,,,,,,,,,,True,False,False,8,,,,6.469,7.395,6.75275,12.880125,51.9285
offload-residency-v1-detail,M05_all_gpu-r1,outputs/offload-residency-v1-detail/M05_all_gpu-r1,,ok,0,1785138121.7103195,1785138219.0296345,97.25457620248199,Qwen/Qwen2.5-0.5B-Instruct,1,2,,,,False,False,False,False,False,,,,,,,,,,,,True,False,False,8,,,,11.064125,11.40525,1.44525,6.639875,100.414375
offload-residency-v1-performance,M00_phase_min-r1,outputs/offload-residency-v1-performance/M00_phase_min-r1,,ok,0,1785138543.4911506,1785138711.4616857,167.9064194522798,Qwen/Qwen2.5-0.5B-Instruct,1,5,,,,True,True,False,True,True,,,,,,,,,,,,False,False,False,5,,,,6.469,7.391,7.126,13.2258,51.2628
offload-residency-v1-performance,M00_phase_min-r2,outputs/offload-residency-v1-performance/M00_phase_min-r2,,ok,0,1785138711.4624178,1785138881.0390208,169.46229315176606,Qwen/Qwen2.5-0.5B-Instruct,2,5,,,,True,True,False,True,True,,,,,,,,,,,,False,False,False,5,,,,6.469,7.391,7.1516,13.291599999999999,51.0078
offload-residency-v1-performance,M00_phase_min-r3,outputs/offload-residency-v1-performance/M00_phase_min-r3,,ok,0,1785138881.0403292,1785139047.8770645,166.77211209014058,Qwen/Qwen2.5-0.5B-Instruct,3,5,,,,True,True,False,True,True,,,,,,,,,,,,False,False,False,5,,,,6.469,7.391,7.1104,13.1498,51.5618
offload-residency-v1-performance,M01_actor_resident-r1,outputs/offload-residency-v1-performance/M01_actor_resident-r1,,ok,0,1785139047.8799655,1785139205.955777,157.91102739050984,Qwen/Qwen2.5-0.5B-Instruct,1,5,,,,False,True,False,True,True,,,,,,,,,,,,False,False,False,5,,,,6.468,6.777,6.8044,12.2014,55.5818
offload-residency-v1-performance,M01_actor_resident-r2,outputs/offload-residency-v1-performance/M01_actor_resident-r2,,ok,0,1785139205.9571679,1785139362.8477886,156.77584961429238,Qwen/Qwen2.5-0.5B-Instruct,2,5,,,,False,True,False,True,True,,,,,,,,,,,,False,False,False,5,,,,6.468,6.777,6.8032,12.229,55.4456
offload-residency-v1-performance,M01_actor_resident-r3,outputs/offload-residency-v1-performance/M01_actor_resident-r3,,ok,0,1785139362.849092,1785139519.5481749,156.48429891839623,Qwen/Qwen2.5-0.5B-Instruct,3,5,,,,False,True,False,True,True,,,,,,,,,,,,False,False,False,5,,,,6.468,6.777,6.801,12.1898,55.6288
offload-residency-v1-performance,M02_ref_resident-r1,outputs/offload-residency-v1-performance/M02_ref_resident-r1,,ok,0,1785139519.5497475,1785139685.3566892,165.69199219346046,Qwen/Qwen2.5-0.5B-Instruct,1,5,,,,True,False,False,True,True,,,,,,,,,,,,False,False,False,5,,,,7.385,9.505799999999999,7.199,13.0104,52.1124
offload-residency-v1-performance,M02_ref_resident-r2,outputs/offload-residency-v1-performance/M02_ref_resident-r2,,ok,0,1785139685.3580408,1785139850.513055,165.1224890574813,Qwen/Qwen2.5-0.5B-Instruct,2,5,,,,True,False,False,True,True,,,,,,,,,,,,False,False,False,5,,,,7.385,9.533199999999999,7.1896,13.003,52.144600000000004
offload-residency-v1-performance,M02_ref_resident-r3,outputs/offload-residency-v1-performance/M02_ref_resident-r3,,ok,0,1785139850.514382,1785140016.5611837,165.98224659636617,Qwen/Qwen2.5-0.5B-Instruct,3,5,,,,True,False,False,True,True,,,,,,,,,,,,False,False,False,5,,,,7.385,9.4766,7.179,12.9642,51.5902
offload-residency-v1-performance,M03_optimizer_resident-r1,outputs/offload-residency-v1-performance/M03_optimizer_resident-r1,,ok,0,1785140016.5625174,1785140132.8512864,116.1740613244474,Qwen/Qwen2.5-0.5B-Instruct,1,5,,,,True,True,False,False,True,,,,,,,,,,,,False,False,False,5,,,,10.15,11.074,2.0946,8.3506,81.1726
offload-residency-v1-performance,M03_optimizer_resident-r2,outputs/offload-residency-v1-performance/M03_optimizer_resident-r2,,ok,0,1785140132.8526652,1785140248.4527235,115.48534586280584,Qwen/Qwen2.5-0.5B-Instruct,2,5,,,,True,True,False,False,True,,,,,,,,,,,,False,False,False,5,,,,10.15,11.074,2.096,8.3184,79.78099999999999
offload-residency-v1-performance,M03_optimizer_resident-r3,outputs/offload-residency-v1-performance/M03_optimizer_resident-r3,,ok,0,1785140248.4540339,1785140364.7525074,116.1839336976409,Qwen/Qwen2.5-0.5B-Instruct,3,5,,,,True,True,False,False,True,,,,,,,,,,,,False,False,False,5,,,,10.15,11.074,2.157,8.363,81.0574
offload-residency-v1-performance,M04_activation_gpu-r1,outputs/offload-residency-v1-performance/M04_activation_gpu-r1,,ok,0,1785140364.7540593,1785140530.5461745,165.57725258544087,Qwen/Qwen2.5-0.5B-Instruct,1,5,,,,True,True,False,True,False,,,,,,,,,,,,False,False,False,5,,,,6.469,7.395,6.7132,12.9584,52.321
offload-residency-v1-performance,M04_activation_gpu-r2,outputs/offload-residency-v1-performance/M04_activation_gpu-r2,,ok,0,1785140530.547743,1785140697.5000274,166.78785269334912,Qwen/Qwen2.5-0.5B-Instruct,2,5,,,,True,True,False,True,False,,,,,,,,,,,,False,False,False,5,,,,6.469,7.395,6.7139999999999995,13.018,51.373599999999996
offload-residency-v1-performance,M04_activation_gpu-r3,outputs/offload-residency-v1-performance/M04_activation_gpu-r3,,ok,0,1785140697.50069,1785140861.0267055,163.51803662255406,Qwen/Qwen2.5-0.5B-Instruct,3,5,,,,True,True,False,True,False,,,,,,,,,,,,False,False,False,5,,,,6.469,7.395,6.6902,12.837,52.8164
offload-residency-v1-performance,M05_all_gpu-r1,outputs/offload-residency-v1-performance/M05_all_gpu-r1,,ok,0,1785140861.0274315,1785140958.4607222,97.31902967393398,Qwen/Qwen2.5-0.5B-Instruct,1,5,,,,False,False,False,False,False,,,,,,,,,,,,False,False,False,5,,,,11.0644,11.4446,1.4989999999999999,6.7196,100.8984
offload-residency-v1-performance,M05_all_gpu-r2,outputs/offload-residency-v1-performance/M05_all_gpu-r2,,ok,0,1785140958.4621093,1785141056.5434108,97.96661022305489,Qwen/Qwen2.5-0.5B-Instruct,2,5,,,,False,False,False,False,False,,,,,,,,,,,,False,False,False,5,,,,11.064,11.387,1.4547999999999999,6.6484000000000005,100.8
offload-residency-v1-performance,M05_all_gpu-r3,outputs/offload-residency-v1-performance/M05_all_gpu-r3,,ok,0,1785141056.544819,1785141153.7996547,97.14009406790137,Qwen/Qwen2.5-0.5B-Instruct,3,5,,,,False,False,False,False,False,,,,,,,,,,,,False,False,False,5,,,,11.0642,11.4022,1.4908,6.6952,101.2656
offload-residency-v1-smoke,M00_phase_min-r1,outputs/offload-residency-v1-smoke/M00_phase_min-r1,,ok,0,1785136256.7648644,1785136319.3628614,62.433698672801256,Qwen/Qwen2.5-0.5B-Instruct,1,0,,,,True,True,False,True,True,,,,,,,,,,,,True,False,False,2,,,,6.469,7.391,8.525,15.145999999999999,41.282
offload-residency-v1-smoke,M03_optimizer_resident-r1,outputs/offload-residency-v1-smoke/M03_optimizer_resident-r1,,ok,0,1785136319.36438,1785136368.8387935,49.30965605005622,Qwen/Qwen2.5-0.5B-Instruct,1,0,,,,True,True,False,False,True,,,,,,,,,,,,True,False,False,2,,,,9.684000000000001,11.074,2.1895,8.5885,72.2645
offload-residency-v1-smoke,M05_all_gpu-r1,outputs/offload-residency-v1-smoke/M05_all_gpu-r1,,ok,0,1785136368.8401332,1785136412.8250897,43.82018415257335,Qwen/Qwen2.5-0.5B-Instruct,1,0,,,,False,False,False,False,False,,,,,,,,,,,,True,False,False,2,,,,10.6015,10.788499999999999,1.4184999999999999,6.772,91.119
offload-residency-v2-performance,M00_grouped_min-r1,outputs/offload-residency-v2-performance/M00_grouped_min-r1,,ok,0,1785291085.0430675,1785291512.4123936,427.20497676357627,Qwen/Qwen2.5-0.5B-Instruct,1,5,,,,True,True,False,True,True,True,,,,,,,,,,,False,False,False,25,,,,6.469,7.391,7.14288,13.0518,51.5354
offload-residency-v2-performance,M00_grouped_min-r2,outputs/offload-residency-v2-performance/M00_grouped_min-r2,,ok,0,1785291512.4139628,1785291933.119679,420.4907197318971,Qwen/Qwen2.5-0.5B-Instruct,2,5,,,,True,True,False,True,True,True,,,,,,,,,,,False,False,False,25,,,,6.469,7.391,7.13748,12.86404,52.12856
offload-residency-v2-performance,M00_grouped_min-r3,outputs/offload-residency-v2-performance/M00_grouped_min-r3,,ok,0,1785291933.1211014,1785292357.1559258,423.8700216971338,Qwen/Qwen2.5-0.5B-Instruct,3,5,,,,True,True,False,True,True,True,,,,,,,,,,,False,False,False,25,,,,6.469,7.391,7.1486,13.02116,51.61428
offload-residency-v2-performance,M01_actor_resident_cpu_adam-r1,outputs/offload-residency-v2-performance/M01_actor_resident_cpu_adam-r1,,ok,0,1785292357.1591642,1785292764.0862436,406.8124371804297,Qwen/Qwen2.5-0.5B-Instruct,1,5,,,,False,True,False,True,True,False,,,,,,,,,,,False,False,False,25,,,,6.468,6.777,6.83492,12.329039999999999,54.21596
offload-residency-v2-performance,M01_actor_resident_cpu_adam-r2,outputs/offload-residency-v2-performance/M01_actor_resident_cpu_adam-r2,,ok,0,1785292764.0877082,1785293167.3969123,403.24455040320754,Qwen/Qwen2.5-0.5B-Instruct,2,5,,,,False,True,False,True,True,False,,,,,,,,,,,False,False,False,25,,,,6.468,6.777,6.8182,12.29008,54.05912
offload-residency-v2-performance,M01_actor_resident_cpu_adam-r3,outputs/offload-residency-v2-performance/M01_actor_resident_cpu_adam-r3,,ok,0,1785293167.3983452,1785293571.599745,404.03667587414384,Qwen/Qwen2.5-0.5B-Instruct,3,5,,,,False,True,False,True,True,False,,,,,,,,,,,False,False,False,25,,,,6.468,6.777,6.81156,12.30084,54.50068
offload-residency-v2-performance,M02_actor_resident_gpu_adam-r1,outputs/offload-residency-v2-performance/M02_actor_resident_gpu_adam-r1,,ok,0,1785293571.6011508,1785293850.0359948,278.2200667783618,Qwen/Qwen2.5-0.5B-Instruct,1,5,,,,False,True,True,False,True,False,,,,,,,,,,,False,False,False,25,,,,10.151,10.207,2.41,8.237,81.6624
offload-residency-v2-performance,M02_actor_resident_gpu_adam-r2,outputs/offload-residency-v2-performance/M02_actor_resident_gpu_adam-r2,,ok,0,1785293850.0375614,1785294128.743174,278.64088820666075,Qwen/Qwen2.5-0.5B-Instruct,2,5,,,,False,True,True,False,True,False,,,,,,,,,,,False,False,False,25,,,,10.151,10.207,2.435,8.27228,81.16008
offload-residency-v2-performance,M02_actor_resident_gpu_adam-r3,outputs/offload-residency-v2-performance/M02_actor_resident_gpu_adam-r3,,ok,0,1785295168.8007045,1785295445.2605853,276.3954064436257,Qwen/Qwen2.5-0.5B-Instruct,3,5,,,,False,True,True,False,True,False,,,,,,,,,,,False,False,False,25,,,,10.151,10.207,2.36404,8.16956,82.35748
offload-residency-v2-smoke,M00_grouped_min-r1,outputs/offload-residency-v2-smoke/M00_grouped_min-r1,,ok,0,1785290853.3392882,1785290914.4929698,60.98930297419429,Qwen/Qwen2.5-0.5B-Instruct,1,0,,,,True,True,False,True,True,True,,,,,,,,,,,True,False,False,2,,,,6.469,7.391,8.549,14.401,43.2325
offload-residency-v2-smoke,M01_actor_resident_cpu_adam-r1,outputs/offload-residency-v2-smoke/M01_actor_resident_cpu_adam-r1,,ok,0,1785290914.494969,1785290974.20066,59.68905660510063,Qwen/Qwen2.5-0.5B-Instruct,1,0,,,,False,True,False,True,True,False,,,,,,,,,,,True,False,False,2,,,,6.468,6.777,8.5275,14.1515,44.301500000000004
offload-residency-v2-smoke,M02_actor_resident_gpu_adam-r1,outputs/offload-residency-v2-smoke/M02_actor_resident_gpu_adam-r1,,ok,0,1785290974.2026608,1785291022.3081658,48.08905405551195,Qwen/Qwen2.5-0.5B-Instruct,1,0,,,,False,True,True,False,True,False,,,,,,,,,,,True,False,False,2,,,,9.6845,9.7185,2.8255,8.5135,72.9475
pa-activation-probe-fp32-v1,FP32-LATE-CCC-ACTOFF-r1,outputs/pa-activation-probe-fp32-v1/FP32-LATE-CCC-ACTOFF-r1,Phase offload / activation offload,failed,1,1786342011.282481,1786342043.6751084,32.22783996164799,Qwen/Qwen2.5-0.5B-Instruct,1,1,single_gpu_unwrapped,fp32,float32,True,True,True,False,True,,,,,,,,,,,,True,False,False,0,,,,,,,,
pa-activation-probe-fp32-v1,FP32-LATE-CCC-ACTON-r1,outputs/pa-activation-probe-fp32-v1/FP32-LATE-CCC-ACTON-r1,Phase offload / activation resident,ok,0,1786341961.1707437,1786342011.2810357,50.045963153243065,Qwen/Qwen2.5-0.5B-Instruct,1,1,single_gpu_unwrapped,fp32,float32,True,True,True,False,False,,,,,,,,,,,,True,False,False,1,0.065,0.201,0.173,8.405,8.793,2.479,7.45,88.86
pa-allocator-best-v1,PA-CUDAASYNC-TRIM-r1,outputs/pa-allocator-best-v1/PA-CUDAASYNC-TRIM-r1,PA-ASYNC / cudaMallocAsync / forward trim,ok,0,1786070309.7442532,1786070441.6760523,131.81681298837066,Qwen/Qwen2.5-0.5B-Instruct,1,2,single_gpu_unwrapped,fp16,,True,True,False,False,False,True,True,64,2,True,True,,,False,False,,True,False,False,5,0.0936,0.9524,5.0896,3.208,4.062,6.9378,13.3172,49.1434
pa-allocator-best-v1,PA-DIRECT1-EXPAND-r1,outputs/pa-allocator-best-v1/PA-DIRECT1-EXPAND-r1,PA-ASYNC / 1 MiB groups / expandable segments,ok,0,1786070057.7005203,1786070184.8919299,127.12659435719252,Qwen/Qwen2.5-0.5B-Instruct,1,2,single_gpu_unwrapped,fp16,,True,True,False,False,False,True,True,1,2,True,True,True,,False,False,,True,False,False,5,0.0822,1.1164,4.9878,3.208,3.473,6.8616,12.688,50.1266
pa-allocator-best-v1,PA-EXPAND-TRIM-r1,outputs/pa-allocator-best-v1/PA-EXPAND-TRIM-r1,PA-ASYNC / expandable segments / forward trim,ok,0,1786070184.893459,1786070309.742687,124.73346209153533,Qwen/Qwen2.5-0.5B-Instruct,1,2,single_gpu_unwrapped,fp16,,True,True,False,False,False,True,True,64,2,True,True,,,False,False,,True,False,False,5,0.0806,0.8796,4.4239999999999995,3.208,4.146,6.2444,12.0614,54.2526
pa-allocator-best-v1,PA-EXPAND-r1,outputs/pa-allocator-best-v1/PA-EXPAND-r1,PA-ASYNC / expandable segments,ok,0,1786069934.2398078,1786070057.6988137,123.29449489340186,Qwen/Qwen2.5-0.5B-Instruct,1,2,single_gpu_unwrapped,fp16,,True,True,False,False,False,True,True,64,2,True,True,,,False,False,,True,False,False,5,0.0912,0.926,4.435,3.208,3.5311999999999997,6.249,12.076,53.5854
pa-allocator-native-confirm,PA-NATIVE-r1,outputs/pa-allocator-native-confirm/PA-NATIVE-r1,PA-ASYNC / native allocator,ok,0,1786070548.722301,1786070676.2783153,127.39157131314278,Qwen/Qwen2.5-0.5B-Instruct,1,2,single_gpu_unwrapped,fp16,,True,True,False,False,False,True,True,64,2,True,True,,,False,False,,True,False,False,5,0.077,0.9222,4.9994000000000005,3.235,4.875,6.8436,12.7568,51.305
pa-allocator-opt-smoke,PA-CUDAASYNC-r1,outputs/pa-allocator-opt-smoke/PA-CUDAASYNC-r1,PA-ASYNC / cudaMallocAsync allocator,ok,0,1786068886.7305746,1786069013.2897785,126.49297583848238,Qwen/Qwen2.5-0.5B-Instruct,1,2,single_gpu_unwrapped,fp16,,True,True,False,False,False,True,True,64,2,True,True,,,False,False,,True,False,False,5,0.0854,0.9014,4.4188,3.208,4.062,6.1998,12.5882,51.9824
pa-allocator-opt-smoke,PA-DIRECT1-EXPAND-r1,outputs/pa-allocator-opt-smoke/PA-DIRECT1-EXPAND-r1,PA-ASYNC / 1 MiB groups / expandable segments,ok,0,1786069265.204122,1786069399.7924936,134.47400627285242,Qwen/Qwen2.5-0.5B-Instruct,1,2,single_gpu_unwrapped,fp16,,True,True,False,False,False,True,True,1,2,True,True,True,,False,False,,True,False,False,5,0.0922,1.3094000000000001,5.2216,3.208,3.473,7.4664,13.8806,47.162
pa-allocator-opt-smoke,PA-DIRECT1-TRIM-r1,outputs/pa-allocator-opt-smoke/PA-DIRECT1-TRIM-r1,PA-ASYNC / 1 MiB groups / forward segment trim,incomplete,,1786069399.7939858,,,Qwen/Qwen2.5-0.5B-Instruct,1,2,single_gpu_unwrapped,fp16,,True,True,False,False,False,True,True,1,2,True,True,True,,False,False,,True,False,False,5,0.099,1.2256,5.2374,3.236,4.76,7.5194,13.9024,47.0984
pa-allocator-opt-smoke,PA-DIRECT1-r1,outputs/pa-allocator-opt-smoke/PA-DIRECT1-r1,PA-ASYNC / 1 MiB groups / direct oversized-gradient D2H,ok,0,1786069140.335851,1786069265.2034857,124.83506603166461,Qwen/Qwen2.5-0.5B-Instruct,1,2,single_gpu_unwrapped,fp16,,True,True,False,False,False,True,True,1,2,True,True,True,,False,False,,True,False,False,5,0.079,1.1106,4.464,3.236,4.877,6.5144,12.309,53.1718
pa-allocator-opt-smoke,PA-EXPAND-r1,outputs/pa-allocator-opt-smoke/PA-EXPAND-r1,PA-ASYNC / expandable segments,ok,0,1786068760.8078427,1786068886.7289338,125.80638763681054,Qwen/Qwen2.5-0.5B-Instruct,1,2,single_gpu_unwrapped,fp16,,True,True,False,False,False,True,True,64,2,True,True,,,False,False,,True,False,False,5,0.0926,0.9244,4.7922,3.208,3.5118,6.4728,12.3044,53.2044
pa-allocator-opt-smoke,PA-FWD-TRIM-r1,outputs/pa-allocator-opt-smoke/PA-FWD-TRIM-r1,PA-ASYNC / release inactive forward segments,ok,0,1786069013.2909503,1786069140.334209,126.82869365438819,Qwen/Qwen2.5-0.5B-Instruct,1,2,single_gpu_unwrapped,fp16,,True,True,False,False,False,True,True,64,2,True,True,,,False,False,,True,False,False,5,0.0824,0.9268,4.9698,3.235,4.76,6.8346,12.618,51.8722
pa-allocator-opt-smoke,PA-NATIVE-r1,outputs/pa-allocator-opt-smoke/PA-NATIVE-r1,PA-ASYNC / native allocator,ok,0,1786068638.3578007,1786068760.8063598,122.33431476727128,Qwen/Qwen2.5-0.5B-Instruct,1,2,single_gpu_unwrapped,fp16,,True,True,False,False,False,True,True,64,2,True,True,,,False,False,,True,False,False,5,0.0822,0.905,4.4116,3.235,4.875,6.2336,11.876,54.4662
pa-allocator-opt-smoke-remain,PA-DIRECT1-EXPAND-r1,outputs/pa-allocator-opt-smoke-remain/PA-DIRECT1-EXPAND-r1,PA-ASYNC / 1 MiB groups / expandable segments,ok,0,1786069314.0903819,1786069450.1692371,136.0146679803729,Qwen/Qwen2.5-0.5B-Instruct,1,2,single_gpu_unwrapped,fp16,,True,True,False,False,False,True,True,1,2,True,True,True,,False,False,,True,False,False,5,0.0786,1.1832,5.3134,3.208,3.473,7.4504,13.7254,46.8414
pa-allocator-opt-smoke-remain,PA-DIRECT1-TRIM-r1,outputs/pa-allocator-opt-smoke-remain/PA-DIRECT1-TRIM-r1,PA-ASYNC / 1 MiB groups / forward segment trim,ok,0,1786069450.1708531,1786069584.4906497,134.20478692278266,Qwen/Qwen2.5-0.5B-Instruct,1,2,single_gpu_unwrapped,fp16,,True,True,False,False,False,True,True,1,2,True,True,True,,False,False,,True,False,False,5,0.0902,1.1416,5.1091999999999995,3.236,4.76,7.3494,13.281600000000001,49.306200000000004
pa-async-fixed2-memory-check,PA-ASYNC-FIXED2-r1,outputs/pa-async-fixed2-memory-check/PA-ASYNC-FIXED2-r1,Phase actor residency / two reusable GPU packing buffers,ok,0,1786064769.1502542,1786064845.318292,76.00373892858624,Qwen/Qwen2.5-0.5B-Instruct,1,1,single_gpu_unwrapped,fp16,,True,True,False,False,False,True,True,64,2,True,True,True,,False,False,,True,False,False,2,0.0825,0.802,5.003500000000001,3.36,5.0,6.74,12.561,50.15
pa-async-fixed2-quick,PA-ASYNC-FIXED2-r1,outputs/pa-async-fixed2-quick/PA-ASYNC-FIXED2-r1,Phase actor residency / two reusable GPU packing buffers,ok,0,1786064426.7331262,1786064552.5941944,125.82882905751467,Qwen/Qwen2.5-0.5B-Instruct,1,2,single_gpu_unwrapped,fp16,,True,True,False,False,False,True,True,64,2,True,True,True,,False,False,,True,False,False,5,0.08639999999999999,0.718,4.9988,3.36,5.0,6.6646,12.486,52.410000000000004
pa-async-quick,PA-ASYNC-r1,outputs/pa-async-quick/PA-ASYNC-r1,Phase actor residency / async D2H CPU Adam,ok,0,1786000519.005593,1786000646.23805,127.06793498620391,Qwen/Qwen2.5-0.5B-Instruct,1,2,single_gpu_unwrapped,fp16,,True,True,False,False,False,True,True,64,2,True,True,,,False,False,,True,False,False,5,0.1122,0.93,5.0214,3.235,4.875,6.9192,12.6892,51.1556
pa-capacity-fp32-qwen15b-bucket-sweep-v1,FP32-15B-CPU-STREAM08-S1-r1,outputs/pa-capacity-fp32-qwen15b-bucket-sweep-v1/FP32-15B-CPU-STREAM08-S1-r1,Qwen 1.5B FP32 CPU Adam / 8 MiB / one slot,ok,0,1786336377.0697477,1786337250.9705746,873.686042137444,Qwen/Qwen2.5-1.5B-Instruct,1,2,single_gpu_unwrapped,fp32,float32,True,True,False,False,False,True,True,8,1,True,True,True,,False,False,,True,False,False,30,0.0717,3.4529666666666667,12.590133333333334,8.377,10.113,18.0948,25.7179,25.895366666666668
pa-capacity-fp32-qwen15b-bucket-sweep-v1,FP32-15B-CPU-STREAM16-S1-r1,outputs/pa-capacity-fp32-qwen15b-bucket-sweep-v1/FP32-15B-CPU-STREAM16-S1-r1,Qwen 1.5B FP32 CPU Adam / 16 MiB / one slot,ok,0,1786337250.9732945,1786338118.269651,867.0811158083379,Qwen/Qwen2.5-1.5B-Instruct,1,2,single_gpu_unwrapped,fp32,float32,True,True,False,False,False,True,True,16,1,True,True,True,,False,False,,True,False,False,30,0.0759,3.1639333333333335,12.6341,8.385,10.125,17.83716666666667,25.497799999999998,26.223
pa-capacity-fp32-qwen15b-bucket-sweep-v1,FP32-15B-CPU-STREAM16-S1-r2,outputs/pa-capacity-fp32-qwen15b-bucket-sweep-v1/FP32-15B-CPU-STREAM16-S1-r2,Qwen 1.5B FP32 CPU Adam / 16 MiB / one slot,ok,0,1786348823.1702805,1786349689.4852066,866.1003393791616,Qwen/Qwen2.5-1.5B-Instruct,2,2,single_gpu_unwrapped,fp32,float32,True,True,False,False,False,True,True,16,1,True,True,True,,False,False,,True,False,False,30,0.09076666666666666,3.224833333333333,12.5635,8.385,10.125,17.84113333333333,25.475933333333334,26.046233333333333
pa-capacity-fp32-qwen15b-bucket-sweep-v1,FP32-15B-CPU-STREAM16-S1-r3,outputs/pa-capacity-fp32-qwen15b-bucket-sweep-v1/FP32-15B-CPU-STREAM16-S1-r3,Qwen 1.5B FP32 CPU Adam / 16 MiB / one slot,ok,0,1786349689.4869785,1786350554.1320713,864.4299467280507,Qwen/Qwen2.5-1.5B-Instruct,3,2,single_gpu_unwrapped,fp32,float32,True,True,False,False,False,True,True,16,1,True,True,True,,False,False,,True,False,False,30,0.06896666666666666,3.169366666666667,12.574233333333334,8.385,10.125,17.7997,25.398733333333332,26.269433333333332
pa-capacity-fp32-qwen15b-bucket-sweep-v1,FP32-15B-CPU-STREAM32-S1-r1,outputs/pa-capacity-fp32-qwen15b-bucket-sweep-v1/FP32-15B-CPU-STREAM32-S1-r1,Qwen 1.5B FP32 CPU Adam / 32 MiB / one slot,ok,0,1786338118.272328,1786338983.6432152,865.1556255444884,Qwen/Qwen2.5-1.5B-Instruct,1,2,single_gpu_unwrapped,fp32,float32,True,True,False,False,False,True,True,32,1,True,True,True,,False,False,,True,False,False,30,0.07416666666666667,3.081166666666667,12.580266666666667,8.397,10.135,17.70243333333333,25.451333333333334,26.270266666666668
pa-capacity-fp32-qwen15b-bucket-sweep-v1,FP32-15B-CPU-STREAM32-S1-r2,outputs/pa-capacity-fp32-qwen15b-bucket-sweep-v1/FP32-15B-CPU-STREAM32-S1-r2,Qwen 1.5B FP32 CPU Adam / 32 MiB / one slot,ok,0,1786350554.134372,1786351418.6994038,864.2996770404279,Qwen/Qwen2.5-1.5B-Instruct,2,2,single_gpu_unwrapped,fp32,float32,True,True,False,False,False,True,True,32,1,True,True,True,,False,False,,True,False,False,30,0.07163333333333334,3.1114,12.565166666666666,8.397,10.135,17.733666666666668,25.421766666666667,26.208466666666666
pa-capacity-fp32-qwen15b-bucket-sweep-v1,FP32-15B-CPU-STREAM32-S1-r3,outputs/pa-capacity-fp32-qwen15b-bucket-sweep-v1/FP32-15B-CPU-STREAM32-S1-r3,Qwen 1.5B FP32 CPU Adam / 32 MiB / one slot,ok,0,1786351418.7012093,1786352283.221633,864.3051873482764,Qwen/Qwen2.5-1.5B-Instruct,3,2,single_gpu_unwrapped,fp32,float32,True,True,False,False,False,True,True,32,1,True,True,True,,False,False,,True,False,False,30,0.0799,3.1183,12.593,8.397,10.135,17.763466666666666,25.36553333333333,26.32656666666667
pa-capacity-fp32-qwen15b-bucket-sweep-v1,FP32-15B-CPU-STREAM64-S1-r1,outputs/pa-capacity-fp32-qwen15b-bucket-sweep-v1/FP32-15B-CPU-STREAM64-S1-r1,Qwen 1.5B FP32 CPU Adam / 64 MiB / one slot,ok,0,1786338983.6469612,1786339844.9608054,861.0985465534031,Qwen/Qwen2.5-1.5B-Instruct,1,2,single_gpu_unwrapped,fp32,float32,True,True,False,False,False,True,True,64,1,True,True,True,,False,False,,True,False,False,30,0.07876666666666667,2.9185333333333334,12.575333333333333,8.438,10.176,17.539366666666666,25.301033333333333,26.4018
pa-capacity-fp32-qwen15b-bucket-sweep-v1,FP32-15B-CPU-STREAM64-S1-r2,outputs/pa-capacity-fp32-qwen15b-bucket-sweep-v1/FP32-15B-CPU-STREAM64-S1-r2,Qwen 1.5B FP32 CPU Adam / 64 MiB / one slot,ok,0,1786352283.2239327,1786353126.0995672,842.6604203917086,Qwen/Qwen2.5-1.5B-Instruct,2,2,single_gpu_unwrapped,fp32,float32,True,True,False,False,False,True,True,64,1,True,True,True,,False,False,,True,False,False,30,0.08123333333333334,2.4970333333333334,12.609833333333333,8.438,10.176,17.1549,24.7013,26.9418
pa-capacity-fp32-qwen15b-bucket-sweep-v1,FP32-15B-CPU-STREAM64-S1-r3,outputs/pa-capacity-fp32-qwen15b-bucket-sweep-v1/FP32-15B-CPU-STREAM64-S1-r3,Qwen 1.5B FP32 CPU Adam / 64 MiB / one slot,ok,0,1786353126.1012933,1786353982.561174,856.2446644902229,Qwen/Qwen2.5-1.5B-Instruct,3,2,single_gpu_unwrapped,fp32,float32,True,True,False,False,False,True,True,64,1,True,True,True,,False,False,,True,False,False,30,0.08693333333333333,2.8966333333333334,12.645466666666668,8.438,10.176,17.61103333333333,25.15983333333333,26.570933333333333
pa-capacity-fp32-qwen15b-bucket-sweep-v1,FP32-FINAL-CPU-STREAM128-S1-r1,outputs/pa-capacity-fp32-qwen15b-bucket-sweep-v1/FP32-FINAL-CPU-STREAM128-S1-r1,Partial Actor residency / CPU Adam / 128 MiB / one slot,ok,0,1786353982.623565,1786354844.843222,861.9551511220634,Qwen/Qwen2.5-1.5B-Instruct,1,2,single_gpu_unwrapped,fp32,float32,True,True,False,False,False,True,True,128,1,True,True,True,,False,False,,True,False,False,30,0.07933333333333334,2.8303333333333334,12.651233333333334,8.499,10.238,17.541633333333333,25.301,26.1912
pa-capacity-fp32-qwen15b-bucket-sweep-v1,FP32-FINAL-CPU-STREAM128-S1-r2,outputs/pa-capacity-fp32-qwen15b-bucket-sweep-v1/FP32-FINAL-CPU-STREAM128-S1-r2,Partial Actor residency / CPU Adam / 128 MiB / one slot,ok,0,1786354844.845104,1786355695.3862004,850.3260245546699,Qwen/Qwen2.5-1.5B-Instruct,2,2,single_gpu_unwrapped,fp32,float32,True,True,False,False,False,True,True,128,1,True,True,True,,False,False,,True,False,False,30,0.07753333333333334,2.7615666666666665,12.580333333333334,8.499,10.238,17.390033333333335,24.9526,26.728066666666667
pa-capacity-fp32-qwen15b-bucket-sweep-v1,FP32-FINAL-CPU-STREAM128-S1-r3,outputs/pa-capacity-fp32-qwen15b-bucket-sweep-v1/FP32-FINAL-CPU-STREAM128-S1-r3,Partial Actor residency / CPU Adam / 128 MiB / one slot,ok,0,1786355695.3871174,1786356550.784789,855.1831055022776,Qwen/Qwen2.5-1.5B-Instruct,3,2,single_gpu_unwrapped,fp32,float32,True,True,False,False,False,True,True,128,1,True,True,True,,False,False,,True,False,False,30,0.0719,2.8375666666666666,12.605266666666667,8.499,10.238,17.475833333333334,25.1244,26.602233333333334
pa-capacity-fp32-qwen15b-nostream-oom-snapshot-v1,FP32-15B-CPU-NOSTREAM-OOM-SNAPSHOT-r1,outputs/pa-capacity-fp32-qwen15b-nostream-oom-snapshot-v1/FP32-15B-CPU-NOSTREAM-OOM-SNAPSHOT-r1,Qwen 1.5B FP32 CPU Adam no-stream OOM snapshot,failed,1,1786335546.2170677,1786335606.8947837,60.46311878412962,Qwen/Qwen2.5-1.5B-Instruct,1,2,single_gpu_unwrapped,fp32,float32,True,True,False,False,False,True,False,,,False,False,,,False,False,,True,False,False,0,,,,,,,,
pa-capacity-fp32-qwen15b-nostream-oom-snapshot-v2,FP32-15B-CPU-NOSTREAM-OOM-SNAPSHOT-r1,outputs/pa-capacity-fp32-qwen15b-nostream-oom-snapshot-v2/FP32-15B-CPU-NOSTREAM-OOM-SNAPSHOT-r1,Qwen 1.5B FP32 CPU Adam no-stream OOM snapshot,failed,1,1786335903.7861454,1786335964.1560862,60.33776240050793,Qwen/Qwen2.5-1.5B-Instruct,1,2,single_gpu_unwrapped,fp32,float32,True,True,False,False,False,True,False,,,False,False,,,False,False,,True,False,False,0,,,,,,,,
pa-capacity-fp32-qwen15b-v1,FP32-FINAL-CPU-BEST-r1,outputs/pa-capacity-fp32-qwen15b-v1/FP32-FINAL-CPU-BEST-r1,Partial Actor residency / CPU Adam / 8 MiB / one slot,ok,0,1786327271.192116,1786328149.8237283,878.4170128442347,Qwen/Qwen2.5-1.5B-Instruct,1,2,single_gpu_unwrapped,fp32,float32,True,True,False,False,False,True,True,8,1,True,True,True,,False,False,,True,False,False,30,0.07686666666666667,3.4753,12.5232,8.377,10.113,18.052233333333334,25.804233333333332,25.899033333333335
pa-capacity-fp32-qwen15b-v1,FP32-FINAL-CPU-BEST-r2,outputs/pa-capacity-fp32-qwen15b-v1/FP32-FINAL-CPU-BEST-r2,Partial Actor residency / CPU Adam / 8 MiB / one slot,ok,0,1786328548.2924535,1786329418.0694203,869.6620377153158,Qwen/Qwen2.5-1.5B-Instruct,2,2,single_gpu_unwrapped,fp32,float32,True,True,False,False,False,True,True,8,1,True,True,True,,False,False,,True,False,False,30,0.08373333333333334,3.399966666666667,12.508833333333333,8.377,10.113,17.951366666666665,25.520933333333332,26.162833333333335
pa-capacity-fp32-qwen15b-v1,FP32-FINAL-CPU-BEST-r3,outputs/pa-capacity-fp32-qwen15b-v1/FP32-FINAL-CPU-BEST-r3,Partial Actor residency / CPU Adam / 8 MiB / one slot,ok,0,1786329418.0708604,1786330289.0517075,870.7662776112556,Qwen/Qwen2.5-1.5B-Instruct,3,2,single_gpu_unwrapped,fp32,float32,True,True,False,False,False,True,True,8,1,True,True,True,,False,False,,True,False,False,30,0.07456666666666667,3.4039,12.5297,8.377,10.113,17.984733333333335,25.626933333333334,26.0222
pa-capacity-fp32-qwen15b-v1,FP32-FINAL-CPU-NOSTREAM-r1,outputs/pa-capacity-fp32-qwen15b-v1/FP32-FINAL-CPU-NOSTREAM-r1,Partial Actor residency / CPU Adam / full GPU gradient,failed,1,1786334780.8514256,1786334833.5260234,52.56017165631056,Qwen/Qwen2.5-1.5B-Instruct,1,2,single_gpu_unwrapped,fp32,float32,True,True,False,False,False,True,False,,,False,False,,,False,False,,True,False,False,0,,,,,,,,
pa-capacity-fp32-qwen15b-v1,FP32-FINAL-GPU-OPT-r1,outputs/pa-capacity-fp32-qwen15b-v1/FP32-FINAL-GPU-OPT-r1,Partial Actor residency / Reference phase / GPU Adam,failed,1,1786328173.4557662,1786328216.5015593,42.88135078921914,Qwen/Qwen2.5-1.5B-Instruct,1,2,single_gpu_unwrapped,fp32,float32,True,True,False,False,False,True,,,,,,,,,,,True,False,False,0,,,,,,,,
pa-cpu-adam-all-phase-fp32-v1,FP32-ALL-PHASE-CPU-ADAM-r1,outputs/pa-cpu-adam-all-phase-fp32-v1/FP32-ALL-PHASE-CPU-ADAM-r1,All common state phase offload / CPU-resident Adam / CPU update,ok,0,1786348414.0487475,1786348776.882419,362.6186444759369,Qwen/Qwen2.5-0.5B-Instruct,1,2,single_gpu_unwrapped,fp32,float32,True,True,False,False,False,False,False,,,False,False,,,False,False,,True,False,False,30,0.06906666666666667,0.21413333333333331,4.059466666666666,4.721,5.039,4.9808666666666666,10.102433333333334,66.16683333333333
pa-cpu-adam-all-phase-fp32-v1,FP32-ALL-PHASE-GPU-ADAM-r1,outputs/pa-cpu-adam-all-phase-fp32-v1/FP32-ALL-PHASE-GPU-ADAM-r1,All common state phase offload / Adam swap / GPU update,ok,0,1786348158.9315608,1786348414.047105,254.90118026733398,Qwen/Qwen2.5-0.5B-Instruct,1,2,single_gpu_unwrapped,fp32,float32,True,True,True,False,False,False,,,,,,,,,,,True,False,False,30,0.06453333333333333,0.21683333333333332,0.1283,8.403,8.945,1.4185333333333334,6.781366666666667,98.34036666666667
pa-cpu-adam-isolation-fp32-v1,FP32-ALL-PHASE-CPU-ADAM-r1,outputs/pa-cpu-adam-isolation-fp32-v1/FP32-ALL-PHASE-CPU-ADAM-r1,All common state phase offload / CPU-resident Adam / CPU update,failed,1,1786347274.0625787,1786347278.243717,4.180428676307201,Qwen/Qwen2.5-0.5B-Instruct,1,2,single_gpu_unwrapped,fp32,float32,True,True,False,False,False,True,False,,,False,False,,,False,False,,True,False,False,0,,,,,,,,
pa-cpu-adam-isolation-fp32-v1,FP32-ALL-PHASE-GPU-ADAM-r1,outputs/pa-cpu-adam-isolation-fp32-v1/FP32-ALL-PHASE-GPU-ADAM-r1,All common state phase offload / Adam swap / GPU update,failed,1,1786347269.807214,1786347274.0619583,4.254129525274038,Qwen/Qwen2.5-0.5B-Instruct,1,2,single_gpu_unwrapped,fp32,float32,True,True,True,False,False,True,,,,,,,,,,,True,False,False,0,,,,,,,,
pa-cpu-adam-isolation-fp32-v2,FP32-ALL-PHASE-CPU-ADAM-r1,outputs/pa-cpu-adam-isolation-fp32-v2/FP32-ALL-PHASE-CPU-ADAM-r1,All common state phase offload / CPU-resident Adam / CPU update,ok,0,1786347614.5443463,1786347950.1708252,335.4116748943925,Qwen/Qwen2.5-0.5B-Instruct,1,2,single_gpu_unwrapped,fp32,float32,True,True,False,False,False,True,False,,,False,False,,,False,False,,True,False,False,30,0.07003333333333334,0.21636666666666665,3.6417,4.721,5.039,4.572166666666667,9.2303,71.97933333333333
pa-cpu-adam-isolation-fp32-v2,FP32-ALL-PHASE-GPU-ADAM-r1,outputs/pa-cpu-adam-isolation-fp32-v2/FP32-ALL-PHASE-GPU-ADAM-r1,All common state phase offload / Adam swap / GPU update,ok,0,1786347372.4301038,1786347614.5425937,241.94815299659967,Qwen/Qwen2.5-0.5B-Instruct,1,2,single_gpu_unwrapped,fp32,float32,True,True,True,False,False,True,,,,,,,,,,,True,False,False,30,0.0623,0.21806666666666666,0.1278,8.403,8.945,1.4168,6.411133333333334,104.28263333333334
pa-current-paired-quick-v1,NOSTREAM-CURRENT-QUICK-r1,outputs/pa-current-paired-quick-v1/NOSTREAM-CURRENT-QUICK-r1,No-stream current-code quick check,ok,0,1786585927.4738388,1786586256.4079535,328.86982921883464,Qwen/Qwen2.5-0.5B-Instruct,1,2,single_gpu_unwrapped,fp32,float32,True,True,False,False,False,True,False,,,False,False,,,False,False,False,False,False,False,28,0.06596428571428571,0.20932142857142857,3.5739285714285716,4.721,5.039,5.085571428571429,9.62807142857143,69.45925
pa-current-paired-quick-v1,STREAM16-S3-DIRECT-LAZY-r1,outputs/pa-current-paired-quick-v1/STREAM16-S3-DIRECT-LAZY-r1,16 MiB / 3 slots / direct CPU gradients / lazy packing buffers,ok,0,1786586438.3116326,1786586741.1650414,302.6389167532325,Qwen/Qwen2.5-0.5B-Instruct,1,2,single_gpu_unwrapped,fp32,float32,True,True,False,False,False,True,True,16,3,True,True,True,True,False,False,False,False,False,False,28,0.06475,0.2908928571428571,3.1542857142857144,3.4045714285714284,5.02,4.096892857142858,8.744392857142858,76.63707142857143
pa-final-qwen15b-best-v1,FINAL-CPU-BEST-r1,outputs/pa-final-qwen15b-best-v1/FINAL-CPU-BEST-r1,Phase residency / CPU Adam / 8 MiB async gradient streaming / one slot / expandable segments,failed,1,1786245789.3645544,1786245834.090649,44.66190264001489,Qwen/Qwen2.5-1.5B-Instruct,1,2,single_gpu_unwrapped,fp16,,True,True,False,False,False,True,True,8,1,True,True,True,,False,False,,True,False,False,0,,,,,,,,
pa-final-v1,FINAL-CPU-BEST-r1,outputs/pa-final-v1/FINAL-CPU-BEST-r1,Phase residency / CPU Adam / 8 MiB async gradient streaming / one slot / expandable segments,ok,0,1786087943.813897,1786088416.1280613,472.0991861447692,Qwen/Qwen2.5-0.5B-Instruct,1,5,single_gpu_unwrapped,fp16,,True,True,False,False,False,True,True,8,1,True,True,True,,False,False,,True,False,False,30,0.08393333333333333,0.9458,4.947533333333333,3.214,3.473,6.646733333333334,12.386433333333333,53.501866666666665
pa-final-v1,FINAL-CPU-BEST-r2,outputs/pa-final-v1/FINAL-CPU-BEST-r2,Phase residency / CPU Adam / 8 MiB async gradient streaming / one slot / expandable segments,ok,0,1786088416.1299193,1786088899.6875803,483.3424197025597,Qwen/Qwen2.5-0.5B-Instruct,2,5,single_gpu_unwrapped,fp16,,True,True,False,False,False,True,True,8,1,True,True,True,,False,False,,True,False,False,30,0.08410000000000001,0.9498333333333333,5.022833333333334,3.214,3.473,6.866533333333334,12.7084,52.163333333333334
pa-final-v1,FINAL-CPU-BEST-r3,outputs/pa-final-v1/FINAL-CPU-BEST-r3,Phase residency / CPU Adam / 8 MiB async gradient streaming / one slot / expandable segments,ok,0,1786088899.6891742,1786089378.9957812,479.191866658628,Qwen/Qwen2.5-0.5B-Instruct,3,5,single_gpu_unwrapped,fp16,,True,True,False,False,False,True,True,8,1,True,True,True,,False,False,,True,False,False,30,0.08593333333333333,0.9453666666666667,4.965566666666667,3.214,3.473,6.668066666666666,12.5976,52.63353333333333
pa-final-v1,FINAL-CPU-NOSTREAM-r1,outputs/pa-final-v1/FINAL-CPU-NOSTREAM-r1,Phase residency / CPU Adam / full GPU gradient / expandable segments,ok,0,1786085211.8110075,1786085668.207854,456.33205270394683,Qwen/Qwen2.5-0.5B-Instruct,1,5,single_gpu_unwrapped,fp16,,True,True,False,False,False,True,False,,,False,False,,,False,False,,True,False,False,30,0.0844,0.24843333333333334,5.290233333333333,4.206,4.342,6.237033333333334,11.911533333333333,55.829433333333334
pa-final-v1,FINAL-CPU-NOSTREAM-r2,outputs/pa-final-v1/FINAL-CPU-NOSTREAM-r2,Phase residency / CPU Adam / full GPU gradient / expandable segments,ok,0,1786085668.2094383,1786086107.6747518,439.2502502426505,Qwen/Qwen2.5-0.5B-Instruct,2,5,single_gpu_unwrapped,fp16,,True,True,False,False,False,True,False,,,False,False,,,False,False,,True,False,False,30,0.0896,0.25056666666666666,4.7665,4.206,4.342,5.7193,11.4448,58.1462
pa-final-v1,FINAL-CPU-NOSTREAM-r3,outputs/pa-final-v1/FINAL-CPU-NOSTREAM-r3,Phase residency / CPU Adam / full GPU gradient / expandable segments,ok,0,1786086107.676312,1786086554.2616494,446.4203332513571,Qwen/Qwen2.5-0.5B-Instruct,3,5,single_gpu_unwrapped,fp16,,True,True,False,False,False,True,False,,,False,False,,,False,False,,True,False,False,30,0.08376666666666667,0.25383333333333336,4.864566666666667,4.206,4.342,5.813466666666667,11.614066666666666,57.1972
pa-final-v1,FINAL-CPU-PARETO-r1,outputs/pa-final-v1/FINAL-CPU-PARETO-r1,Phase residency / CPU Adam / 32 MiB async gradient streaming / one slot / expandable segments,ok,0,1786089378.9974492,1786089838.9360433,459.7737906500697,Qwen/Qwen2.5-0.5B-Instruct,1,5,single_gpu_unwrapped,fp16,,True,True,False,False,False,True,True,32,1,True,True,True,,False,False,,True,False,False,30,0.08113333333333334,0.9011,4.549433333333333,3.231,3.492,6.203333333333333,11.963966666666666,55.537866666666666
pa-final-v1,FINAL-CPU-PARETO-r2,outputs/pa-final-v1/FINAL-CPU-PARETO-r2,Phase residency / CPU Adam / 32 MiB async gradient streaming / one slot / expandable segments,ok,0,1786089838.9375763,1786090312.6758773,473.6238551400602,Qwen/Qwen2.5-0.5B-Instruct,2,5,single_gpu_unwrapped,fp16,,True,True,False,False,False,True,True,32,1,True,True,True,,False,False,,True,False,False,30,0.08310000000000001,0.8836666666666667,4.9402,3.231,3.492,6.7123333333333335,12.396266666666667,53.67883333333333
pa-final-v1,FINAL-CPU-PARETO-r3,outputs/pa-final-v1/FINAL-CPU-PARETO-r3,Phase residency / CPU Adam / 32 MiB async gradient streaming / one slot / expandable segments,ok,0,1786090312.6775901,1786090789.6200385,476.72745049744844,Qwen/Qwen2.5-0.5B-Instruct,3,5,single_gpu_unwrapped,fp16,,True,True,False,False,False,True,True,32,1,True,True,True,,False,False,,True,False,False,30,0.08843333333333334,0.8741666666666666,5.007933333333333,3.231,3.492,6.638933333333333,12.519633333333333,52.758266666666664
pa-final-v1,FINAL-CPU-STREAM64-r1,outputs/pa-final-v1/FINAL-CPU-STREAM64-r1,Phase residency / CPU Adam / 64 MiB async gradient streaming / expandable segments,ok,0,1786086554.26321,1786087008.4825904,454.05451242253184,Qwen/Qwen2.5-0.5B-Instruct,1,5,single_gpu_unwrapped,fp16,,True,True,False,False,False,True,True,64,2,True,True,True,,False,False,,True,False,False,30,0.08196666666666666,0.7098,4.531133333333333,3.332,3.98,6.0244333333333335,11.799033333333334,56.422666666666665
pa-final-v1,FINAL-CPU-STREAM64-r2,outputs/pa-final-v1/FINAL-CPU-STREAM64-r2,Phase residency / CPU Adam / 64 MiB async gradient streaming / expandable segments,ok,0,1786087008.4843023,1786087468.0249996,459.4259161166847,Qwen/Qwen2.5-0.5B-Instruct,2,5,single_gpu_unwrapped,fp16,,True,True,False,False,False,True,True,64,2,True,True,True,,False,False,,True,False,False,30,0.08423333333333333,0.7193333333333333,4.3653,3.332,3.98,6.0130333333333335,11.9256,55.5853
pa-final-v1,FINAL-CPU-STREAM64-r3,outputs/pa-final-v1/FINAL-CPU-STREAM64-r3,Phase residency / CPU Adam / 64 MiB async gradient streaming / expandable segments,ok,0,1786087468.0260348,1786087943.8127275,475.72251914069057,Qwen/Qwen2.5-0.5B-Instruct,3,5,single_gpu_unwrapped,fp16,,True,True,False,False,False,True,True,64,2,True,True,True,,False,False,,True,False,False,30,0.08596666666666666,0.7216333333333333,5.029966666666667,3.332,3.98,6.682833333333333,12.4529,53.0827
pa-final-v1,FINAL-GPU-OPT-r1,outputs/pa-final-v1/FINAL-GPU-OPT-r1,Phase residency / GPU AdamW / expandable segments,ok,0,1786084395.6260982,1786084666.9714773,271.2811075784266,Qwen/Qwen2.5-0.5B-Instruct,1,5,single_gpu_unwrapped,fp16,,True,True,False,False,False,True,,,,,,,,,,,True,False,False,30,0.08556666666666667,0.24626666666666666,0.08036666666666667,8.392,8.582,1.0511666666666666,6.751566666666667,98.4244
pa-final-v1,FINAL-GPU-OPT-r2,outputs/pa-final-v1/FINAL-GPU-OPT-r2,Phase residency / GPU AdamW / expandable segments,ok,0,1786084666.9730425,1786084940.8819497,273.84444573894143,Qwen/Qwen2.5-0.5B-Instruct,2,5,single_gpu_unwrapped,fp16,,True,True,False,False,False,True,,,,,,,,,,,True,False,False,30,0.08633333333333333,0.2522,0.07916666666666666,8.392,8.582,1.0597,6.8355,97.08666666666667
pa-final-v1,FINAL-GPU-OPT-r3,outputs/pa-final-v1/FINAL-GPU-OPT-r3,Phase residency / GPU AdamW / expandable segments,ok,0,1786084940.8835187,1786085211.8094146,270.85973681882024,Qwen/Qwen2.5-0.5B-Instruct,3,5,single_gpu_unwrapped,fp16,,True,True,False,False,False,True,,,,,,,,,,,True,False,False,30,0.08703333333333334,0.26366666666666666,0.07933333333333334,8.392,8.582,1.0809,6.7722999999999995,98.0804
pa-late-gpu-adam-30steps-v1,FP32-LATE-CCC-r1,outputs/pa-late-gpu-adam-30steps-v1/FP32-LATE-CCC-r1,Actor phase / Reference phase / Adam just-in-time load,ok,0,1786433989.494793,1786434236.0573769,246.49761052802205,Qwen/Qwen2.5-0.5B-Instruct,1,2,single_gpu_unwrapped,fp32,float32,True,True,True,False,False,,,,,,,,,,,,True,False,False,30,0.061233333333333334,0.21226666666666666,0.1283,8.408,8.83,1.8084,6.787733333333334,98.49966666666667
pa-memory-sweep-v1,PA-MEM-B01-S1-r1,outputs/pa-memory-sweep-v1/PA-MEM-B01-S1-r1,PA memory sweep / 1 MiB / 1 D2H slot(s),ok,0,1786076312.6958842,1786076439.3479884,126.43770549446344,Qwen/Qwen2.5-0.5B-Instruct,1,2,single_gpu_unwrapped,fp16,,True,True,False,False,False,True,True,1,1,True,True,True,,False,False,,True,False,False,5,0.0816,1.1704,4.787,3.208,3.473,6.8516,12.6062,51.9198
pa-memory-sweep-v1,PA-MEM-B01-S2-r1,outputs/pa-memory-sweep-v1/PA-MEM-B01-S2-r1,PA memory sweep / 1 MiB / 2 D2H slot(s),ok,0,1786076439.3495836,1786076567.109293,127.72708624973893,Qwen/Qwen2.5-0.5B-Instruct,1,2,single_gpu_unwrapped,fp16,,True,True,False,False,False,True,True,1,2,True,True,True,,False,False,,True,False,False,5,0.081,1.1366,4.9954,3.208,3.473,6.8856,12.6046,51.9212
pa-memory-sweep-v1,PA-MEM-B04-S1-r1,outputs/pa-memory-sweep-v1/PA-MEM-B04-S1-r1,PA memory sweep / 4 MiB / 1 D2H slot(s),ok,0,1786076567.1107085,1786076694.9419029,127.66651853919029,Qwen/Qwen2.5-0.5B-Instruct,1,2,single_gpu_unwrapped,fp16,,True,True,False,False,False,True,True,4,1,True,True,True,,False,False,,True,False,False,5,0.0856,1.0062,5.0332,3.211,3.473,6.9412,12.8406,50.3822
pa-memory-sweep-v1,PA-MEM-B04-S2-r1,outputs/pa-memory-sweep-v1/PA-MEM-B04-S2-r1,PA memory sweep / 4 MiB / 2 D2H slot(s),ok,0,1786076694.9434364,1786076821.3718204,126.3622559979558,Qwen/Qwen2.5-0.5B-Instruct,1,2,single_gpu_unwrapped,fp16,,True,True,False,False,False,True,True,4,2,True,True,True,,False,False,,True,False,False,5,0.0818,1.0392,5.1242,3.214,3.473,6.917,12.6394,51.0442
pa-memory-sweep-v1,PA-MEM-B08-S1-r1,outputs/pa-memory-sweep-v1/PA-MEM-B08-S1-r1,PA memory sweep / 8 MiB / 1 D2H slot(s),ok,0,1786076821.3734415,1786076946.6225247,125.13427792862058,Qwen/Qwen2.5-0.5B-Instruct,1,2,single_gpu_unwrapped,fp16,,True,True,False,False,False,True,True,8,1,True,True,True,,False,False,,True,False,False,5,0.086,0.9736,4.9898,3.214,3.473,6.7174,12.4446,52.5812
pa-memory-sweep-v1,PA-MEM-B08-S2-r1,outputs/pa-memory-sweep-v1/PA-MEM-B08-S2-r1,PA memory sweep / 8 MiB / 2 D2H slot(s),ok,0,1786076946.6241803,1786077071.9281135,125.23914688080549,Qwen/Qwen2.5-0.5B-Instruct,1,2,single_gpu_unwrapped,fp16,,True,True,False,False,False,True,True,8,2,True,True,True,,False,False,,True,False,False,5,0.0782,0.9544,5.0422,3.221,3.473,6.7524,12.3956,52.7938
pa-memory-sweep-v1,PA-MEM-B16-S1-r1,outputs/pa-memory-sweep-v1/PA-MEM-B16-S1-r1,PA memory sweep / 16 MiB / 1 D2H slot(s),ok,0,1786077071.929645,1786077197.2914968,125.24710811302066,Qwen/Qwen2.5-0.5B-Instruct,1,2,single_gpu_unwrapped,fp16,,True,True,False,False,False,True,True,16,1,True,True,True,,False,False,,True,False,False,5,0.0814,0.9278000000000001,5.0148,3.214,3.473,6.7021999999999995,12.498,52.3608
pa-memory-sweep-v1,PA-MEM-B16-S2-r1,outputs/pa-memory-sweep-v1/PA-MEM-B16-S2-r1,PA memory sweep / 16 MiB / 2 D2H slot(s),ok,0,1786077197.2931929,1786077323.5389352,126.13084539026022,Qwen/Qwen2.5-0.5B-Instruct,1,2,single_gpu_unwrapped,fp16,,True,True,False,False,False,True,True,16,2,True,True,True,,False,False,,True,False,False,5,0.0814,0.9474,5.0432,3.221,3.473,6.8876,12.6406,51.769
pa-memory-sweep-v1,PA-MEM-B32-S1-r1,outputs/pa-memory-sweep-v1/PA-MEM-B32-S1-r1,PA memory sweep / 32 MiB / 1 D2H slot(s),ok,0,1786077323.540646,1786077444.6706438,121.0973151922226,Qwen/Qwen2.5-0.5B-Instruct,1,2,single_gpu_unwrapped,fp16,,True,True,False,False,False,True,True,32,1,True,True,True,,False,False,,True,False,False,5,0.0826,0.9108,4.3717999999999995,3.231,3.492,6.031,11.7798,55.5818
pa-memory-sweep-v1,PA-MEM-B32-S2-r1,outputs/pa-memory-sweep-v1/PA-MEM-B32-S2-r1,PA memory sweep / 32 MiB / 2 D2H slot(s),ok,0,1786077444.6721582,1786077566.553531,121.7167408131063,Qwen/Qwen2.5-0.5B-Instruct,1,2,single_gpu_unwrapped,fp16,,True,True,False,False,False,True,True,32,2,True,True,True,,False,False,,True,False,False,5,0.0834,0.822,4.4314,3.254,3.512,6.138,11.8856,54.3028
pa-memory-sweep-v1,PA-MEM-B64-S1-r1,outputs/pa-memory-sweep-v1/PA-MEM-B64-S1-r1,PA memory sweep / 64 MiB / 1 D2H slot(s),ok,0,1786077566.5552225,1786077691.173745,124.40352196991444,Qwen/Qwen2.5-0.5B-Instruct,1,2,single_gpu_unwrapped,fp16,,True,True,False,False,False,True,True,64,1,True,True,True,,False,False,,True,False,False,5,0.08399999999999999,0.726,4.999,3.27,3.531,6.605,12.3,53.196799999999996
pa-memory-sweep-v1,PA-MEM-B64-S2-r1,outputs/pa-memory-sweep-v1/PA-MEM-B64-S2-r1,PA memory sweep / 64 MiB / 2 D2H slot(s),ok,0,1786077691.1753223,1786077814.0886877,122.84865615516901,Qwen/Qwen2.5-0.5B-Instruct,1,2,single_gpu_unwrapped,fp16,,True,True,False,False,False,True,True,64,2,True,True,True,,False,False,,True,False,False,5,0.0776,0.719,4.705,3.332,3.98,6.369,12.0108,54.49
pa-optimized-bucket-sweep-v1,STREAM-OPT-B128-r1,outputs/pa-optimized-bucket-sweep-v1/STREAM-OPT-B128-r1,Optimized streaming / 128 MiB / 3 slots,ok,0,1786525043.8365455,1786525357.0465748,313.14528450369835,Qwen/Qwen2.5-0.5B-Instruct,1,2,single_gpu_unwrapped,fp32,float32,True,True,False,False,False,True,True,128,3,True,True,True,True,False,False,False,False,False,False,28,0.0655,0.2857857142857143,3.6798214285714286,3.735,5.381,4.632607142857143,9.353178571428572,71.11182142857143
pa-optimized-bucket-sweep-v1,STREAM-OPT-B128-r2,outputs/pa-optimized-bucket-sweep-v1/STREAM-OPT-B128-r2,Optimized streaming / 128 MiB / 3 slots,ok,0,1786525357.0481765,1786525668.9688284,311.80587911978364,Qwen/Qwen2.5-0.5B-Instruct,2,2,single_gpu_unwrapped,fp32,float32,True,True,False,False,False,True,True,128,3,True,True,True,True,False,False,False,False,False,False,28,0.06282142857142857,0.2879285714285714,3.692857142857143,3.735,5.381,4.644607142857143,9.316785714285714,71.81957142857142
pa-optimized-bucket-sweep-v1,STREAM-OPT-B128-r3,outputs/pa-optimized-bucket-sweep-v1/STREAM-OPT-B128-r3,Optimized streaming / 128 MiB / 3 slots,ok,0,1786525668.9703288,1786525979.6220007,310.5369245149195,Qwen/Qwen2.5-0.5B-Instruct,3,2,single_gpu_unwrapped,fp32,float32,True,True,False,False,False,True,True,128,3,True,True,True,True,False,False,False,False,False,False,28,0.06575,0.28635714285714287,3.692107142857143,3.735,5.381,4.645321428571428,9.268571428571429,72.21592857142858
pa-optimized-bucket-sweep-v1,STREAM-OPT-B16-r1,outputs/pa-optimized-bucket-sweep-v1/STREAM-OPT-B16-r1,Optimized streaming / 16 MiB / 3 slots,ok,0,1786522243.4856863,1786522552.503541,308.985775757581,Qwen/Qwen2.5-0.5B-Instruct,1,2,single_gpu_unwrapped,fp32,float32,True,True,False,False,False,True,True,16,3,True,True,True,True,False,False,False,False,False,False,28,0.06439285714285714,0.2875,3.673892857142857,3.402,5.037,4.610142857142857,9.199892857142856,72.89771428571429
pa-optimized-bucket-sweep-v1,STREAM-OPT-B16-r2,outputs/pa-optimized-bucket-sweep-v1/STREAM-OPT-B16-r2,Optimized streaming / 16 MiB / 3 slots,ok,0,1786522552.5044155,1786522862.3624415,309.7937390767038,Qwen/Qwen2.5-0.5B-Instruct,2,2,single_gpu_unwrapped,fp32,float32,True,True,False,False,False,True,True,16,3,True,True,True,True,False,False,False,False,False,False,28,0.06635714285714285,0.29657142857142854,3.6720357142857143,3.402,5.037,4.621714285714286,9.244464285714285,72.24607142857143
pa-optimized-bucket-sweep-v1,STREAM-OPT-B16-r3,outputs/pa-optimized-bucket-sweep-v1/STREAM-OPT-B16-r3,Optimized streaming / 16 MiB / 3 slots,ok,0,1786522862.3639624,1786523168.6893873,306.2607118152082,Qwen/Qwen2.5-0.5B-Instruct,3,2,single_gpu_unwrapped,fp32,float32,True,True,False,False,False,True,True,16,3,True,True,True,True,False,False,False,False,False,False,28,0.06428571428571428,0.28885714285714287,3.6796785714285716,3.402,5.037,4.618321428571429,9.119,73.54282142857143
pa-optimized-bucket-sweep-v1,STREAM-OPT-B256-r1,outputs/pa-optimized-bucket-sweep-v1/STREAM-OPT-B256-r1,Optimized streaming / 256 MiB / 3 slots,ok,0,1786525979.6235197,1786526277.4210358,297.6326157525182,Qwen/Qwen2.5-0.5B-Instruct,1,2,single_gpu_unwrapped,fp32,float32,True,True,False,False,False,True,True,256,3,True,True,True,True,False,False,False,False,False,False,28,0.06264285714285714,0.2874285714285714,3.2005,4.119,5.766,4.1504642857142855,8.809035714285715,76.17375
pa-optimized-bucket-sweep-v1,STREAM-OPT-B256-r2,outputs/pa-optimized-bucket-sweep-v1/STREAM-OPT-B256-r2,Optimized streaming / 256 MiB / 3 slots,ok,0,1786526277.4226687,1786526588.8732307,311.23549968749285,Qwen/Qwen2.5-0.5B-Instruct,2,2,single_gpu_unwrapped,fp32,float32,True,True,False,False,False,True,True,256,3,True,True,True,True,False,False,False,False,False,False,28,0.06764285714285714,0.2941785714285714,3.6943571428571427,4.119,5.766,4.65725,9.290857142857144,71.65732142857144
pa-optimized-bucket-sweep-v1,STREAM-OPT-B256-r3,outputs/pa-optimized-bucket-sweep-v1/STREAM-OPT-B256-r3,Optimized streaming / 256 MiB / 3 slots,ok,0,1786526588.8748457,1786526901.0297813,311.93991473689675,Qwen/Qwen2.5-0.5B-Instruct,3,2,single_gpu_unwrapped,fp32,float32,True,True,False,False,False,True,True,256,3,True,True,True,True,False,False,False,False,False,False,28,0.062357142857142854,0.29210714285714284,3.67575,4.119,5.766,4.632821428571429,9.317928571428572,71.97710714285714
pa-optimized-bucket-sweep-v1,STREAM-OPT-B32-r1,outputs/pa-optimized-bucket-sweep-v1/STREAM-OPT-B32-r1,Optimized streaming / 32 MiB / 3 slots,ok,0,1786523168.6910374,1786523479.7792435,311.0235250927508,Qwen/Qwen2.5-0.5B-Instruct,1,2,single_gpu_unwrapped,fp32,float32,True,True,False,False,False,True,True,32,3,True,True,True,True,False,False,False,False,False,False,28,0.06746428571428571,0.29364285714285715,3.67325,3.451,5.09,4.623428571428572,9.284142857142857,71.76182142857142
pa-optimized-bucket-sweep-v1,STREAM-OPT-B32-r2,outputs/pa-optimized-bucket-sweep-v1/STREAM-OPT-B32-r2,Optimized streaming / 32 MiB / 3 slots,ok,0,1786523479.7807727,1786523788.4716716,308.47587798163295,Qwen/Qwen2.5-0.5B-Instruct,2,2,single_gpu_unwrapped,fp32,float32,True,True,False,False,False,True,True,32,3,True,True,True,True,False,False,False,False,False,False,28,0.05903571428571428,0.29107142857142854,3.686035714285714,3.451,5.09,4.629464285714286,9.176642857142857,72.95132142857143
pa-optimized-bucket-sweep-v1,STREAM-OPT-B32-r3,outputs/pa-optimized-bucket-sweep-v1/STREAM-OPT-B32-r3,Optimized streaming / 32 MiB / 3 slots,ok,0,1786523788.475035,1786524098.3293383,309.6894035153091,Qwen/Qwen2.5-0.5B-Instruct,3,2,single_gpu_unwrapped,fp32,float32,True,True,False,False,False,True,True,32,3,True,True,True,True,False,False,False,False,False,False,28,0.06575,0.297,3.6743928571428572,3.451,5.09,4.621785714285714,9.235928571428571,72.30057142857143
pa-optimized-bucket-sweep-v1,STREAM-OPT-B512-r1,outputs/pa-optimized-bucket-sweep-v1/STREAM-OPT-B512-r1,Optimized streaming / 512 MiB / 3 slots,ok,0,1786526901.0313234,1786527212.7034109,311.6393196731806,Qwen/Qwen2.5-0.5B-Instruct,1,2,single_gpu_unwrapped,fp32,float32,True,True,False,False,False,True,True,512,3,True,True,True,True,False,False,False,False,False,False,28,0.06514285714285714,0.2953571428571428,3.6838928571428573,5.126,6.537,4.696464285714286,9.311785714285714,71.33414285714285
pa-optimized-bucket-sweep-v1,STREAM-OPT-B512-r2,outputs/pa-optimized-bucket-sweep-v1/STREAM-OPT-B512-r2,Optimized streaming / 512 MiB / 3 slots,ok,0,1786527212.7042923,1786527523.845413,310.9265257976949,Qwen/Qwen2.5-0.5B-Instruct,2,2,single_gpu_unwrapped,fp32,float32,True,True,False,False,False,True,True,512,3,True,True,True,True,False,False,False,False,False,False,28,0.061714285714285715,0.2951785714285714,3.6807499999999997,5.126,6.537,4.689785714285715,9.270607142857143,72.15025
pa-optimized-bucket-sweep-v1,STREAM-OPT-B512-r3,outputs/pa-optimized-bucket-sweep-v1/STREAM-OPT-B512-r3,Optimized streaming / 512 MiB / 3 slots,ok,0,1786527523.8470068,1786527835.8048415,311.7428822107613,Qwen/Qwen2.5-0.5B-Instruct,3,2,single_gpu_unwrapped,fp32,float32,True,True,False,False,False,True,True,512,3,True,True,True,True,False,False,False,False,False,False,28,0.06982142857142858,0.2929285714285714,3.6775714285714285,5.126,6.537,4.685,9.312321428571428,71.81171428571429
pa-optimized-bucket-sweep-v1,STREAM-OPT-B64-r1,outputs/pa-optimized-bucket-sweep-v1/STREAM-OPT-B64-r1,Optimized streaming / 64 MiB / 3 slots,ok,0,1786524098.3308733,1786524410.3540556,311.80811519920826,Qwen/Qwen2.5-0.5B-Instruct,1,2,single_gpu_unwrapped,fp32,float32,True,True,False,False,False,True,True,64,3,True,True,True,True,False,False,False,False,False,False,28,0.06471428571428571,0.28667857142857145,3.738142857142857,3.568,5.207,4.686464285714286,9.29732142857143,72.13107142857143
pa-optimized-bucket-sweep-v1,STREAM-OPT-B64-r2,outputs/pa-optimized-bucket-sweep-v1/STREAM-OPT-B64-r2,Optimized streaming / 64 MiB / 3 slots,ok,0,1786524410.355595,1786524732.848344,322.3780306726694,Qwen/Qwen2.5-0.5B-Instruct,2,2,single_gpu_unwrapped,fp32,float32,True,True,False,False,False,True,True,64,3,True,True,True,True,False,False,False,False,False,False,28,0.07353571428571429,0.28946428571428573,3.7480714285714285,3.568,5.207,4.765,9.566178571428571,70.122
pa-optimized-bucket-sweep-v1,STREAM-OPT-B64-r3,outputs/pa-optimized-bucket-sweep-v1/STREAM-OPT-B64-r3,Optimized streaming / 64 MiB / 3 slots,ok,0,1786524732.8499525,1786525043.8349822,310.71999238058925,Qwen/Qwen2.5-0.5B-Instruct,3,2,single_gpu_unwrapped,fp32,float32,True,True,False,False,False,True,True,64,3,True,True,True,True,False,False,False,False,False,False,28,0.06457142857142857,0.2877142857142857,3.689285714285714,3.568,5.207,4.632464285714286,9.277392857142857,72.04760714285715
pa-part-expand-control,PA-PART-EXPAND-r1,outputs/pa-part-expand-control/PA-PART-EXPAND-r1,Phase actor residency / no streaming / expandable segments,ok,0,1786070846.967202,1786070968.820108,121.63823618367314,Qwen/Qwen2.5-0.5B-Instruct,1,2,single_gpu_unwrapped,fp16,,True,True,False,False,False,True,False,,,False,False,,,False,False,,True,False,False,5,0.1126,0.2418,5.05,4.206,4.342,6.0264,11.9748,53.9354
pa-phase-local-peak-backward-lazy-v1,FP32-FINAL-CPU-STREAM64-S1-r1,outputs/pa-phase-local-peak-backward-lazy-v1/FP32-FINAL-CPU-STREAM64-S1-r1,Partial Actor residency / CPU Adam / 64 MiB / one slot,ok,0,1786357574.2956643,1786357672.4786923,98.01846259459853,Qwen/Qwen2.5-0.5B-Instruct,1,2,single_gpu_unwrapped,fp32,float32,True,True,False,False,False,True,True,64,1,True,True,True,,False,False,,True,False,False,4,0.05525,0.69025,3.626,2.365,5.082,5.21525,9.79775,65.1085
pa-phase-local-peak-lazy-buffer-v1,FP32-FINAL-CPU-STREAM64-S1-r1,outputs/pa-phase-local-peak-lazy-buffer-v1/FP32-FINAL-CPU-STREAM64-S1-r1,Partial Actor residency / CPU Adam / 64 MiB / one slot,ok,0,1786357198.5709133,1786357291.4812062,92.69559401646256,Qwen/Qwen2.5-0.5B-Instruct,1,2,single_gpu_unwrapped,fp32,float32,True,True,False,False,False,True,True,64,1,True,True,True,,False,False,,True,False,False,4,0.05625,0.70075,3.8195,2.365,5.082,5.42625,10.06025,62.9195
pa-phase-local-peak-nostream-v1,FP32-FINAL-CPU-NOSTREAM-r1,outputs/pa-phase-local-peak-nostream-v1/FP32-FINAL-CPU-NOSTREAM-r1,Partial Actor residency / CPU Adam / full GPU gradient,ok,0,1786359057.4428747,1786359147.3255084,89.85028036683798,Qwen/Qwen2.5-0.5B-Instruct,1,2,single_gpu_unwrapped,fp32,float32,True,True,False,False,False,True,False,,,False,False,,,False,False,,True,False,False,4,0.09725,0.20975,4.079750000000001,4.213,5.039,5.0405,9.70675,65.965
pa-phase-local-peak-nostream-v2,FP32-FINAL-CPU-NOSTREAM-r1,outputs/pa-phase-local-peak-nostream-v2/FP32-FINAL-CPU-NOSTREAM-r1,Partial Actor residency / CPU Adam / full GPU gradient,failed,1,1786508422.300659,1786508552.7453842,130.3286941535771,Qwen/Qwen2.5-0.5B-Instruct,1,2,single_gpu_unwrapped,fp32,float32,True,True,False,False,False,True,False,,,False,False,,,False,False,,True,False,False,4,0.08975,0.212,4.15125,4.721,5.039,5.093,9.76775,65.18125
pa-phase-local-peak-nostream-v3,FP32-FINAL-CPU-NOSTREAM-r1,outputs/pa-phase-local-peak-nostream-v3/FP32-FINAL-CPU-NOSTREAM-r1,Partial Actor residency / CPU Adam / full GPU gradient,failed,1,1786508712.8003595,1786508835.9013703,122.93516524881124,Qwen/Qwen2.5-0.5B-Instruct,1,2,single_gpu_unwrapped,fp32,float32,True,True,False,False,False,True,False,,,False,False,,,False,False,,True,False,False,4,0.1175,0.2055,4.095750000000001,3.705,5.039,5.056,9.69625,66.73525000000001
pa-phase-local-peak-nostream-v4,FP32-FINAL-CPU-NOSTREAM-r1,outputs/pa-phase-local-peak-nostream-v4/FP32-FINAL-CPU-NOSTREAM-r1,Partial Actor residency / CPU Adam / full GPU gradient,ok,0,1786509683.5683324,1786510013.758984,330.15857871621847,Qwen/Qwen2.5-0.5B-Instruct,1,2,single_gpu_unwrapped,fp32,float32,True,True,False,False,False,True,False,,,False,False,,,False,False,,True,False,False,28,0.06271428571428571,0.20982142857142858,3.5589285714285714,2.365,5.039,5.041071428571429,9.638214285714286,69.58017857142858
pa-phase-local-peak-v1,FP32-FINAL-CPU-STREAM64-S1-r1,outputs/pa-phase-local-peak-v1/FP32-FINAL-CPU-STREAM64-S1-r1,Partial Actor residency / CPU Adam / 64 MiB / one slot,ok,0,1786356619.2756433,1786356711.8025465,92.41273365914822,Qwen/Qwen2.5-0.5B-Instruct,1,2,single_gpu_unwrapped,fp32,float32,True,True,False,False,False,True,True,64,1,True,True,True,,False,False,,True,False,False,4,0.06275,0.71425,3.8,2.428,5.082,5.413,10.007,64.656
pa-repro-fp32-bucket-extra-v1,FP32-FINAL-CPU-STREAM128-S1-r1,outputs/pa-repro-fp32-bucket-extra-v1/FP32-FINAL-CPU-STREAM128-S1-r1,Partial Actor residency / CPU Adam / 128 MiB / one slot,ok,0,1786345368.379473,1786345718.429789,349.9353770650923,Qwen/Qwen2.5-0.5B-Instruct,1,2,single_gpu_unwrapped,fp32,float32,True,True,False,False,False,True,True,128,1,True,True,True,,False,False,,True,False,False,30,0.0587,0.6637666666666666,3.712833333333333,3.499,5.143,5.291666666666667,9.912966666666668,67.274
pa-repro-fp32-bucket-extra-v1,FP32-FINAL-CPU-STREAM128-S1-r2,outputs/pa-repro-fp32-bucket-extra-v1/FP32-FINAL-CPU-STREAM128-S1-r2,Partial Actor residency / CPU Adam / 128 MiB / one slot,ok,0,1786345718.4313543,1786346068.4083133,349.76197484880686,Qwen/Qwen2.5-0.5B-Instruct,2,2,single_gpu_unwrapped,fp32,float32,True,True,False,False,False,True,True,128,1,True,True,True,,False,False,,True,False,False,30,0.06333333333333334,0.6745,3.7212,3.499,5.143,5.305733333333333,9.904866666666667,67.27786666666667
pa-repro-fp32-bucket-extra-v1,FP32-FINAL-CPU-STREAM128-S1-r3,outputs/pa-repro-fp32-bucket-extra-v1/FP32-FINAL-CPU-STREAM128-S1-r3,Partial Actor residency / CPU Adam / 128 MiB / one slot,ok,0,1786346068.4098592,1786346422.891256,354.36662063747644,Qwen/Qwen2.5-0.5B-Instruct,3,2,single_gpu_unwrapped,fp32,float32,True,True,False,False,False,True,True,128,1,True,True,True,,False,False,,True,False,False,30,0.06293333333333333,0.6856666666666666,3.7231,3.499,5.143,5.325433333333334,10.063233333333333,66.27046666666666
pa-repro-fp32-bucket-extra-v1,FP32-FINAL-CPU-STREAM16-S1-r1,outputs/pa-repro-fp32-bucket-extra-v1/FP32-FINAL-CPU-STREAM16-S1-r1,Partial Actor residency / CPU Adam / 16 MiB / one slot,ok,0,1786344293.4718735,1786344653.7708223,360.0844091027975,Qwen/Qwen2.5-0.5B-Instruct,1,2,single_gpu_unwrapped,fp32,float32,True,True,False,False,False,True,True,16,1,True,True,True,,False,False,,True,False,False,30,0.060033333333333334,0.9279666666666667,3.7171,3.388,5.02,5.555933333333333,10.243233333333334,65.1292
pa-repro-fp32-bucket-extra-v1,FP32-FINAL-CPU-STREAM16-S1-r2,outputs/pa-repro-fp32-bucket-extra-v1/FP32-FINAL-CPU-STREAM16-S1-r2,Partial Actor residency / CPU Adam / 16 MiB / one slot,ok,0,1786344653.7723908,1786345006.4587219,352.65364898368716,Qwen/Qwen2.5-0.5B-Instruct,2,2,single_gpu_unwrapped,fp32,float32,True,True,False,False,False,True,True,16,1,True,True,True,,False,False,,True,False,False,30,0.059533333333333334,0.9281333333333334,3.6876333333333333,3.388,5.02,5.3805,10.006366666666667,66.4838
pa-repro-fp32-bucket-extra-v1,FP32-FINAL-CPU-STREAM16-S1-r3,outputs/pa-repro-fp32-bucket-extra-v1/FP32-FINAL-CPU-STREAM16-S1-r3,Partial Actor residency / CPU Adam / 16 MiB / one slot,ok,0,1786345006.4602642,1786345368.3778512,361.7011994123459,Qwen/Qwen2.5-0.5B-Instruct,3,2,single_gpu_unwrapped,fp32,float32,True,True,False,False,False,True,True,16,1,True,True,True,,False,False,,True,False,False,30,0.06246666666666666,0.9365333333333333,3.7207333333333334,3.388,5.02,5.5614,10.287066666666666,64.6715
pa-repro-fp32-late-optimizer-smoke,FP32-LATE-CCC-r1,outputs/pa-repro-fp32-late-optimizer-smoke/FP32-LATE-CCC-r1,Actor phase / Reference phase / Adam just-in-time load,failed,1,1786341282.2468822,1786341286.5038786,4.256386749446392,Qwen/Qwen2.5-0.5B-Instruct,1,0,single_gpu_unwrapped,fp32,float32,True,True,True,False,False,,,,,,,,,,,,True,False,False,0,,,,,,,,
pa-repro-fp32-late-optimizer-smoke-v2,FP32-LATE-CCC-r1,outputs/pa-repro-fp32-late-optimizer-smoke-v2/FP32-LATE-CCC-r1,Actor phase / Reference phase / Adam just-in-time load,ok,0,1786341326.1752157,1786341376.2065492,49.91707709431648,Qwen/Qwen2.5-0.5B-Instruct,1,0,single_gpu_unwrapped,fp32,float32,True,True,True,False,False,,,,,,,,,,,,True,False,False,2,0.064,0.2405,0.148,8.4055,8.8135,2.9195,8.0495,77.4405
pa-repro-fp32-late-optimizer-smoke-v2,FP32-LATE-GGG-r1,outputs/pa-repro-fp32-late-optimizer-smoke-v2/FP32-LATE-GGG-r1,Actor GPU / Reference GPU / Adam GPU,ok,0,1786341570.3497446,1786341610.9151993,40.40123864263296,Qwen/Qwen2.5-0.5B-Instruct,1,0,single_gpu_unwrapped,fp32,float32,False,False,False,False,False,,,,,,,,,,,,True,False,False,2,0.0525,0.23800000000000002,0.10900000000000001,10.245000000000001,10.8975,0.5725,4.6005,134.3905
pa-repro-fp32-v1,FP32-FINAL-CPU-BEST-r1,outputs/pa-repro-fp32-v1/FP32-FINAL-CPU-BEST-r1,Partial Actor residency / CPU Adam / 8 MiB / one slot,ok,0,1786255497.9151988,1786255854.3409035,356.3107154890895,Qwen/Qwen2.5-0.5B-Instruct,1,2,single_gpu_unwrapped,fp32,float32,True,True,False,False,False,True,True,8,1,True,True,True,,False,False,,True,False,False,30,0.06426666666666667,0.9037666666666667,3.6906666666666665,3.388,5.02,5.506066666666666,10.122033333333333,66.04986666666666
pa-repro-fp32-v1,FP32-FINAL-CPU-BEST-r2,outputs/pa-repro-fp32-v1/FP32-FINAL-CPU-BEST-r2,Partial Actor residency / CPU Adam / 8 MiB / one slot,ok,0,1786255854.3424635,1786256211.5047014,357.0975712798536,Qwen/Qwen2.5-0.5B-Instruct,2,2,single_gpu_unwrapped,fp32,float32,True,True,False,False,False,True,True,8,1,True,True,True,,False,False,,True,False,False,30,0.06076666666666667,0.9311,3.680633333333333,3.388,5.02,5.5222,10.148966666666666,65.87236666666666
pa-repro-fp32-v1,FP32-FINAL-CPU-BEST-r3,outputs/pa-repro-fp32-v1/FP32-FINAL-CPU-BEST-r3,Partial Actor residency / CPU Adam / 8 MiB / one slot,ok,0,1786256211.5066624,1786256571.6251428,360.00368408486247,Qwen/Qwen2.5-0.5B-Instruct,3,2,single_gpu_unwrapped,fp32,float32,True,True,False,False,False,True,True,8,1,True,True,True,,False,False,,True,False,False,30,0.06143333333333333,0.9301333333333334,3.7014666666666667,3.388,5.02,5.5344999999999995,10.256166666666667,64.74756666666667
pa-repro-fp32-v1,FP32-FINAL-CPU-NOSTREAM-r1,outputs/pa-repro-fp32-v1/FP32-FINAL-CPU-NOSTREAM-r1,Partial Actor residency / CPU Adam / full GPU gradient,ok,0,1786253411.9785218,1786253754.0789683,342.0356777012348,Qwen/Qwen2.5-0.5B-Instruct,1,2,single_gpu_unwrapped,fp32,float32,True,True,False,False,False,True,False,,,False,False,,,False,False,,True,False,False,30,0.06686666666666667,0.21396666666666667,4.006966666666667,4.721,5.039,4.9232,9.680933333333334,68.6732
pa-repro-fp32-v1,FP32-FINAL-CPU-NOSTREAM-r2,outputs/pa-repro-fp32-v1/FP32-FINAL-CPU-NOSTREAM-r2,Partial Actor residency / CPU Adam / full GPU gradient,ok,0,1786253754.0806222,1786254098.993816,344.7482854090631,Qwen/Qwen2.5-0.5B-Instruct,2,2,single_gpu_unwrapped,fp32,float32,True,True,False,False,False,True,False,,,False,False,,,False,False,,True,False,False,30,0.0665,0.21233333333333332,4.0737,4.721,5.039,4.986233333333334,9.7201,68.2107
pa-repro-fp32-v1,FP32-FINAL-CPU-NOSTREAM-r3,outputs/pa-repro-fp32-v1/FP32-FINAL-CPU-NOSTREAM-r3,Partial Actor residency / CPU Adam / full GPU gradient,ok,0,1786254098.995398,1786254435.5740395,336.46384658664465,Qwen/Qwen2.5-0.5B-Instruct,3,2,single_gpu_unwrapped,fp32,float32,True,True,False,False,False,True,False,,,False,False,,,False,False,,True,False,False,30,0.06706666666666666,0.21303333333333332,4.012266666666667,4.721,5.039,4.929766666666667,9.5256,69.4644
pa-repro-fp32-v1,FP32-FINAL-CPU-PARETO-r1,outputs/pa-repro-fp32-v1/FP32-FINAL-CPU-PARETO-r1,Partial Actor residency / CPU Adam / 32 MiB / one slot,ok,0,1786256571.6268024,1786256932.0754237,360.4160098955035,Qwen/Qwen2.5-0.5B-Instruct,1,2,single_gpu_unwrapped,fp32,float32,True,True,False,False,False,True,True,32,1,True,True,True,,False,False,,True,False,False,30,0.06196666666666667,0.8788,3.7034333333333334,3.404,5.043,5.4877666666666665,10.252433333333332,65.095
pa-repro-fp32-v1,FP32-FINAL-CPU-PARETO-r2,outputs/pa-repro-fp32-v1/FP32-FINAL-CPU-PARETO-r2,Partial Actor residency / CPU Adam / 32 MiB / one slot,ok,0,1786256932.0763178,1786257290.878481,358.7377710416913,Qwen/Qwen2.5-0.5B-Instruct,2,2,single_gpu_unwrapped,fp32,float32,True,True,False,False,False,True,True,32,1,True,True,True,,False,False,,True,False,False,30,0.05996666666666667,0.8750333333333333,3.6899333333333333,3.404,5.043,5.4799,10.2005,65.51466666666667
pa-repro-fp32-v1,FP32-FINAL-CPU-PARETO-r3,outputs/pa-repro-fp32-v1/FP32-FINAL-CPU-PARETO-r3,Partial Actor residency / CPU Adam / 32 MiB / one slot,ok,0,1786257290.879237,1786257644.22801,353.1342764124274,Qwen/Qwen2.5-0.5B-Instruct,3,2,single_gpu_unwrapped,fp32,float32,True,True,False,False,False,True,True,32,1,True,True,True,,False,False,,True,False,False,30,0.06453333333333333,0.8523999999999999,3.6879,3.404,5.043,5.445533333333334,9.9991,66.4641
pa-repro-fp32-v1,FP32-FINAL-CPU-STREAM128-S1-r1,outputs/pa-repro-fp32-v1/FP32-FINAL-CPU-STREAM128-S1-r1,Partial Actor residency / CPU Adam / 128 MiB / one slot,failed,1,1786344146.582201,1786344150.7538323,4.170597992837429,Qwen/Qwen2.5-0.5B-Instruct,1,2,single_gpu_unwrapped,fp32,float32,True,True,False,False,False,True,True,128,1,True,True,True,,False,False,,True,False,False,0,,,,,,,,
pa-repro-fp32-v1,FP32-FINAL-CPU-STREAM128-S1-r2,outputs/pa-repro-fp32-v1/FP32-FINAL-CPU-STREAM128-S1-r2,Partial Actor residency / CPU Adam / 128 MiB / one slot,failed,1,1786344150.7549622,1786344154.9537191,4.1980994790792465,Qwen/Qwen2.5-0.5B-Instruct,2,2,single_gpu_unwrapped,fp32,float32,True,True,False,False,False,True,True,128,1,True,True,True,,False,False,,True,False,False,0,,,,,,,,
pa-repro-fp32-v1,FP32-FINAL-CPU-STREAM128-S1-r3,outputs/pa-repro-fp32-v1/FP32-FINAL-CPU-STREAM128-S1-r3,Partial Actor residency / CPU Adam / 128 MiB / one slot,failed,1,1786344154.9543614,1786344159.1639407,4.208961248397827,Qwen/Qwen2.5-0.5B-Instruct,3,2,single_gpu_unwrapped,fp32,float32,True,True,False,False,False,True,True,128,1,True,True,True,,False,False,,True,False,False,0,,,,,,,,
pa-repro-fp32-v1,FP32-FINAL-CPU-STREAM16-S1-r1,outputs/pa-repro-fp32-v1/FP32-FINAL-CPU-STREAM16-S1-r1,Partial Actor residency / CPU Adam / 16 MiB / one slot,failed,1,1786344133.9671323,1786344138.2021267,4.2343541122972965,Qwen/Qwen2.5-0.5B-Instruct,1,2,single_gpu_unwrapped,fp32,float32,True,True,False,False,False,True,True,16,1,True,True,True,,False,False,,True,False,False,0,,,,,,,,
pa-repro-fp32-v1,FP32-FINAL-CPU-STREAM16-S1-r2,outputs/pa-repro-fp32-v1/FP32-FINAL-CPU-STREAM16-S1-r2,Partial Actor residency / CPU Adam / 16 MiB / one slot,failed,1,1786344138.2031553,1786344142.3992224,4.195353742688894,Qwen/Qwen2.5-0.5B-Instruct,2,2,single_gpu_unwrapped,fp32,float32,True,True,False,False,False,True,True,16,1,True,True,True,,False,False,,True,False,False,0,,,,,,,,
pa-repro-fp32-v1,FP32-FINAL-CPU-STREAM16-S1-r3,outputs/pa-repro-fp32-v1/FP32-FINAL-CPU-STREAM16-S1-r3,Partial Actor residency / CPU Adam / 16 MiB / one slot,failed,1,1786344142.3998806,1786344146.5807812,4.179492589086294,Qwen/Qwen2.5-0.5B-Instruct,3,2,single_gpu_unwrapped,fp32,float32,True,True,False,False,False,True,True,16,1,True,True,True,,False,False,,True,False,False,0,,,,,,,,
pa-repro-fp32-v1,FP32-FINAL-CPU-STREAM64-S1-r1,outputs/pa-repro-fp32-v1/FP32-FINAL-CPU-STREAM64-S1-r1,Partial Actor residency / CPU Adam / 64 MiB / one slot,ok,0,1786342718.818434,1786343068.0995889,349.2489734441042,Qwen/Qwen2.5-0.5B-Instruct,1,2,single_gpu_unwrapped,fp32,float32,True,True,False,False,False,True,True,64,1,True,True,True,,False,False,,True,False,False,30,0.06256666666666666,0.7249,3.592833333333333,3.443,5.082,5.223133333333333,9.887066666666668,67.46463333333334
pa-repro-fp32-v1,FP32-FINAL-CPU-STREAM64-S1-r2,outputs/pa-repro-fp32-v1/FP32-FINAL-CPU-STREAM64-S1-r2,Partial Actor residency / CPU Adam / 64 MiB / one slot,ok,0,1786343068.1012123,1786343424.413434,356.14744041860104,Qwen/Qwen2.5-0.5B-Instruct,2,2,single_gpu_unwrapped,fp32,float32,True,True,False,False,False,True,True,64,1,True,True,True,,False,False,,True,False,False,30,0.0603,0.7310666666666666,3.7073666666666667,3.443,5.082,5.343766666666666,10.115933333333333,65.9217
pa-repro-fp32-v1,FP32-FINAL-CPU-STREAM64-S1-r3,outputs/pa-repro-fp32-v1/FP32-FINAL-CPU-STREAM64-S1-r3,Partial Actor residency / CPU Adam / 64 MiB / one slot,ok,0,1786343424.4147792,1786343759.432067,334.85094714537263,Qwen/Qwen2.5-0.5B-Instruct,3,2,single_gpu_unwrapped,fp32,float32,True,True,False,False,False,True,True,64,1,True,True,True,,False,False,,True,False,False,30,0.06116666666666667,0.7268333333333333,3.237233333333333,3.443,5.082,4.8727,9.418733333333334,70.8823
pa-repro-fp32-v1,FP32-FINAL-CPU-STREAM64-r1,outputs/pa-repro-fp32-v1/FP32-FINAL-CPU-STREAM64-r1,Partial Actor residency / CPU Adam / 64 MiB / two slots,ok,0,1786254435.5748477,1786254785.9949307,350.35585034638643,Qwen/Qwen2.5-0.5B-Instruct,1,2,single_gpu_unwrapped,fp32,float32,True,True,False,False,False,True,True,64,2,True,True,True,,False,False,,True,False,False,30,0.0601,0.6708000000000001,3.6886666666666668,3.506,5.145,5.290566666666667,9.928633333333334,67.09786666666666
pa-repro-fp32-v1,FP32-FINAL-CPU-STREAM64-r2,outputs/pa-repro-fp32-v1/FP32-FINAL-CPU-STREAM64-r2,Partial Actor residency / CPU Adam / 64 MiB / two slots,ok,0,1786254785.9961278,1786255136.0802176,349.8690868243575,Qwen/Qwen2.5-0.5B-Instruct,2,2,single_gpu_unwrapped,fp32,float32,True,True,False,False,False,True,True,64,2,True,True,True,,False,False,,True,False,False,30,0.0575,0.675,3.6917666666666666,3.506,5.145,5.290166666666667,9.909633333333334,67.0729
pa-repro-fp32-v1,FP32-FINAL-CPU-STREAM64-r3,outputs/pa-repro-fp32-v1/FP32-FINAL-CPU-STREAM64-r3,Partial Actor residency / CPU Adam / 64 MiB / two slots,ok,0,1786255136.081754,1786255497.913408,361.6167981401086,Qwen/Qwen2.5-0.5B-Instruct,3,2,single_gpu_unwrapped,fp32,float32,True,True,False,False,False,True,True,64,2,True,True,True,,False,False,,True,False,False,30,0.06193333333333333,0.6931666666666667,3.6873666666666667,3.506,5.145,5.303466666666667,10.289866666666667,64.8065
pa-repro-fp32-v1,FP32-FINAL-GPU-OPT-r1,outputs/pa-repro-fp32-v1/FP32-FINAL-GPU-OPT-r1,Partial Actor residency / Reference phase / GPU Adam,ok,0,1786252795.5597534,1786253002.4423585,206.71784433722496,Qwen/Qwen2.5-0.5B-Instruct,1,2,single_gpu_unwrapped,fp32,float32,True,True,False,False,False,True,,,,,,,,,,,True,False,False,30,0.06576666666666667,0.22516666666666668,0.07896666666666667,8.406,8.857,0.9809666666666667,5.6180666666666665,118.3682
pa-repro-fp32-v1,FP32-FINAL-GPU-OPT-r2,outputs/pa-repro-fp32-v1/FP32-FINAL-GPU-OPT-r2,Partial Actor residency / Reference phase / GPU Adam,ok,0,1786253002.4439852,1786253207.0547428,204.5459720827639,Qwen/Qwen2.5-0.5B-Instruct,2,2,single_gpu_unwrapped,fp32,float32,True,True,False,False,False,True,,,,,,,,,,,True,False,False,30,0.06676666666666667,0.22833333333333333,0.07893333333333333,8.406,8.857,0.9856333333333334,5.539833333333333,120.08393333333333
pa-repro-fp32-v1,FP32-FINAL-GPU-OPT-r3,outputs/pa-repro-fp32-v1/FP32-FINAL-GPU-OPT-r3,Partial Actor residency / Reference phase / GPU Adam,ok,0,1786253207.056338,1786253411.9774878,204.75645656883717,Qwen/Qwen2.5-0.5B-Instruct,3,2,single_gpu_unwrapped,fp32,float32,True,True,False,False,False,True,,,,,,,,,,,True,False,False,30,0.06613333333333334,0.22503333333333334,0.079,8.406,8.857,0.9837,5.554333333333333,119.94126666666666
pa-repro-fp32-v1,FP32-R-CCC-r1,outputs/pa-repro-fp32-v1/FP32-R-CCC-r1,Actor phase / Reference phase / Adam swap,ok,0,1786252054.140758,1786252304.8999767,250.64447942376137,Qwen/Qwen2.5-0.5B-Instruct,1,2,single_gpu_unwrapped,fp32,float32,True,True,True,False,False,,,,,,,,,,,,True,False,False,30,0.0716,0.22703333333333334,0.12940000000000002,8.403,8.945,1.4322666666666666,6.922233333333334,96.57333333333334
pa-repro-fp32-v1,FP32-R-CCC-r2,outputs/pa-repro-fp32-v1/FP32-R-CCC-r2,Actor phase / Reference phase / Adam swap,ok,0,1786252304.9008389,1786252549.78508,244.76988899707794,Qwen/Qwen2.5-0.5B-Instruct,2,2,single_gpu_unwrapped,fp32,float32,True,True,True,False,False,,,,,,,,,,,,True,False,False,30,0.0642,0.22046666666666667,0.1271,8.403,8.945,1.4154333333333333,6.744366666666667,99.12576666666666
pa-repro-fp32-v1,FP32-R-CCC-r3,outputs/pa-repro-fp32-v1/FP32-R-CCC-r3,Actor phase / Reference phase / Adam swap,ok,0,1786252549.7857165,1786252795.5580606,245.6580644287169,Qwen/Qwen2.5-0.5B-Instruct,3,2,single_gpu_unwrapped,fp32,float32,True,True,True,False,False,,,,,,,,,,,,True,False,False,30,0.06596666666666667,0.2224,0.1266,8.403,8.945,1.4236333333333333,6.770333333333333,98.62593333333334
pa-repro-fp32-v1,FP32-R-CCG-r1,outputs/pa-repro-fp32-v1/FP32-R-CCG-r1,Actor phase / Reference phase / Adam GPU,ok,0,1786251402.9882796,1786251621.159091,218.00595860928297,Qwen/Qwen2.5-0.5B-Instruct,1,2,single_gpu_unwrapped,fp32,float32,True,True,False,False,False,,,,,,,,,,,,True,False,False,30,0.064,0.22216666666666665,0.079,8.406,8.857,0.9810666666666666,5.956766666666667,111.7259
pa-repro-fp32-v1,FP32-R-CCG-r2,outputs/pa-repro-fp32-v1/FP32-R-CCG-r2,Actor phase / Reference phase / Adam GPU,ok,0,1786251621.1606727,1786251837.4902968,216.21511988714337,Qwen/Qwen2.5-0.5B-Instruct,2,2,single_gpu_unwrapped,fp32,float32,True,True,False,False,False,,,,,,,,,,,,True,False,False,30,0.06493333333333333,0.21843333333333334,0.079,8.406,8.857,0.9776333333333334,5.903266666666666,112.93299999999999
pa-repro-fp32-v1,FP32-R-CCG-r3,outputs/pa-repro-fp32-v1/FP32-R-CCG-r3,Actor phase / Reference phase / Adam GPU,ok,0,1786251837.4918168,1786252054.1391544,216.4825435243547,Qwen/Qwen2.5-0.5B-Instruct,3,2,single_gpu_unwrapped,fp32,float32,True,True,False,False,False,,,,,,,,,,,,True,False,False,30,0.066,0.22163333333333332,0.0789,8.406,8.857,0.9843,5.9072000000000005,113.17806666666667
pa-repro-fp32-v1,FP32-R-CGC-r1,outputs/pa-repro-fp32-v1/FP32-R-CGC-r1,Actor phase / Reference GPU / Adam swap,ok,0,1786250700.561328,1786250935.8467698,235.07042668759823,Qwen/Qwen2.5-0.5B-Instruct,1,2,single_gpu_unwrapped,fp32,float32,True,False,True,False,False,,,,,,,,,,,,True,False,False,30,0.0706,0.22613333333333333,0.12836666666666666,10.246,11.02,1.4342,6.475333333333333,102.51106666666666
pa-repro-fp32-v1,FP32-R-CGC-r2,outputs/pa-repro-fp32-v1/FP32-R-CGC-r2,Actor phase / Reference GPU / Adam swap,ok,0,1786250935.848562,1786251171.4409773,235.37732879817486,Qwen/Qwen2.5-0.5B-Instruct,2,2,single_gpu_unwrapped,fp32,float32,True,False,True,False,False,,,,,,,,,,,,True,False,False,30,0.06803333333333333,0.23483333333333334,0.1273,10.246,11.02,1.4392333333333334,6.482333333333333,103.13063333333334
pa-repro-fp32-v1,FP32-R-CGC-r3,outputs/pa-repro-fp32-v1/FP32-R-CGC-r3,Actor phase / Reference GPU / Adam swap,ok,0,1786251171.4425972,1786251402.986623,231.37911204993725,Qwen/Qwen2.5-0.5B-Instruct,3,2,single_gpu_unwrapped,fp32,float32,True,False,True,False,False,,,,,,,,,,,,True,False,False,30,0.0638,0.23576666666666668,0.12726666666666667,10.246,11.02,1.4369333333333334,6.359533333333333,104.29366666666667
pa-repro-fp32-v1,FP32-R-CGG-r1,outputs/pa-repro-fp32-v1/FP32-R-CGG-r1,Actor phase / Reference GPU / Adam GPU,ok,0,1786250091.7620287,1786250293.0650847,201.08840008452535,Qwen/Qwen2.5-0.5B-Instruct,1,2,single_gpu_unwrapped,fp32,float32,True,False,False,False,False,,,,,,,,,,,,True,False,False,30,0.06553333333333333,0.22976666666666667,0.07886666666666667,10.248,10.805,0.9843999999999999,5.476533333333333,121.1872
pa-repro-fp32-v1,FP32-R-CGG-r2,outputs/pa-repro-fp32-v1/FP32-R-CGG-r2,Actor phase / Reference GPU / Adam GPU,ok,0,1786250293.0667915,1786250496.7033231,203.5215835571289,Qwen/Qwen2.5-0.5B-Instruct,2,2,single_gpu_unwrapped,fp32,float32,True,False,False,False,False,,,,,,,,,,,,True,False,False,30,0.06543333333333333,0.22896666666666665,0.079,10.248,10.805,0.9842,5.551033333333334,120.1982
pa-repro-fp32-v1,FP32-R-CGG-r3,outputs/pa-repro-fp32-v1/FP32-R-CGG-r3,Actor phase / Reference GPU / Adam GPU,ok,0,1786250496.7047694,1786250700.5591383,203.7396590001881,Qwen/Qwen2.5-0.5B-Instruct,3,2,single_gpu_unwrapped,fp32,float32,True,False,False,False,False,,,,,,,,,,,,True,False,False,30,0.068,0.22216666666666668,0.07896666666666667,10.248,10.805,0.9825666666666666,5.554133333333334,120.3948
pa-repro-fp32-v1,FP32-R-GCC-r1,outputs/pa-repro-fp32-v1/FP32-R-GCC-r1,Actor GPU / Reference phase / Adam swap,ok,0,1786249458.1573174,1786249668.815059,210.54285164177418,Qwen/Qwen2.5-0.5B-Instruct,1,2,single_gpu_unwrapped,fp32,float32,False,True,True,False,False,,,,,,,,,,,,True,False,False,30,0.07036666666666666,0.23373333333333335,0.12823333333333334,8.405,9.064,0.9493,5.722333333333333,116.566
pa-repro-fp32-v1,FP32-R-GCC-r2,outputs/pa-repro-fp32-v1/FP32-R-GCC-r2,Actor GPU / Reference phase / Adam swap,ok,0,1786249668.816684,1786249882.046099,213.01456305757165,Qwen/Qwen2.5-0.5B-Instruct,2,2,single_gpu_unwrapped,fp32,float32,False,True,True,False,False,,,,,,,,,,,,True,False,False,30,0.0704,0.2379,0.1282,8.405,9.064,0.9418333333333333,5.7897,114.66403333333334
pa-repro-fp32-v1,FP32-R-GCC-r3,outputs/pa-repro-fp32-v1/FP32-R-GCC-r3,Actor GPU / Reference phase / Adam swap,ok,0,1786249882.0476675,1786250091.760558,209.5980374328792,Qwen/Qwen2.5-0.5B-Instruct,3,2,single_gpu_unwrapped,fp32,float32,False,True,True,False,False,,,,,,,,,,,,True,False,False,30,0.07056666666666667,0.22616666666666665,0.12733333333333333,8.405,9.064,0.9426,5.685833333333333,117.58596666666666
pa-repro-fp32-v1,FP32-R-GCG-r1,outputs/pa-repro-fp32-v1/FP32-R-GCG-r1,Actor GPU / Reference phase / Adam GPU,ok,0,1786248905.4220653,1786249090.6917026,185.15480771660805,Qwen/Qwen2.5-0.5B-Instruct,1,2,single_gpu_unwrapped,fp32,float32,False,True,False,False,False,,,,,,,,,,,,True,False,False,30,0.0611,0.22306666666666666,0.079,8.404,9.176,0.5586666666666666,4.9845,133.9898
pa-repro-fp32-v1,FP32-R-GCG-r2,outputs/pa-repro-fp32-v1/FP32-R-GCG-r2,Actor GPU / Reference phase / Adam GPU,ok,0,1786249090.693308,1786249274.2925296,183.53448363021016,Qwen/Qwen2.5-0.5B-Instruct,2,2,single_gpu_unwrapped,fp32,float32,False,True,False,False,False,,,,,,,,,,,,True,False,False,30,0.0599,0.22926666666666667,0.0789,8.404,9.176,0.5582333333333334,4.921466666666666,135.30616666666666
pa-repro-fp32-v1,FP32-R-GCG-r3,outputs/pa-repro-fp32-v1/FP32-R-GCG-r3,Actor GPU / Reference phase / Adam GPU,ok,0,1786249274.294024,1786249458.1557117,183.6968068368733,Qwen/Qwen2.5-0.5B-Instruct,3,2,single_gpu_unwrapped,fp32,float32,False,True,False,False,False,,,,,,,,,,,,True,False,False,30,0.06283333333333334,0.2231,0.07893333333333333,8.404,9.176,0.5653,4.963266666666667,134.05696666666665
pa-repro-fp32-v1,FP32-R-GGC-r1,outputs/pa-repro-fp32-v1/FP32-R-GGC-r1,Actor GPU / Reference GPU / Adam swap,ok,0,1786248314.1058636,1786248513.4130454,199.2745231203735,Qwen/Qwen2.5-0.5B-Instruct,1,2,single_gpu_unwrapped,fp32,float32,False,False,True,False,False,,,,,,,,,,,,True,False,False,30,0.07526666666666666,0.2275,0.12836666666666666,10.246,11.012,0.9432,5.4027,123.46143333333333
pa-repro-fp32-v1,FP32-R-GGC-r2,outputs/pa-repro-fp32-v1/FP32-R-GGC-r2,Actor GPU / Reference GPU / Adam swap,ok,0,1786248513.4144878,1786248710.7137291,197.08440743014216,Qwen/Qwen2.5-0.5B-Instruct,2,2,single_gpu_unwrapped,fp32,float32,False,False,True,False,False,,,,,,,,,,,,True,False,False,30,0.07056666666666667,0.23283333333333334,0.1281,10.246,11.012,0.9412,5.3313999999999995,125.07536666666667
pa-repro-fp32-v1,FP32-R-GGC-r3,outputs/pa-repro-fp32-v1/FP32-R-GGC-r3,Actor GPU / Reference GPU / Adam swap,ok,0,1786248710.7152383,1786248905.420346,194.54016457498074,Qwen/Qwen2.5-0.5B-Instruct,3,2,single_gpu_unwrapped,fp32,float32,False,False,True,False,False,,,,,,,,,,,,True,False,False,30,0.06796666666666666,0.23833333333333334,0.12716666666666668,10.246,11.012,0.9432,5.2505999999999995,126.8464
pa-repro-fp32-v1,FP32-R-GGG-r1,outputs/pa-repro-fp32-v1/FP32-R-GGG-r1,Actor GPU / Reference GPU / Adam GPU,ok,0,1786247806.7448697,1786247974.5573554,167.64815790206194,Qwen/Qwen2.5-0.5B-Instruct,1,2,single_gpu_unwrapped,fp32,float32,False,False,False,False,False,,,,,,,,,,,,True,False,False,30,0.057999999999999996,0.21006666666666665,0.079,10.242,11.051,0.545,4.4631,148.97456666666668
pa-repro-fp32-v1,FP32-R-GGG-r2,outputs/pa-repro-fp32-v1/FP32-R-GGG-r2,Actor GPU / Reference GPU / Adam GPU,ok,0,1786247974.5589182,1786248142.6449344,167.9210476949811,Qwen/Qwen2.5-0.5B-Instruct,2,2,single_gpu_unwrapped,fp32,float32,False,False,False,False,False,,,,,,,,,,,,True,False,False,30,0.05776666666666667,0.21156666666666665,0.079,10.242,11.051,0.5518333333333334,4.4718,149.51513333333332
pa-repro-fp32-v1,FP32-R-GGG-r3,outputs/pa-repro-fp32-v1/FP32-R-GGG-r3,Actor GPU / Reference GPU / Adam GPU,ok,0,1786248142.64644,1786248314.1042626,171.24140400066972,Qwen/Qwen2.5-0.5B-Instruct,3,2,single_gpu_unwrapped,fp32,float32,False,False,False,False,False,,,,,,,,,,,,True,False,False,30,0.0606,0.21643333333333334,0.07896666666666667,10.242,11.051,0.5561666666666667,4.579866666666667,145.2847
pa-saved-activation-probe-fp32-v1,FP32-LATE-CCC-ACTON-r1,outputs/pa-saved-activation-probe-fp32-v1/FP32-LATE-CCC-ACTON-r1,Phase offload / activation resident,ok,0,1786342127.509224,1786342177.82652,50.3094241656363,Qwen/Qwen2.5-0.5B-Instruct,1,1,single_gpu_unwrapped,fp32,float32,True,True,True,False,False,,,,,,,,,,,,True,False,False,1,0.065,0.206,0.173,8.405,8.793,2.476,7.602,87.077
pa-stream-bucket-sweep-nt-v1,STREAM128-S2-NT-r1,outputs/pa-stream-bucket-sweep-nt-v1/STREAM128-S2-NT-r1,128 MiB / 2 slots / no telemetry,ok,0,1786520473.3294065,1786520572.0548596,98.6106780283153,Qwen/Qwen2.5-0.5B-Instruct,1,2,single_gpu_unwrapped,fp32,float32,True,True,False,False,False,True,True,128,2,True,True,True,,False,False,False,True,False,False,4,0.09075,0.4555,3.7415000000000003,3.617,5.262,5.14225,9.869250000000001,64.70625
pa-stream-bucket-sweep-nt-v1,STREAM16-S2-NT-r1,outputs/pa-stream-bucket-sweep-nt-v1/STREAM16-S2-NT-r1,16 MiB / 2 slots / no telemetry,ok,0,1786520277.8667953,1786520375.8603096,97.77860521525145,Qwen/Qwen2.5-0.5B-Instruct,1,2,single_gpu_unwrapped,fp32,float32,True,True,False,False,False,True,True,16,2,True,True,True,,False,False,False,True,False,False,4,0.08374999999999999,0.534,3.758,3.394,5.023,5.215,9.785,65.33425
pa-stream-bucket-sweep-nt-v1,STREAM32-S2-NT-r1,outputs/pa-stream-bucket-sweep-nt-v1/STREAM32-S2-NT-r1,32 MiB / 2 slots / no telemetry,ok,0,1786520375.8616886,1786520473.3278425,97.35137631371617,Qwen/Qwen2.5-0.5B-Instruct,1,2,single_gpu_unwrapped,fp32,float32,True,True,False,False,False,True,True,32,2,True,True,True,,False,False,False,True,False,False,4,0.08675,0.4635,3.73175,3.428,5.066,5.1232500000000005,9.725,66.51975
pa-stream-bucket-sweep-nt-v1,STREAM8-S2-NT-r1,outputs/pa-stream-bucket-sweep-nt-v1/STREAM8-S2-NT-r1,8 MiB / 2 slots / no telemetry,ok,0,1786520178.4086492,1786520277.865272,99.39227483794093,Qwen/Qwen2.5-0.5B-Instruct,1,2,single_gpu_unwrapped,fp32,float32,True,True,False,False,False,True,True,8,2,True,True,True,,False,False,False,True,False,False,4,0.0915,0.50225,3.6957500000000003,3.394,5.023,5.1232500000000005,9.86225,65.63775
pa-stream-direct-final-sweep-v1,STREAM128-S3-DIRECT-NT-r1,outputs/pa-stream-direct-final-sweep-v1/STREAM128-S3-DIRECT-NT-r1,128 MiB / 3 slots / direct CPU gradients,ok,0,1786521061.5759003,1786521157.0449817,95.35470193624496,Qwen/Qwen2.5-0.5B-Instruct,1,2,single_gpu_unwrapped,fp32,float32,True,True,False,False,False,True,True,128,3,True,True,True,True,False,False,False,True,False,False,4,0.11175,0.278,3.45875,3.735,5.381,4.4712499999999995,9.160499999999999,70.68
pa-stream-direct-final-sweep-v1,STREAM128-S4-DIRECT-NT-r1,outputs/pa-stream-direct-final-sweep-v1/STREAM128-S4-DIRECT-NT-r1,128 MiB / 4 slots / direct CPU gradients,ok,0,1786521157.0465593,1786521252.6588547,95.39731683954597,Qwen/Qwen2.5-0.5B-Instruct,1,2,single_gpu_unwrapped,fp32,float32,True,True,False,False,False,True,True,128,4,True,True,True,True,False,False,False,True,False,False,4,0.09025,0.27025,3.67775,3.853,5.5,4.7015,9.383000000000001,68.94925
pa-stream-direct-final-sweep-v1,STREAM256-S2-DIRECT-NT-r1,outputs/pa-stream-direct-final-sweep-v1/STREAM256-S2-DIRECT-NT-r1,256 MiB / 2 slots / direct CPU gradients,ok,0,1786521252.6604655,1786521348.075577,95.3002528436482,Qwen/Qwen2.5-0.5B-Instruct,1,2,single_gpu_unwrapped,fp32,float32,True,True,False,False,False,True,True,256,2,True,True,True,True,False,False,False,True,False,False,4,0.0965,0.306,3.6845,3.873,5.52,4.69775,9.374,69.01625
pa-stream-foreach-test-v1,STREAM128-S3-DIRECT-NT-r1,outputs/pa-stream-foreach-test-v1/STREAM128-S3-DIRECT-NT-r1,128 MiB / 3 slots / direct CPU gradients,ok,0,1786521400.5438058,1786521495.6867287,94.92834381386638,Qwen/Qwen2.5-0.5B-Instruct,1,2,single_gpu_unwrapped,fp32,float32,True,True,False,False,False,True,True,128,3,True,True,True,True,False,False,False,True,False,False,4,0.0865,0.27525,3.69475,3.735,5.381,4.709,9.34825,69.22825
pa-stream-optimized-final-v1,STREAM128-S3-DIRECT-NT-r1,outputs/pa-stream-optimized-final-v1/STREAM128-S3-DIRECT-NT-r1,128 MiB / 3 slots / direct CPU gradients,ok,0,1786521537.6151786,1786521670.0644183,132.28474170714617,Qwen/Qwen2.5-0.5B-Instruct,1,2,single_gpu_unwrapped,fp32,float32,True,True,False,False,False,True,True,128,3,True,True,True,True,False,False,False,True,False,False,8,0.074875,0.287625,3.42175,3.735,5.381,4.433875,9.141,72.17637500000001
pa-stream-optimized-final-v1,STREAM128-S3-DIRECT-NT-r2,outputs/pa-stream-optimized-final-v1/STREAM128-S3-DIRECT-NT-r2,128 MiB / 3 slots / direct CPU gradients,ok,0,1786521670.0659134,1786521803.9966223,133.81591130793095,Qwen/Qwen2.5-0.5B-Instruct,2,2,single_gpu_unwrapped,fp32,float32,True,True,False,False,False,True,True,128,3,True,True,True,True,False,False,False,True,False,False,8,0.072375,0.284125,3.7045,3.735,5.381,4.69575,9.4555,70.74025
pa-stream-optimized-final-v1,STREAM128-S3-DIRECT-NT-r3,outputs/pa-stream-optimized-final-v1/STREAM128-S3-DIRECT-NT-r3,128 MiB / 3 slots / direct CPU gradients,ok,0,1786521803.9981105,1786521936.8533273,132.8226274251938,Qwen/Qwen2.5-0.5B-Instruct,3,2,single_gpu_unwrapped,fp32,float32,True,True,False,False,False,True,True,128,3,True,True,True,True,False,False,False,True,False,False,8,0.0845,0.28525,3.69275,3.735,5.381,4.714125,9.42375,70.43712500000001
pa-stream-optimized-phase-v1,STREAM128-S3-DIRECT-DIAG-r1,outputs/pa-stream-optimized-phase-v1/STREAM128-S3-DIRECT-DIAG-r1,128 MiB / 3 slots / direct CPU gradients / diagnostic,ok,0,1786521973.6217377,1786522069.8459466,96.00984620302916,Qwen/Qwen2.5-0.5B-Instruct,1,2,single_gpu_unwrapped,fp32,float32,True,True,False,False,False,True,True,128,3,True,True,True,True,False,False,True,True,False,False,4,0.08549999999999999,0.35575,3.71025,3.735,5.381,4.772,9.513,68.00925
pa-stream128-direct-nt-v1,STREAM128-S2-DIRECT-NT-r1,outputs/pa-stream128-direct-nt-v1/STREAM128-S2-DIRECT-NT-r1,128 MiB / 2 slots / direct CPU gradients,ok,0,1786520811.2277544,1786520906.199871,94.80765410140157,Qwen/Qwen2.5-0.5B-Instruct,1,2,single_gpu_unwrapped,fp32,float32,True,True,False,False,False,True,True,128,2,True,True,True,True,False,False,False,True,False,False,4,0.09875,0.2875,3.6915,3.617,5.262,4.68525,9.315249999999999,69.4495
pa-stream16-lazy-final-v1,STREAM16-S3-DIRECT-LAZY-r1,outputs/pa-stream16-lazy-final-v1/STREAM16-S3-DIRECT-LAZY-r1,16 MiB / 3 slots / direct CPU gradients / lazy packing buffers,ok,0,1786583921.1815598,1786584224.0767267,302.73029167205095,Qwen/Qwen2.5-0.5B-Instruct,1,2,single_gpu_unwrapped,fp32,float32,True,True,False,False,False,True,True,16,3,True,True,True,True,False,False,False,False,False,False,28,0.067,0.28367857142857145,3.179607142857143,3.4021785714285713,5.02,4.110857142857143,8.7345,76.28689285714286
pa-stream16-lazy-final-v1,STREAM16-S3-DIRECT-LAZY-r2,outputs/pa-stream16-lazy-final-v1/STREAM16-S3-DIRECT-LAZY-r2,16 MiB / 3 slots / direct CPU gradients / lazy packing buffers,ok,0,1786584224.0782487,1786584529.5044842,305.2613904327154,Qwen/Qwen2.5-0.5B-Instruct,2,2,single_gpu_unwrapped,fp32,float32,True,True,False,False,False,True,True,16,3,True,True,True,True,False,False,False,False,False,False,28,0.06539285714285714,0.29035714285714287,3.1374642857142856,3.4021785714285713,5.02,4.077357142857143,8.84142857142857,75.84121428571429
pa-stream16-lazy-final-v1,STREAM16-S3-DIRECT-LAZY-r3,outputs/pa-stream16-lazy-final-v1/STREAM16-S3-DIRECT-LAZY-r3,16 MiB / 3 slots / direct CPU gradients / lazy packing buffers,ok,0,1786584529.5060003,1786584849.4294686,319.8588116876781,Qwen/Qwen2.5-0.5B-Instruct,3,2,single_gpu_unwrapped,fp32,float32,True,True,False,False,False,True,True,16,3,True,True,True,True,False,False,False,False,False,False,28,0.06982142857142858,0.28975,3.6888571428571426,3.401,5.02,4.629214285714285,9.347678571428572,71.73657142857142
pa-stream16-lazy-phase-v1,STREAM16-S3-DIRECT-LAZY-DIAG-r1,outputs/pa-stream16-lazy-phase-v1/STREAM16-S3-DIRECT-LAZY-DIAG-r1,16 MiB / 3 slots / direct CPU gradients / lazy diagnostic,ok,0,1786584939.3673956,1786585036.275154,96.79354806244373,Qwen/Qwen2.5-0.5B-Instruct,1,2,single_gpu_unwrapped,fp32,float32,True,True,False,False,False,True,True,16,3,True,True,True,True,False,False,True,True,False,False,4,0.058,0.5487500000000001,3.7475,3.401,5.02,4.97825,9.592749999999999,66.141
pa-stream64-2slot-no-telemetry-quick-v1,FP32-FINAL-CPU-STREAM64-S2-NOTELEMETRY-r1,outputs/pa-stream64-2slot-no-telemetry-quick-v1/FP32-FINAL-CPU-STREAM64-S2-NOTELEMETRY-r1,64 MiB two-slot streaming without detailed telemetry,ok,0,1786519397.0373797,1786519516.0603404,118.85872184485197,Qwen/Qwen2.5-0.5B-Instruct,1,2,single_gpu_unwrapped,fp32,float32,True,True,False,False,False,True,True,64,2,True,True,True,,False,False,False,True,False,False,6,0.08183333333333333,0.4696666666666667,3.73,3.506,5.145,5.123666666666667,9.775166666666667,68.06483333333334
pa-stream64-no-telemetry-quick-v1,FP32-FINAL-CPU-STREAM64-S1-NOTELEMETRY-r1,outputs/pa-stream64-no-telemetry-quick-v1/FP32-FINAL-CPU-STREAM64-S1-NOTELEMETRY-r1,64 MiB one-slot streaming without detailed telemetry,ok,0,1786519203.0921807,1786519320.987185,117.68055318668485,Qwen/Qwen2.5-0.5B-Instruct,1,2,single_gpu_unwrapped,fp32,float32,True,True,False,False,False,True,True,64,1,True,True,True,,False,False,False,True,False,False,6,0.0825,0.48950000000000005,3.745833333333333,3.443,5.082,5.1531666666666665,9.776166666666667,67.62416666666667
phase-best-vs-cpu-adamw-memory-v1,PHASE-BEST-GPU-ADAMW-r1,outputs/phase-best-vs-cpu-adamw-memory-v1/PHASE-BEST-GPU-ADAMW-r1,Phase offload best / late-load GPU AdamW,ok,0,1786594387.6001806,1786594626.8893569,239.1248664520681,Qwen/Qwen2.5-0.5B-Instruct,1,2,single_gpu_unwrapped,fp32,float32,True,True,True,False,False,False,,,,,,,,,,,True,False,False,28,0.06367857142857143,0.2131785714285714,0.12825,8.408,8.83,1.8014642857142857,6.757821428571429,98.90696428571428
phase-best-vs-cpu-adamw-memory-v1,PHASE-BEST-PLUS-CPU-ADAMW-r1,outputs/phase-best-vs-cpu-adamw-memory-v1/PHASE-BEST-PLUS-CPU-ADAMW-r1,Phase offload best / CPU AdamW,ok,0,1786594626.8899698,1786594967.6177263,340.5633829385042,Qwen/Qwen2.5-0.5B-Instruct,1,2,single_gpu_unwrapped,fp32,float32,True,True,False,False,False,False,False,,,False,False,,,False,False,False,True,False,False,28,0.0635,0.21353571428571427,3.556857142857143,2.365,5.039,5.041571428571428,10.009678571428571,66.89189285714286
phase-best-vs-cpu-adamw-performance-v1,PHASE-BEST-GPU-ADAMW-r1,outputs/phase-best-vs-cpu-adamw-performance-v1/PHASE-BEST-GPU-ADAMW-r1,Phase offload best / late-load GPU AdamW,ok,0,1786588192.641487,1786588439.7252803,246.9693868868053,Qwen/Qwen2.5-0.5B-Instruct,1,2,single_gpu_unwrapped,fp32,float32,True,True,True,False,False,False,,,,,,,,,,,False,False,False,30,0.064,0.2124,0.12993333333333335,8.408,8.83,1.762,6.7992,98.3164
phase-best-vs-cpu-adamw-performance-v1,PHASE-BEST-GPU-ADAMW-r2,outputs/phase-best-vs-cpu-adamw-performance-v1/PHASE-BEST-GPU-ADAMW-r2,Phase offload best / late-load GPU AdamW,ok,0,1786588439.726705,1786588688.3516674,248.5102226510644,Qwen/Qwen2.5-0.5B-Instruct,2,2,single_gpu_unwrapped,fp32,float32,True,True,True,False,False,False,,,,,,,,,,,False,False,False,30,0.062066666666666666,0.21309999999999998,0.12866666666666668,8.408,8.83,1.7761333333333333,6.854966666666667,97.32903333333333
phase-best-vs-cpu-adamw-performance-v1,PHASE-BEST-GPU-ADAMW-r3,outputs/phase-best-vs-cpu-adamw-performance-v1/PHASE-BEST-GPU-ADAMW-r3,Phase offload best / late-load GPU AdamW,ok,0,1786588688.353101,1786588936.3198478,247.7517762593925,Qwen/Qwen2.5-0.5B-Instruct,3,2,single_gpu_unwrapped,fp32,float32,True,True,True,False,False,False,,,,,,,,,,,False,False,False,30,0.0642,0.21693333333333334,0.12913333333333335,8.408,8.83,1.7766333333333333,6.815366666666667,97.64026666666666
phase-best-vs-cpu-adamw-performance-v1,PHASE-BEST-PLUS-CPU-ADAMW-r1,outputs/phase-best-vs-cpu-adamw-performance-v1/PHASE-BEST-PLUS-CPU-ADAMW-r1,Phase offload best / CPU AdamW,ok,0,1786588936.3215253,1786589292.8021429,356.26553020998836,Qwen/Qwen2.5-0.5B-Instruct,1,2,single_gpu_unwrapped,fp32,float32,True,True,False,False,False,False,False,,,False,False,,,False,False,False,False,False,False,30,0.058366666666666664,0.21973333333333334,3.5329,4.721,5.039,5.0478000000000005,10.1288,65.90623333333333
phase-best-vs-cpu-adamw-performance-v1,PHASE-BEST-PLUS-CPU-ADAMW-r2,outputs/phase-best-vs-cpu-adamw-performance-v1/PHASE-BEST-PLUS-CPU-ADAMW-r2,Phase offload best / CPU AdamW,ok,0,1786589292.8037162,1786589657.0771787,364.10880433022976,Qwen/Qwen2.5-0.5B-Instruct,2,2,single_gpu_unwrapped,fp32,float32,True,True,False,False,False,False,False,,,False,False,,,False,False,False,False,False,False,30,0.0611,0.21506666666666666,3.5910333333333333,4.721,5.039,5.3792333333333335,10.3871,64.36383333333333
phase-best-vs-cpu-adamw-performance-v1,PHASE-BEST-PLUS-CPU-ADAMW-r3,outputs/phase-best-vs-cpu-adamw-performance-v1/PHASE-BEST-PLUS-CPU-ADAMW-r3,Phase offload best / CPU AdamW,ok,0,1786589657.079324,1786590012.5055478,355.3618151769042,Qwen/Qwen2.5-0.5B-Instruct,3,2,single_gpu_unwrapped,fp32,float32,True,True,False,False,False,False,False,,,False,False,,,False,False,False,False,False,False,30,0.057833333333333334,0.21913333333333332,3.5702333333333334,4.721,5.039,5.0877,10.096466666666666,66.0779
rootcause-abc-sequential-gpu1-v1,A-NOSTREAM-TELEMETRY-r1,outputs/rootcause-abc-sequential-gpu1-v1/a-nostream/A-NOSTREAM-TELEMETRY-r1,A no-stream serial Adam and H2D,ok,0,1786618535.540446,1786618869.543594,333.9390396103263,Qwen/Qwen2.5-0.5B-Instruct,1,2,single_gpu_unwrapped,fp32,float32,True,True,False,False,False,True,False,,,False,False,,,False,False,True,False,False,False,28,0.06857142857142857,0.22414285714285714,3.5791071428571426,4.721,5.039,5.050535714285714,9.797642857142858,68.45039285714286
rootcause-abc-sequential-gpu1-v1,B-STREAM16-SERIAL-TELEMETRY-r1,outputs/rootcause-abc-sequential-gpu1-v1/b-stream16-serial/B-STREAM16-SERIAL-TELEMETRY-r1,"B stream D2H, serial Adam and H2D",ok,0,1786618869.595367,1786619198.483534,328.8561071380973,Qwen/Qwen2.5-0.5B-Instruct,1,2,single_gpu_unwrapped,fp32,float32,True,True,False,False,False,True,True,16,3,True,True,True,True,False,False,True,False,False,False,28,0.07675,0.5758928571428571,3.7162142857142855,3.401,5.02,4.947642857142857,9.616178571428572,69.59975
rootcause-abc-sequential-gpu1-v1,C-STREAM16-PIPELINE-TELEMETRY-r1,outputs/rootcause-abc-sequential-gpu1-v1/c-stream16-pipeline/C-STREAM16-PIPELINE-TELEMETRY-r1,"C stream D2H, bucket Adam plus H2D overlap",ok,0,1786619198.5205235,1786619516.3508325,317.716060616076,Qwen/Qwen2.5-0.5B-Instruct,1,2,single_gpu_unwrapped,fp32,float32,True,True,False,False,False,True,True,16,3,True,True,True,True,True,True,True,False,False,False,28,0.07832142857142857,0.5738214285714286,3.4065714285714286,3.401,5.02,4.643535714285714,9.23317857142857,72.14792857142857
rootcause-abc-v1,A-NOSTREAM-TELEMETRY-r1,outputs/rootcause-abc-v1/a-nostream-gpu1/A-NOSTREAM-TELEMETRY-r1,A no-stream serial Adam and H2D,ok,0,1786618062.246984,1786618427.2387426,364.8773768246174,Qwen/Qwen2.5-0.5B-Instruct,1,2,single_gpu_unwrapped,fp32,float32,True,True,False,False,False,True,False,,,False,False,,,False,False,True,False,False,False,28,0.08235714285714285,0.22842857142857143,3.9066785714285714,4.721,5.039,5.364964285714286,10.757107142857143,62.00996428571428
rootcause-abc-v1,B-STREAM16-SERIAL-TELEMETRY-r1,outputs/rootcause-abc-v1/b-stream16-serial-gpu2/B-STREAM16-SERIAL-TELEMETRY-r1,"B stream D2H, serial Adam and H2D",ok,0,1786618063.2059338,1786618431.5136988,368.2755916081369,Qwen/Qwen2.5-0.5B-Instruct,1,2,single_gpu_unwrapped,fp32,float32,True,True,False,False,False,True,True,16,3,True,True,True,True,False,False,True,False,False,False,28,0.08542857142857142,0.7531428571428571,4.0895,3.401,5.02,5.567642857142857,10.849571428571428,61.699285714285715
rootcause-abc-v1,C-STREAM16-PIPELINE-TELEMETRY-r1,outputs/rootcause-abc-v1/c-stream16-pipeline-gpu3/C-STREAM16-PIPELINE-TELEMETRY-r1,"C stream D2H, bucket Adam plus H2D overlap",ok,0,1786618060.3997953,1786618418.0981393,357.6341794542968,Qwen/Qwen2.5-0.5B-Instruct,1,2,single_gpu_unwrapped,fp32,float32,True,True,False,False,False,True,True,16,3,True,True,True,True,True,True,True,False,False,False,28,0.08189285714285714,0.6812142857142857,3.791607142857143,3.401,5.02,5.176428571428572,10.454964285714286,64.15535714285714
stream16-pipeline-performance-3x-gpu1-v1,STREAM16-S3-PIPELINE-PERF-r1,outputs/stream16-pipeline-performance-3x-gpu1-v1/STREAM16-S3-PIPELINE-PERF-r1,16 MiB streaming with Adam-H2D overlap,ok,0,1786620018.6415126,1786620319.1210716,300.3150599114597,Qwen/Qwen2.5-0.5B-Instruct,1,2,single_gpu_unwrapped,fp32,float32,True,True,False,False,False,True,True,16,3,True,True,True,True,True,True,False,False,False,False,28,0.06714285714285714,0.2895,3.016178571428571,3.401,5.02,3.9552857142857145,8.649821428571428,77.40442857142857
stream16-pipeline-performance-3x-gpu1-v1,STREAM16-S3-PIPELINE-PERF-r2,outputs/stream16-pipeline-performance-3x-gpu1-v1/STREAM16-S3-PIPELINE-PERF-r2,16 MiB streaming with Adam-H2D overlap,ok,0,1786620319.1226394,1786620617.4549365,298.2174671255052,Qwen/Qwen2.5-0.5B-Instruct,2,2,single_gpu_unwrapped,fp32,float32,True,True,False,False,False,True,True,16,3,True,True,True,True,True,True,False,False,False,False,28,0.06889285714285714,0.28978571428571426,3.0280714285714287,3.401607142857143,5.02,3.973535714285714,8.580714285714286,78.10585714285715
stream16-pipeline-performance-3x-gpu1-v1,STREAM16-S3-PIPELINE-PERF-r3,outputs/stream16-pipeline-performance-3x-gpu1-v1/STREAM16-S3-PIPELINE-PERF-r3,16 MiB streaming with Adam-H2D overlap,ok,0,1786620617.4565086,1786620917.8939464,300.2725781276822,Qwen/Qwen2.5-0.5B-Instruct,3,2,single_gpu_unwrapped,fp32,float32,True,True,False,False,False,True,True,16,3,True,True,True,True,True,True,False,False,False,False,28,0.06403571428571428,0.2976785714285714,3.0165714285714285,3.4028214285714284,5.02,3.9642142857142857,8.655142857142858,77.47678571428571
stream16-pipeline-performance-once-gpu1-v1,STREAM16-S3-PIPELINE-PERF-r1,outputs/stream16-pipeline-performance-once-gpu1-v1/STREAM16-S3-PIPELINE-PERF-r1,16 MiB streaming with Adam-H2D overlap,ok,0,1786619549.7796376,1786619849.3563821,299.41231025755405,Qwen/Qwen2.5-0.5B-Instruct,1,2,single_gpu_unwrapped,fp32,float32,True,True,False,False,False,True,True,16,3,True,True,True,True,True,True,False,False,False,False,28,0.06732142857142857,0.29982142857142857,3.0282857142857145,3.4022142857142854,5.02,3.989785714285714,8.62175,77.58121428571428
stream16-s3-fresh-clone-telemetry-once-gpu1-v1,STREAM16-S3-FRESH-CLONE-TELEMETRY-ONCE-r1,outputs/stream16-s3-fresh-clone-telemetry-once-gpu1-v1/STREAM16-S3-FRESH-CLONE-TELEMETRY-ONCE-r1,16 MiB / 3 slots / fresh pageable gradient clone / telemetry,ok,0,1786616134.225751,1786616481.148812,346.7083316668868,Qwen/Qwen2.5-0.5B-Instruct,1,2,single_gpu_unwrapped,fp32,float32,True,True,False,False,False,True,True,16,3,True,True,True,True,False,False,True,False,False,False,28,0.06439285714285714,0.5717857142857143,3.731,3.401,5.02,5.577535714285714,10.232321428571428,65.43378571428572
stream16-s3-materialized-telemetry-once-gpu1-v1,STREAM16-S3-MATERIALIZED-TELEMETRY-ONCE-r1,outputs/stream16-s3-materialized-telemetry-once-gpu1-v1/STREAM16-S3-MATERIALIZED-TELEMETRY-ONCE-r1,16 MiB / 3 slots / persistent pageable gradients / telemetry,ok,0,1786613750.9134839,1786614091.7372365,340.7594257630408,Qwen/Qwen2.5-0.5B-Instruct,1,2,single_gpu_unwrapped,fp32,float32,True,True,False,False,False,True,True,16,3,True,True,True,True,False,False,True,False,False,False,28,0.06642857142857143,0.5776071428571429,3.7086785714285715,3.401,5.02,5.253535714285714,10.022678571428571,66.58660714285715
stream16-s3-materialized-telemetry-once-v1,STREAM16-S3-MATERIALIZED-TELEMETRY-ONCE-r1,outputs/stream16-s3-materialized-telemetry-once-v1/STREAM16-S3-MATERIALIZED-TELEMETRY-ONCE-r1,16 MiB / 3 slots / persistent pageable gradients / telemetry,failed,1,1786613612.0764487,1786613638.8830051,26.591947875916958,Qwen/Qwen2.5-0.5B-Instruct,1,2,single_gpu_unwrapped,fp32,float32,True,True,False,False,False,True,True,16,3,True,True,True,True,False,False,True,False,False,False,0,,,,,,,,
stream16-s3-pageable-telemetry-once-v1,STREAM16-S3-PAGEABLE-TELEMETRY-ONCE-r1,outputs/stream16-s3-pageable-telemetry-once-v1/STREAM16-S3-PAGEABLE-TELEMETRY-ONCE-r1,16 MiB / 3 slots / pageable master gradients / telemetry,ok,0,1786602234.7965078,1786602576.1147375,341.10377737507224,Qwen/Qwen2.5-0.5B-Instruct,1,2,single_gpu_unwrapped,fp32,float32,True,True,False,False,False,True,True,16,3,True,True,True,False,False,False,True,False,False,False,28,0.05821428571428571,0.8886071428571428,3.716107142857143,3.401,5.02,5.4677500000000006,10.022321428571429,66.81017857142858
zero-offload-z00-smoke,Z00-r1,outputs/zero-offload-z00-smoke/Z00-r1,,failed,1,1785914349.4298127,1785914387.1421475,37.648101810365915,Qwen/Qwen2.5-0.5B-Instruct,1,5,,,,False,False,False,False,False,,,,,,,,,,,,True,False,False,0,,,,,,,,
zero-offload-z01-z03-smoke,Z01-r1,outputs/zero-offload-z01-z03-smoke/Z01-r1,,ok,0,1785912393.9260278,1785912439.2846968,45.14393691346049,Qwen/Qwen2.5-0.5B-Instruct,1,5,,,,False,False,False,True,False,,,,,,,,,,,,True,False,False,0,,,,,,,,
zero-offload-z01-z03-smoke,Z02-r1,outputs/zero-offload-z01-z03-smoke/Z02-r1,,ok,0,1785912640.0320957,1785912685.9102366,45.71352165564895,Qwen/Qwen2.5-0.5B-Instruct,1,5,single_gpu_zero_offload,,,False,False,False,False,False,,False,,,False,,,,False,False,,True,False,False,0,,,,,,,,
zero-offload-z01-z03-smoke,Z03-r1,outputs/zero-offload-z01-z03-smoke/Z03-r1,,ok,0,1785912696.9119198,1785912742.6841514,45.658068519085646,Qwen/Qwen2.5-0.5B-Instruct,1,5,single_gpu_zero_offload,,,False,False,False,False,False,,True,64,,False,,,,False,False,,True,False,False,0,,,,,,,,
zero-offload-z01-z03-smoke-v2,Z02-r1,outputs/zero-offload-z01-z03-smoke-v2/Z02-r1,,ok,0,1785912796.5961473,1785912842.0727143,45.41249378398061,Qwen/Qwen2.5-0.5B-Instruct,1,5,single_gpu_zero_offload,,,False,False,False,False,False,,False,,,False,,,,False,False,,True,False,False,0,,,,,,,,
zero-offload-z03m-z04-precision-v1,Z03M-r1,outputs/zero-offload-z03m-z04-precision-v1/Z03M-r1,,ok,0,1785915440.3128831,1785915486.6262267,46.28131053596735,Qwen/Qwen2.5-0.5B-Instruct,1,0,single_gpu_zero_offload,,,False,False,False,False,False,,True,64,,False,False,,,False,False,,True,False,False,1,0.059,0.432,6.216,5.185,7.0,6.878,12.011,47.624
zero-offload-z03m-z04-precision-v1,Z04-r1,outputs/zero-offload-z03m-z04-precision-v1/Z04-r1,,ok,0,1785915486.627708,1785915533.5786695,46.91838250309229,Qwen/Qwen2.5-0.5B-Instruct,1,0,single_gpu_zero_offload,,,False,False,False,False,False,,True,64,2,True,True,,,False,False,,True,False,False,1,0.059,1.237,4.982,4.171,6.963,6.569,11.718,46.252
zero-offload-z04-z06-smoke,Z03M-r1,outputs/zero-offload-z04-z06-smoke/Z03M-r1,,ok,0,1785914119.286975,1785914166.5178103,47.0163879878819,Qwen/Qwen2.5-0.5B-Instruct,1,5,single_gpu_zero_offload,,,False,False,False,False,False,,True,64,,False,False,,,False,False,,True,False,False,0,,,,,,,,
zero-offload-z04-z06-smoke,Z04-r1,outputs/zero-offload-z04-z06-smoke/Z04-r1,,ok,0,1785913716.109654,1785913761.2483459,45.02437649667263,Qwen/Qwen2.5-0.5B-Instruct,1,5,single_gpu_zero_offload,,,False,False,False,False,False,,True,64,2,True,True,,,False,False,,True,False,False,0,,,,,,,,
zero-offload-z04-z06-smoke,Z05-r1,outputs/zero-offload-z04-z06-smoke/Z05-r1,,ok,0,1785913775.3477218,1785913824.91932,49.457278940826654,Qwen/Qwen2.5-0.5B-Instruct,1,5,single_gpu_zero_offload,,,False,False,False,False,False,,True,64,2,True,True,,,True,False,,True,False,False,0,,,,,,,,
zero-offload-z04-z06-smoke,Z06-r1,outputs/zero-offload-z04-z06-smoke/Z06-r1,,ok,0,1785913844.7585065,1785913893.5051994,48.632321272045374,Qwen/Qwen2.5-0.5B-Instruct,1,5,single_gpu_zero_offload,,,False,False,False,False,False,,True,64,2,True,True,,,True,True,,True,False,False,0,,,,,,,,
zero-offload-z06-stability-smoke,Z06-r1,outputs/zero-offload-z06-stability-smoke/Z06-r1,,ok,0,1785913946.586468,1785914017.469996,70.7192801758647,Qwen/Qwen2.5-0.5B-Instruct,1,0,single_gpu_zero_offload,,,False,False,False,False,False,,True,64,2,True,True,,,True,True,,True,False,False,3,0.23533333333333334,2.490666666666667,3.5613333333333332,3.899,6.128,7.069333333333334,12.128666666666668,51.17433333333333
